device_id,brand,os,usage_type,battery_capacity_wh,cpu_tdp_w,ram_gb,screen_size_inch,refresh_rate_hz,brightness_percent,cpu_usage_percent,gpu_usage_percent,wifi_on,bluetooth_on,temperature_c,battery_age_months,battery_health_percent,battery_life_hours
LAP00001,MSI,Windows,Office,58.3,25.3,8,15.7,120,58,100,4,1,1,43.8,51,92.4,2.57
LAP00002,ASUS,Linux,Office,76.9,33.4,64,15.9,90,99,46,84,1,1,44.0,13,98.1,3.55
LAP00003,Acer,Windows,Coding,95.7,54.5,16,13.8,90,60,63,71,1,1,40.9,26,90.9,2.99
LAP00004,MSI,Linux,Gaming,31.7,31.6,16,16.9,144,86,40,6,1,0,36.1,20,92.8,1.12
LAP00005,Lenovo,Windows,Office,76.3,16.3,16,14.9,165,55,38,38,1,1,39.6,22,96.4,4.04
LAP00006,Acer,macOS,Coding,54.4,8.0,16,17.1,60,23,6,1,1,1,28.0,34,89.6,5.0
LAP00007,Acer,Windows,Office,42.9,33.1,32,15.6,90,93,17,42,1,1,35.2,47,93.1,2.6
LAP00008,MSI,Windows,Video,60.5,26.0,8,17.3,165,32,47,11,1,0,36.3,7,100.0,2.56
LAP00009,Dell,Windows,Gaming,35.5,8.5,8,15.8,75,89,78,27,0,1,36.0,58,86.0,1.88
LAP00010,Lenovo,Linux,Gaming,36.4,39.1,8,14.7,60,26,61,18,1,1,38.7,11,94.6,1.16
LAP00011,MSI,Windows,Gaming,30.0,33.7,4,17.0,144,47,11,27,1,1,33.3,27,93.3,1.22
LAP00012,Lenovo,Windows,Browsing,63.2,24.9,16,15.2,144,78,63,98,0,1,47.9,40,87.7,3.22
LAP00013,Lenovo,Windows,Video,59.9,51.2,32,15.8,144,56,63,75,1,1,45.0,32,89.3,1.51
LAP00014,Acer,Windows,Video,42.8,37.3,16,15.1,60,34,55,91,1,1,48.1,32,91.1,1.71
LAP00015,ASUS,Windows,Browsing,77.9,13.1,64,14.2,75,49,7,89,1,1,39.1,8,94.6,7.59
LAP00016,Lenovo,Linux,Gaming,45.1,39.1,32,14.8,60,93,31,69,1,1,36.3,14,98.3,1.66
LAP00017,Apple,Windows,Browsing,74.2,28.1,16,16.0,60,31,82,18,1,0,39.9,9,97.0,4.62
LAP00018,Acer,Windows,Coding,56.8,47.7,16,16.4,75,100,58,63,1,1,45.0,48,91.8,1.79
LAP00019,Dell,Windows,Browsing,44.9,36.3,16,12.2,60,49,98,90,1,1,51.4,1,98.1,2.11
LAP00020,ASUS,Windows,Office,53.3,30.8,8,15.4,75,20,68,8,1,0,41.0,2,98.0,2.95
LAP00021,Apple,Windows,Video,36.2,30.1,16,14.9,120,55,38,40,1,1,40.3,22,94.9,1.58
LAP00022,Apple,Windows,Coding,58.3,10.7,16,13.1,144,40,27,49,1,1,38.1,9,99.0,3.88
LAP00023,Dell,Windows,Office,55.5,18.9,16,16.2,60,51,52,9,1,0,37.4,18,92.3,4.39
LAP00024,ASUS,Windows,Office,62.9,27.5,16,17.3,60,82,59,73,1,1,42.4,40,90.2,3.12
LAP00025,Acer,macOS,Video,68.2,8.5,8,17.1,60,32,21,96,1,1,43.3,17,92.9,4.65
LAP00026,HP,Windows,Browsing,56.7,30.6,16,11.7,60,56,83,81,1,1,47.4,34,91.8,2.81
LAP00027,ASUS,Windows,Office,32.9,16.1,8,15.5,60,63,66,53,1,1,36.1,40,87.7,2.14
LAP00028,Dell,Linux,Gaming,69.0,20.3,8,14.1,144,40,65,9,1,1,39.7,53,88.4,2.56
LAP00029,Apple,Linux,Video,55.2,33.5,16,14.4,60,37,65,6,1,1,41.0,58,85.2,2.19
LAP00030,Acer,Windows,Office,30.0,18.3,8,14.6,60,65,48,31,1,0,35.6,59,83.2,2.05
LAP00031,ASUS,Windows,Video,59.6,30.6,32,11.9,60,66,75,53,1,1,41.6,42,83.4,2.4
LAP00032,HP,Linux,Video,60.8,26.7,8,12.1,60,45,7,69,1,1,36.4,8,94.7,3.96
LAP00033,HP,Windows,Gaming,49.6,12.3,16,15.1,60,24,77,82,1,1,50.0,30,92.5,2.34
LAP00034,Lenovo,Windows,Coding,52.0,35.6,16,15.3,144,24,71,62,1,0,42.5,29,88.6,1.66
LAP00035,Lenovo,Windows,Browsing,46.1,36.2,8,14.7,144,50,12,33,1,1,33.2,36,90.5,2.95
LAP00036,MSI,Windows,Office,61.2,36.8,16,13.3,144,47,30,42,1,1,38.4,51,83.9,2.97
LAP00037,Dell,Windows,Office,57.1,47.9,16,14.4,90,96,19,4,1,1,33.2,49,86.8,2.87
LAP00038,ASUS,Linux,Coding,41.4,20.1,8,17.0,144,94,9,18,1,1,30.5,11,98.9,2.33
LAP00039,ASUS,Windows,Browsing,79.3,8.0,8,14.5,60,84,17,53,1,1,36.4,16,96.8,8.24
LAP00040,MSI,Windows,Coding,45.0,17.1,16,14.3,144,32,83,13,1,1,41.2,26,97.3,2.42
LAP00041,Apple,Windows,Office,30.0,36.5,8,16.7,60,37,16,9,1,1,36.4,20,95.7,2.25
LAP00042,Apple,Windows,Office,47.9,24.0,16,14.7,144,43,67,48,1,1,39.0,48,89.5,2.28
LAP00043,MSI,Linux,Gaming,70.5,8.1,32,16.0,60,48,12,10,1,0,32.5,47,86.0,4.87
LAP00044,Apple,Windows,Office,51.9,8.0,8,15.6,144,47,78,30,1,0,43.4,53,83.2,3.13
LAP00045,Lenovo,macOS,Browsing,30.5,42.0,16,13.8,90,64,38,65,1,1,43.0,26,93.8,1.65
LAP00046,ASUS,Windows,Video,39.6,32.3,16,13.6,60,30,76,9,0,1,38.0,53,88.6,1.64
LAP00047,MSI,Windows,Browsing,38.8,19.0,16,13.1,75,70,26,20,1,1,40.3,13,93.8,3.67
LAP00048,ASUS,Linux,Video,46.4,47.6,8,13.6,60,78,54,0,1,1,31.4,54,85.8,1.56
LAP00049,HP,Windows,Video,51.1,56.8,8,16.2,60,32,16,45,1,1,31.1,40,85.9,2.16
LAP00050,Lenovo,Windows,Office,62.4,37.4,4,13.8,60,66,26,94,0,1,41.3,53,84.4,3.38
LAP00051,Acer,Windows,Video,56.9,34.1,8,14.8,60,62,95,74,1,1,42.4,12,92.0,1.84
LAP00052,Lenovo,Windows,Coding,57.6,31.3,16,14.6,60,43,62,73,1,1,41.4,2,100.0,2.9
LAP00053,MSI,Linux,Office,81.7,35.3,8,15.5,60,67,86,19,1,1,43.3,23,98.7,3.35
LAP00054,Acer,macOS,Browsing,67.9,48.5,8,13.1,60,82,23,20,1,1,38.7,31,91.0,4.08
LAP00055,HP,Windows,Office,66.6,13.3,8,16.5,60,36,9,36,1,1,34.8,36,92.3,6.11
LAP00056,MSI,Windows,Gaming,30.0,20.9,8,17.0,60,88,20,100,1,1,41.5,55,87.1,1.26
LAP00057,Dell,Windows,Office,43.7,24.4,4,15.0,60,73,45,13,1,1,38.5,7,94.8,2.9
LAP00058,ASUS,Windows,Coding,31.0,31.9,8,11.9,165,33,78,57,1,1,39.1,34,89.8,1.19
LAP00059,HP,Linux,Coding,43.5,43.8,8,13.8,165,34,23,56,1,0,39.1,22,95.6,1.81
LAP00060,ASUS,Linux,Coding,66.9,30.0,16,15.4,144,92,69,56,1,1,42.8,15,95.7,2.68
LAP00061,Apple,Windows,Browsing,49.1,32.5,4,15.5,60,97,26,68,1,0,36.2,35,90.1,2.91
LAP00062,Dell,Windows,Office,71.1,33.1,16,14.6,120,29,21,69,1,0,35.2,8,100.0,4.29
LAP00063,Dell,Windows,Video,65.4,25.3,8,16.5,90,41,39,23,1,1,36.3,38,87.2,3.11
LAP00064,HP,Windows,Browsing,55.8,20.0,16,14.2,60,32,43,79,1,1,43.9,57,82.2,3.94
LAP00065,Dell,Linux,Browsing,71.4,25.9,4,16.4,165,100,77,59,1,1,47.2,17,96.2,3.42
LAP00066,Acer,Windows,Browsing,75.5,17.1,32,15.0,240,84,59,22,1,1,38.5,48,86.0,3.71
LAP00067,Dell,Linux,Office,61.8,17.4,16,14.2,120,33,9,46,1,0,37.9,53,88.2,4.41
LAP00068,ASUS,Windows,Gaming,58.4,29.4,8,16.0,60,63,77,37,1,1,38.9,30,86.8,1.78
LAP00069,ASUS,Linux,Browsing,64.5,19.3,8,14.9,90,58,15,79,1,1,36.8,37,87.3,5.04
LAP00070,MSI,Windows,Browsing,33.9,47.2,16,16.2,60,54,82,51,1,1,49.1,41,89.8,1.26
LAP00071,ASUS,Windows,Office,53.2,26.8,32,17.3,60,84,44,12,1,1,39.8,36,92.7,3.02
LAP00072,MSI,Windows,Video,54.6,41.3,16,13.7,120,46,92,7,1,1,39.2,46,88.3,1.38
LAP00073,ASUS,Linux,Coding,49.5,10.1,16,16.2,60,64,88,31,1,1,45.3,33,92.7,3.18
LAP00074,Acer,Windows,Office,43.2,10.4,8,15.9,60,76,8,85,1,1,36.1,46,86.1,3.52
LAP00075,MSI,Windows,Video,70.0,23.7,8,17.3,60,41,84,16,1,1,40.5,40,90.0,3.05
LAP00076,Lenovo,Windows,Coding,57.6,36.2,8,16.3,90,53,93,4,1,1,41.3,5,100.0,2.24
LAP00077,Apple,Windows,Gaming,58.9,19.1,8,17.2,165,28,62,71,1,0,39.1,35,91.3,1.87
LAP00078,HP,Windows,Video,76.4,23.8,4,13.6,75,69,69,49,1,1,43.1,54,86.7,3.23
LAP00079,ASUS,macOS,Office,52.1,37.0,4,13.2,60,73,92,93,1,1,52.6,13,94.3,2.05
LAP00080,Dell,Windows,Office,49.2,20.3,16,13.7,75,77,68,82,1,0,44.3,40,83.8,2.5
LAP00081,ASUS,Windows,Browsing,75.4,15.9,16,14.8,90,81,71,11,1,0,37.8,23,93.8,5.79
LAP00082,Dell,Windows,Office,32.6,33.5,8,16.9,144,57,100,88,1,0,47.3,32,90.8,1.02
LAP00083,Apple,Windows,Gaming,55.8,9.4,32,17.2,75,46,38,43,1,0,31.5,50,88.0,3.05
LAP00084,Apple,Windows,Office,43.9,20.5,8,14.5,60,83,93,76,0,1,40.0,41,86.9,2.2
LAP00085,Apple,Windows,Browsing,59.4,26.4,8,14.8,60,22,62,67,1,1,48.4,49,86.8,3.24
LAP00086,Dell,Windows,Video,63.6,31.3,16,13.4,165,30,71,58,1,1,41.8,18,94.9,2.25
LAP00087,ASUS,Windows,Coding,64.4,34.9,16,15.1,60,43,11,9,1,1,29.3,28,90.1,4.14
LAP00088,Apple,Linux,Browsing,70.4,36.7,32,14.7,120,48,39,47,1,1,35.8,52,83.9,3.45
LAP00089,Acer,Windows,Office,51.2,21.4,4,14.7,60,88,33,27,1,0,35.9,5,99.3,4.18
LAP00090,MSI,macOS,Office,52.1,36.5,8,16.7,120,27,29,4,1,1,33.1,2,97.5,3.0
LAP00091,Dell,Windows,Video,62.9,31.1,16,15.6,60,38,32,91,1,1,42.3,17,91.0,3.08
LAP00092,Dell,Windows,Browsing,68.3,33.7,8,13.2,60,87,92,43,1,1,40.6,20,93.6,3.18
LAP00093,ASUS,Windows,Office,35.5,17.4,4,11.6,60,88,73,30,1,1,42.5,28,90.9,2.26
LAP00094,Dell,Windows,Coding,59.7,33.0,16,15.8,75,67,31,15,1,0,36.7,51,84.2,2.98
LAP00095,Dell,macOS,Office,49.1,23.2,8,15.3,60,59,78,22,1,1,40.3,52,88.1,2.37
LAP00096,Apple,Linux,Coding,56.3,25.6,8,15.5,90,86,80,92,1,1,49.4,41,87.3,1.95
LAP00097,ASUS,Windows,Office,49.6,27.0,8,15.3,60,35,86,20,1,1,45.9,51,86.1,2.16
LAP00098,Apple,Windows,Office,44.2,50.4,4,13.4,120,83,12,1,1,1,30.7,35,87.1,2.13
LAP00099,MSI,Windows,Gaming,39.7,14.0,8,14.7,75,27,42,22,0,1,36.6,30,91.2,2.46
LAP00100,MSI,Windows,Coding,52.7,39.3,16,14.6,120,24,98,79,1,1,49.1,7,99.3,1.58
LAP00101,Apple,Windows,Browsing,60.4,42.2,8,14.9,60,91,13,10,1,1,34.3,31,92.1,4.29
LAP00102,MSI,macOS,Coding,46.0,34.9,32,16.2,144,44,47,72,1,1,43.7,15,91.5,1.87
LAP00103,ASUS,macOS,Video,72.8,18.6,8,14.2,60,72,29,1,1,0,35.6,21,86.6,4.7
LAP00104,HP,macOS,Video,91.9,45.4,32,13.4,60,68,98,81,1,0,50.4,1,98.7,2.71
LAP00105,Apple,Linux,Browsing,61.2,21.0,8,16.9,90,91,70,12,1,1,39.9,50,87.7,3.38
LAP00106,Acer,Windows,Gaming,54.4,33.2,8,14.0,75,40,21,44,1,1,38.4,14,99.5,2.59
LAP00107,Acer,Windows,Office,41.3,26.5,8,16.6,75,70,11,71,1,0,39.3,39,90.3,2.63
LAP00108,Dell,Windows,Browsing,60.6,20.6,8,17.3,144,65,26,9,1,1,33.4,16,95.4,4.03
LAP00109,MSI,Windows,Browsing,77.2,31.6,16,17.1,90,28,14,90,1,1,42.8,12,97.9,5.78
LAP00110,Acer,Windows,Browsing,84.2,47.6,8,15.9,144,83,94,80,1,1,43.4,53,88.2,2.24
LAP00111,Dell,Linux,Video,75.9,28.1,16,14.7,120,96,17,87,1,1,39.4,34,89.5,3.43
LAP00112,HP,Linux,Browsing,67.6,48.7,8,16.3,60,42,46,20,1,1,38.3,24,94.1,3.53
LAP00113,ASUS,macOS,Browsing,61.2,22.8,16,15.0,144,79,32,0,1,1,33.8,9,98.1,4.12
LAP00114,ASUS,Linux,Gaming,39.3,25.9,16,17.0,144,78,63,15,1,1,44.2,44,86.8,1.06
LAP00115,ASUS,macOS,Office,53.5,10.3,8,15.9,60,27,15,42,1,0,34.9,10,98.0,5.77
LAP00116,Acer,Windows,Browsing,51.8,18.3,16,15.5,60,83,13,96,1,1,43.4,32,82.0,3.69
LAP00117,HP,Linux,Browsing,53.6,22.4,16,15.1,90,73,84,5,1,1,38.9,13,94.9,3.3
LAP00118,Acer,Windows,Browsing,44.2,21.1,64,14.3,60,34,85,75,1,1,45.6,33,94.3,2.79
LAP00119,MSI,Windows,Browsing,66.4,13.5,8,15.0,60,71,59,95,1,1,45.4,21,92.2,5.52
LAP00120,Acer,macOS,Coding,50.9,15.9,32,15.4,240,70,9,10,1,0,31.5,43,86.4,2.3
LAP00121,HP,Linux,Browsing,49.7,21.6,32,14.6,60,23,73,81,1,1,41.7,3,98.2,3.18
LAP00122,HP,Windows,Browsing,44.3,39.2,16,15.4,60,53,42,65,1,1,41.3,43,84.4,2.3
LAP00123,MSI,Windows,Video,58.5,8.0,16,16.4,120,43,99,95,1,1,49.7,25,91.9,2.86
LAP00124,HP,Windows,Coding,77.5,8.0,32,15.4,60,40,70,48,1,1,40.5,0,100.0,6.95
LAP00125,HP,Windows,Office,54.8,8.0,64,14.3,144,21,95,19,1,1,36.3,9,99.8,4.19
LAP00126,ASUS,macOS,Coding,59.2,14.8,16,11.6,60,26,87,20,1,0,37.4,35,91.1,4.04
LAP00127,MSI,Windows,Office,84.0,32.6,8,16.7,90,75,68,35,0,1,36.5,1,97.5,4.45
LAP00128,Lenovo,Windows,Office,73.1,20.7,16,14.8,60,94,29,37,1,1,36.3,28,94.2,5.02
LAP00129,Lenovo,Windows,Coding,63.8,20.6,8,15.3,120,95,56,55,1,1,44.4,24,96.1,3.01
LAP00130,HP,Windows,Office,63.2,20.3,8,15.8,90,87,42,90,1,0,40.0,22,87.2,3.31
LAP00131,Lenovo,Windows,Gaming,46.0,8.0,64,15.8,165,54,81,10,1,0,42.3,53,85.1,1.8
LAP00132,Lenovo,macOS,Browsing,44.5,35.3,16,16.1,60,45,97,17,1,1,39.9,60,84.8,1.69
LAP00133,HP,Windows,Video,57.1,40.7,32,16.4,144,37,23,80,1,1,38.4,29,98.8,2.37
LAP00134,Lenovo,Windows,Browsing,57.5,21.0,16,16.1,90,83,29,97,1,1,40.4,59,85.7,3.52
LAP00135,Acer,Windows,Video,42.3,26.0,8,11.6,165,75,52,44,1,0,39.9,24,95.3,1.65
LAP00136,Dell,Windows,Coding,65.5,26.4,64,15.6,60,99,77,25,1,1,40.6,12,96.7,2.94
LAP00137,MSI,Linux,Video,50.8,12.2,8,15.4,90,74,65,58,1,1,42.6,39,89.5,2.7
LAP00138,Dell,Windows,Browsing,71.9,19.7,16,14.6,60,31,39,5,1,1,37.5,33,89.7,6.56
LAP00139,HP,Linux,Coding,54.2,46.4,16,15.7,60,56,55,42,1,0,41.5,34,93.7,2.37
LAP00140,ASUS,Windows,Coding,52.8,25.0,8,15.0,90,71,19,93,1,1,40.4,14,92.6,3.45
LAP00141,MSI,Windows,Video,40.9,27.7,4,14.2,144,38,90,51,1,0,45.4,38,86.4,1.33
LAP00142,HP,Windows,Coding,42.6,16.7,8,16.7,90,34,81,61,1,1,42.2,41,90.8,2.01
LAP00143,ASUS,Windows,Coding,74.8,19.8,16,15.5,60,71,53,95,1,1,42.6,19,90.1,3.46
LAP00144,Dell,Linux,Office,59.0,32.8,8,15.2,60,96,34,16,1,0,35.6,42,91.5,3.64
LAP00145,HP,Windows,Office,60.8,14.9,8,12.1,60,45,25,76,1,1,39.6,21,96.5,5.02
LAP00146,MSI,Windows,Office,79.0,44.4,16,17.3,240,64,93,45,1,0,41.2,24,95.6,2.07
LAP00147,MSI,Windows,Browsing,35.2,8.0,16,12.4,60,40,93,40,0,1,37.9,54,86.5,3.33
LAP00148,Apple,Windows,Gaming,65.1,17.4,4,15.7,60,100,90,12,1,1,41.7,13,98.7,2.87
LAP00149,Acer,macOS,Video,31.2,8.0,16,16.0,60,72,45,5,1,1,32.9,18,96.1,2.68
LAP00150,Lenovo,Windows,Gaming,48.4,40.9,4,17.3,60,48,7,85,1,1,41.8,45,85.6,1.97
LAP00151,ASUS,Windows,Browsing,37.8,24.6,4,13.7,60,67,77,96,1,1,48.9,21,94.9,2.17
LAP00152,Apple,macOS,Gaming,67.9,21.6,8,13.9,75,38,28,32,1,1,37.7,22,85.9,3.05
LAP00153,Lenovo,Windows,Video,30.0,29.8,16,16.1,144,73,100,3,1,0,38.2,0,96.5,1.0
LAP00154,Lenovo,Windows,Coding,51.5,41.8,4,15.9,144,97,21,77,1,0,41.3,60,80.0,1.77
LAP00155,HP,Windows,Coding,37.6,27.6,4,17.3,144,21,92,49,1,1,43.1,38,91.7,1.3
LAP00156,Lenovo,Windows,Office,42.2,38.7,8,16.5,165,51,12,47,1,1,37.5,29,92.7,2.3
LAP00157,Acer,Linux,Video,44.5,21.5,32,14.5,60,81,10,98,1,1,41.6,4,100.0,2.9
LAP00158,MSI,Windows,Coding,74.8,13.5,32,14.8,60,26,13,26,1,1,28.9,29,94.6,7.21
LAP00159,Apple,Windows,Browsing,50.0,27.8,8,15.7,60,87,19,5,1,1,29.7,6,93.2,4.04
LAP00160,Lenovo,macOS,Office,80.9,16.6,8,12.9,90,41,68,57,1,1,47.1,60,80.5,4.15
LAP00161,HP,Windows,Gaming,84.0,33.3,32,15.8,90,48,92,62,1,0,41.5,12,97.1,2.26
LAP00162,Acer,Windows,Gaming,86.7,20.1,8,15.9,120,22,54,0,1,1,38.1,30,90.6,3.4
LAP00163,Dell,Windows,Gaming,54.1,24.0,8,13.9,60,41,15,27,1,1,30.8,6,98.1,3.7
LAP00164,MSI,Linux,Coding,58.2,8.0,8,14.7,60,72,99,28,1,1,47.6,53,87.6,3.79
LAP00165,MSI,Windows,Browsing,60.7,23.5,64,12.2,90,76,50,95,1,1,42.9,28,90.2,3.89
LAP00166,Apple,Windows,Browsing,49.5,22.1,16,16.3,60,29,49,27,1,1,37.8,50,85.8,3.3
LAP00167,MSI,Windows,Browsing,61.4,39.0,8,15.6,144,59,81,90,1,1,50.4,24,94.6,2.48
LAP00168,Lenovo,Windows,Browsing,41.0,35.4,4,13.2,165,39,98,73,0,1,52.6,12,99.5,1.75
LAP00169,HP,Linux,Office,30.0,25.3,32,13.5,60,30,63,81,0,1,43.7,47,85.4,1.62
LAP00170,MSI,Windows,Browsing,65.7,8.0,8,14.4,144,27,29,67,0,1,40.4,52,85.6,5.18
LAP00171,MSI,Windows,Office,49.8,19.7,16,16.2,90,55,16,40,1,1,35.0,56,86.5,3.25
LAP00172,Dell,Windows,Gaming,40.3,39.0,8,15.7,60,44,89,54,1,0,50.3,14,93.1,1.11
LAP00173,Dell,Windows,Office,42.2,22.6,16,13.8,60,58,92,31,1,1,47.9,50,85.6,2.04
LAP00174,ASUS,Linux,Gaming,77.7,12.2,8,14.2,60,81,30,68,1,1,39.4,29,96.3,4.19
LAP00175,Acer,Windows,Coding,62.0,38.8,16,15.1,90,40,80,21,1,0,43.2,6,94.6,2.11
LAP00176,Lenovo,Linux,Browsing,32.2,8.0,8,13.9,60,38,41,56,1,1,42.6,4,100.0,3.67
LAP00177,MSI,Windows,Office,37.2,23.6,8,14.3,144,44,89,21,1,0,40.4,13,97.7,1.99
LAP00178,MSI,Windows,Browsing,50.6,31.7,16,16.0,240,24,27,65,1,1,38.0,29,91.8,2.35
LAP00179,HP,Windows,Office,62.1,26.5,16,13.3,60,31,69,40,1,1,44.5,22,96.8,3.61
LAP00180,ASUS,Windows,Coding,43.1,10.1,8,14.8,60,44,49,42,1,1,35.3,15,96.2,3.55
LAP00181,Acer,Windows,Browsing,52.4,13.8,4,14.7,120,24,78,33,1,1,43.9,23,89.6,3.81
LAP00182,ASUS,Linux,Browsing,56.7,16.6,16,14.9,144,95,39,1,1,1,36.4,42,84.8,3.64
LAP00183,Apple,Windows,Office,57.0,34.4,16,15.4,60,46,52,58,1,1,38.8,55,82.6,2.52
LAP00184,Acer,Windows,Gaming,30.0,27.0,16,15.9,75,23,32,35,1,1,39.9,20,91.9,1.44
LAP00185,MSI,Linux,Video,58.3,20.3,8,16.1,165,64,5,7,1,1,32.4,42,85.4,2.84
LAP00186,MSI,Linux,Video,30.0,29.9,8,14.5,60,66,76,32,1,1,39.7,29,89.5,1.27
LAP00187,Acer,Windows,Browsing,50.7,16.0,16,14.8,60,47,45,32,1,1,33.7,11,96.4,4.67
LAP00188,MSI,Windows,Video,47.5,33.9,8,15.5,240,54,27,67,1,1,37.2,52,86.3,1.35
LAP00189,Lenovo,Windows,Video,38.8,30.4,32,15.3,60,35,88,17,1,1,39.1,44,89.5,1.32
LAP00190,Acer,Linux,Coding,67.6,22.3,16,15.8,60,31,36,63,1,1,37.9,39,90.5,4.48
LAP00191,ASUS,Linux,Gaming,38.1,23.1,16,15.6,60,99,91,60,1,1,44.4,29,96.9,1.5
LAP00192,Acer,Linux,Office,47.2,20.9,8,13.8,60,94,11,82,1,1,41.5,37,87.8,3.32
LAP00193,MSI,Linux,Gaming,68.2,37.0,8,17.3,240,62,79,9,1,1,36.3,21,93.1,1.42
LAP00194,Lenovo,Windows,Gaming,46.7,27.6,16,15.0,60,47,59,49,1,1,37.8,1,99.4,2.1
LAP00195,Lenovo,Linux,Browsing,43.6,22.4,8,16.0,144,100,76,93,1,1,45.3,22,94.7,1.98
LAP00196,Apple,Windows,Office,51.0,13.4,32,15.9,60,38,47,21,1,1,45.1,41,87.5,3.8
LAP00197,ASUS,Windows,Gaming,63.1,32.1,16,15.4,60,94,18,38,1,1,30.5,22,93.5,3.03
LAP00198,Dell,Windows,Browsing,76.7,31.5,8,15.4,120,87,18,64,1,1,31.2,21,94.5,4.71
LAP00199,Dell,macOS,Coding,41.0,18.7,8,16.3,165,93,45,29,1,0,41.6,29,89.9,1.88
LAP00200,Acer,Linux,Gaming,42.2,20.0,16,14.7,60,74,95,4,0,1,40.2,26,92.9,1.77
LAP00201,Apple,Windows,Coding,50.9,23.6,4,16.1,90,55,88,25,0,0,40.1,33,89.3,2.38
LAP00202,HP,Linux,Browsing,58.5,11.2,16,15.7,60,81,93,62,1,1,47.2,10,94.9,4.92
LAP00203,Acer,Linux,Coding,43.4,25.9,16,16.6,144,58,97,45,1,1,47.3,28,94.9,1.58
LAP00204,Apple,Windows,Browsing,65.3,8.0,8,14.3,165,60,18,30,1,1,37.0,36,88.6,5.13
LAP00205,ASUS,Windows,Coding,41.2,9.6,16,15.1,120,79,32,40,1,1,38.7,5,100.0,2.52
LAP00206,ASUS,Windows,Browsing,30.0,18.9,16,13.8,120,85,34,11,1,0,32.9,15,93.8,2.3
LAP00207,ASUS,Windows,Coding,63.0,17.5,64,16.6,60,78,83,16,1,0,43.2,59,81.1,3.0
LAP00208,ASUS,Windows,Coding,64.7,30.4,16,14.0,60,59,58,17,1,1,39.5,19,92.6,2.99
LAP00209,ASUS,Windows,Video,70.7,28.4,16,15.5,60,38,63,65,1,1,46.8,9,94.9,2.95
LAP00210,Apple,macOS,Coding,30.0,41.5,8,14.4,60,74,89,87,1,1,52.0,45,84.4,1.0
LAP00211,Apple,Windows,Coding,45.0,26.1,8,16.6,144,65,16,91,1,1,36.5,37,89.9,2.18
LAP00212,Lenovo,Linux,Coding,51.2,27.5,4,14.9,60,23,79,38,1,1,47.6,36,88.3,2.09
LAP00213,Dell,Windows,Browsing,81.4,11.0,16,15.9,60,81,43,73,1,1,39.6,58,81.4,6.18
LAP00214,MSI,Windows,Coding,52.6,11.1,8,13.5,144,44,74,32,1,1,37.2,9,99.1,3.13
LAP00215,ASUS,Windows,Browsing,34.8,25.8,16,14.1,240,82,71,87,1,0,50.5,43,91.4,1.41
LAP00216,HP,Windows,Gaming,59.5,26.0,8,15.8,75,89,19,74,1,1,40.7,24,92.0,2.77
LAP00217,MSI,Linux,Browsing,74.6,28.5,16,16.8,75,32,8,7,1,1,28.0,58,81.9,6.01
LAP00218,Apple,Windows,Office,71.4,40.2,16,15.7,60,23,48,90,0,1,41.4,21,91.3,3.73
LAP00219,HP,Windows,Coding,63.4,11.6,16,17.3,60,21,43,25,1,0,35.0,31,91.3,5.06
LAP00220,HP,Windows,Office,58.9,45.3,32,16.1,60,86,74,75,1,1,43.2,16,95.2,2.08
LAP00221,HP,macOS,Browsing,30.0,8.0,16,15.0,165,49,90,34,1,1,49.1,25,92.8,2.01
LAP00222,Lenovo,Windows,Coding,55.4,29.5,8,14.6,120,23,41,56,1,1,38.8,15,97.1,2.79
LAP00223,Apple,Windows,Coding,57.7,10.0,16,17.3,144,67,62,78,1,0,42.2,9,95.5,3.1
LAP00224,HP,Windows,Video,52.6,33.7,16,16.1,60,62,36,20,1,1,39.0,16,93.9,2.42
LAP00225,ASUS,Linux,Office,65.6,8.0,16,14.3,60,64,32,36,0,1,35.3,1,100.0,7.5
LAP00226,Acer,Windows,Coding,52.4,8.0,32,14.1,60,32,94,93,1,1,55.9,1,99.6,3.9
LAP00227,HP,Windows,Office,49.5,26.8,8,14.1,144,66,8,4,1,1,31.9,28,92.5,3.75
LAP00228,Lenovo,Windows,Coding,70.6,23.5,16,15.7,60,47,14,16,1,1,35.9,45,82.6,5.23
LAP00229,MSI,Windows,Coding,48.8,38.3,8,12.9,60,56,31,89,1,1,46.7,58,82.3,2.02
LAP00230,Apple,Windows,Coding,56.0,25.9,16,14.3,60,47,88,97,1,1,45.9,3,100.0,2.52
LAP00231,Lenovo,Windows,Browsing,68.5,16.1,8,15.4,120,46,40,96,1,1,44.8,29,91.9,4.12
LAP00232,HP,Windows,Browsing,39.8,18.5,8,15.0,75,49,9,81,1,1,35.9,60,84.1,3.01
LAP00233,Apple,Windows,Browsing,38.2,63.6,32,14.4,75,25,85,24,1,1,42.7,57,83.8,1.11
LAP00234,Acer,Linux,Browsing,75.4,14.5,8,16.0,60,28,54,60,1,1,35.6,11,98.2,7.13
LAP00235,HP,Windows,Office,46.1,31.3,64,16.0,75,25,36,93,1,1,40.2,33,88.4,2.31
LAP00236,Lenovo,macOS,Coding,65.4,29.8,8,14.7,90,48,27,36,1,1,40.2,13,96.6,3.65
LAP00237,Dell,macOS,Browsing,30.0,31.6,16,14.3,165,89,81,83,1,1,48.8,23,93.3,1.07
LAP00238,ASUS,Windows,Gaming,30.0,30.6,16,16.2,60,85,65,65,0,1,42.1,23,92.9,1.04
LAP00239,MSI,Linux,Browsing,60.5,21.8,4,14.8,165,72,5,12,1,1,31.9,58,83.5,3.66
LAP00240,Lenovo,Linux,Video,53.1,8.0,8,15.0,75,89,35,39,0,0,39.6,17,98.6,4.3
LAP00241,Apple,Linux,Coding,60.6,26.9,4,16.1,60,24,23,41,1,1,38.4,24,95.5,3.84
LAP00242,HP,Windows,Office,83.1,24.8,64,13.5,120,39,91,83,0,1,48.8,24,95.4,3.9
LAP00243,ASUS,Windows,Browsing,36.4,26.5,16,14.3,75,31,58,69,1,1,45.5,40,88.1,1.9
LAP00244,HP,Windows,Coding,55.6,31.8,8,14.6,60,27,38,74,1,1,40.0,24,94.8,2.72
LAP00245,Apple,Linux,Office,77.2,20.0,8,17.3,120,77,8,24,1,1,28.5,27,94.3,5.93
LAP00246,HP,Windows,Gaming,38.6,17.6,8,13.2,75,68,52,41,1,1,36.6,29,92.5,1.69
LAP00247,Dell,Windows,Coding,46.2,35.8,16,15.1,120,83,52,9,1,0,35.6,54,83.5,1.62
LAP00248,ASUS,Windows,Gaming,30.0,21.1,64,13.8,120,69,53,94,1,0,38.1,24,93.9,1.26
LAP00249,ASUS,Windows,Browsing,88.6,19.1,16,17.3,75,58,64,42,1,0,37.7,23,93.4,7.25
LAP00250,Apple,Windows,Video,30.0,18.0,8,15.4,60,59,48,67,1,1,38.2,57,84.5,1.41
LAP00251,MSI,Windows,Coding,67.0,32.1,16,13.7,60,50,38,88,1,0,37.7,39,82.7,3.03
LAP00252,Dell,Windows,Video,35.2,22.5,64,12.7,75,22,98,27,0,1,39.0,38,89.3,1.59
LAP00253,Lenovo,macOS,Browsing,39.2,51.6,16,15.9,60,91,60,23,1,1,44.2,12,97.7,1.95
LAP00254,HP,Windows,Coding,71.0,25.7,32,15.3,60,49,78,98,1,1,50.0,1,100.0,3.17
LAP00255,Acer,Linux,Office,43.9,10.5,4,15.9,60,48,10,40,1,1,33.6,33,91.0,4.11
LAP00256,HP,Windows,Video,64.8,19.8,16,13.6,60,89,80,60,1,0,44.9,15,91.8,3.2
LAP00257,HP,Windows,Office,75.7,32.9,16,17.3,90,75,80,4,1,1,38.7,47,90.4,3.22
LAP00258,Lenovo,Linux,Gaming,58.0,17.8,16,15.1,75,85,86,96,1,1,46.7,23,95.5,2.14
LAP00259,HP,Linux,Browsing,68.3,24.8,16,15.6,144,82,40,10,1,1,38.3,49,80.8,3.53
LAP00260,Dell,Windows,Video,56.2,36.7,4,15.9,60,49,39,7,1,1,35.9,1,100.0,2.6
LAP00261,Dell,macOS,Gaming,56.9,38.5,8,15.1,60,72,29,20,1,1,32.0,28,90.2,2.22
LAP00262,ASUS,macOS,Video,45.5,18.7,32,16.8,120,65,53,95,1,1,47.4,38,90.0,1.85
LAP00263,Apple,macOS,Coding,83.9,21.9,8,14.3,240,28,59,63,0,1,43.4,38,92.3,3.38
LAP00264,MSI,Windows,Office,66.1,26.2,64,16.4,165,26,45,4,1,1,38.4,16,94.1,3.24
LAP00265,Acer,Windows,Gaming,62.8,41.1,16,16.9,75,82,61,33,1,1,40.5,58,89.4,1.8
LAP00266,HP,Windows,Browsing,66.6,11.8,16,16.5,120,66,26,8,1,1,34.0,22,91.7,5.74
LAP00267,HP,Windows,Coding,44.8,29.3,32,17.0,90,63,98,37,1,1,44.3,11,98.8,1.77
LAP00268,Lenovo,Windows,Coding,69.0,25.7,16,14.0,60,68,48,42,1,1,40.7,12,99.7,4.19
LAP00269,Apple,Linux,Video,78.3,14.2,8,15.7,90,98,33,95,1,1,38.0,4,95.6,4.28
LAP00270,Dell,Windows,Browsing,34.3,39.8,4,15.6,60,98,75,9,1,0,41.3,14,96.6,1.68
LAP00271,Acer,Windows,Coding,63.1,36.9,32,15.1,60,81,52,11,1,0,32.4,52,83.3,2.52
LAP00272,ASUS,Windows,Video,55.9,43.5,16,15.9,120,78,7,98,1,0,36.8,59,79.3,2.08
LAP00273,Dell,Linux,Browsing,47.2,39.2,16,16.7,144,97,89,17,1,1,46.4,1,100.0,1.86
LAP00274,Apple,Windows,Gaming,38.6,25.1,16,14.0,60,94,49,86,1,0,39.5,5,100.0,1.88
LAP00275,MSI,Linux,Browsing,70.8,32.4,8,13.3,120,94,24,11,1,0,32.1,35,88.8,4.97
LAP00276,ASUS,Windows,Office,58.1,29.0,32,14.7,60,32,77,30,1,0,40.1,22,94.5,3.15
LAP00277,MSI,Linux,Browsing,51.9,14.1,4,11.6,60,49,40,10,1,1,33.2,12,95.4,5.22
LAP00278,Lenovo,macOS,Browsing,63.1,9.3,8,14.9,120,62,64,97,0,1,44.7,1,95.4,4.53
LAP00279,Lenovo,Windows,Gaming,53.1,29.4,4,17.0,165,70,82,26,1,1,42.4,55,89.4,1.44
LAP00280,HP,macOS,Office,44.4,26.2,8,13.0,60,27,22,20,1,1,38.5,4,100.0,3.86
LAP00281,MSI,Windows,Office,56.9,21.0,16,14.4,144,56,70,73,0,1,47.3,39,88.4,2.82
LAP00282,Apple,Windows,Browsing,54.6,23.9,4,13.4,60,83,35,12,1,1,36.9,15,95.6,4.06
LAP00283,Acer,Windows,Coding,30.0,46.2,8,15.6,144,58,90,44,1,1,43.9,38,90.5,1.0
LAP00284,ASUS,Windows,Coding,45.6,8.0,8,15.9,144,27,13,46,1,0,33.1,34,87.4,2.97
LAP00285,Dell,Linux,Office,36.0,32.7,16,15.0,144,81,24,24,1,1,36.5,56,91.4,1.74
LAP00286,Apple,Windows,Office,30.2,35.1,16,14.0,240,58,24,76,1,0,40.2,40,92.8,1.25
LAP00287,Apple,Windows,Gaming,62.0,36.6,16,15.3,60,33,51,63,1,0,42.6,44,86.0,2.05
LAP00288,Lenovo,Windows,Office,45.0,8.5,16,16.7,60,71,5,69,1,1,35.0,33,91.9,4.05
LAP00289,MSI,Windows,Office,70.6,21.5,16,16.2,120,76,98,98,1,0,50.0,18,92.9,2.98
LAP00290,HP,Windows,Office,30.0,20.9,8,14.4,90,40,87,27,1,1,43.3,42,84.2,1.47
LAP00291,HP,Linux,Video,50.5,28.5,32,14.5,144,42,18,19,1,1,31.9,25,96.8,2.55
LAP00292,ASUS,Windows,Office,45.8,11.4,4,14.5,60,23,5,83,1,1,40.6,41,89.5,4.17
LAP00293,Lenovo,Windows,Coding,31.3,29.5,8,15.7,120,93,73,40,1,1,37.2,42,91.4,1.29
LAP00294,Apple,Windows,Office,55.1,14.4,16,13.1,144,62,14,3,1,1,29.9,16,93.8,3.58
LAP00295,Acer,Windows,Gaming,32.6,21.4,16,15.8,60,30,77,83,1,0,43.2,48,88.9,1.21
LAP00296,Lenovo,Windows,Office,58.3,41.1,16,14.2,90,38,53,68,0,0,40.7,34,86.7,2.54
LAP00297,ASUS,Linux,Video,65.8,35.1,4,14.6,60,84,18,85,1,1,37.3,11,98.5,3.52
LAP00298,ASUS,Windows,Office,59.0,26.5,16,14.0,144,21,64,23,1,1,37.8,34,92.3,2.82
LAP00299,Lenovo,Windows,Browsing,60.9,8.3,16,16.0,60,68,86,16,1,1,44.0,36,87.6,4.81
LAP00300,ASUS,Windows,Video,70.5,29.0,8,14.2,60,88,46,4,1,1,36.5,5,98.6,3.81
LAP00301,Lenovo,Windows,Office,54.6,29.8,8,13.7,60,53,63,56,1,1,39.5,51,83.6,2.83
LAP00302,Dell,Windows,Gaming,42.6,8.0,16,14.2,60,23,29,25,0,1,37.1,9,100.0,3.39
LAP00303,Lenovo,Windows,Gaming,45.9,29.2,8,13.5,90,58,40,99,1,1,44.0,42,88.4,1.7
LAP00304,MSI,Windows,Gaming,46.2,12.1,4,16.2,144,68,99,71,1,1,41.9,22,90.6,1.56
LAP00305,Lenovo,Linux,Browsing,39.3,8.0,8,13.5,75,22,39,72,1,1,39.0,18,95.0,3.97
LAP00306,ASUS,Windows,Video,66.8,11.5,4,14.9,60,45,95,16,1,0,44.5,51,89.5,3.83
LAP00307,MSI,Windows,Office,62.9,8.0,8,14.1,60,60,90,55,1,1,46.3,42,83.9,4.45
LAP00308,ASUS,Windows,Gaming,30.0,20.1,8,17.2,60,84,15,7,0,1,34.2,52,88.5,1.92
LAP00309,HP,Windows,Coding,42.6,12.9,8,15.6,75,35,14,63,1,1,34.3,7,100.0,3.6
LAP00310,HP,Linux,Video,38.6,38.7,32,14.1,60,77,12,68,1,0,38.1,8,100.0,2.45
LAP00311,MSI,Windows,Office,59.8,20.7,8,15.2,120,54,96,9,1,1,36.9,2,96.9,3.29
LAP00312,Dell,Windows,Coding,71.1,16.4,16,13.7,60,35,27,49,1,1,36.6,32,83.9,4.99
LAP00313,HP,Windows,Browsing,61.7,8.0,32,15.9,120,52,10,54,1,1,40.7,1,100.0,6.3
LAP00314,Lenovo,Linux,Video,44.5,19.9,32,15.2,90,50,82,13,1,1,43.5,33,85.8,1.96
LAP00315,ASUS,Windows,Office,50.2,41.2,8,15.6,60,41,92,90,1,0,48.8,34,85.0,1.71
LAP00316,HP,Windows,Coding,34.1,43.6,8,13.7,165,80,68,26,1,1,38.6,17,95.0,1.08
LAP00317,HP,Windows,Video,35.3,20.6,16,13.1,60,83,77,4,1,1,43.3,26,93.2,1.81
LAP00318,Dell,Windows,Coding,67.7,24.2,32,12.7,75,89,50,78,1,1,42.2,48,87.5,3.15
LAP00319,MSI,Windows,Browsing,76.7,33.4,4,12.8,165,54,42,27,1,0,36.0,43,87.6,4.2
LAP00320,MSI,Linux,Coding,44.3,12.7,8,15.0,60,58,29,4,1,1,37.8,26,87.9,3.29
LAP00321,Apple,macOS,Office,55.7,29.4,32,17.3,60,22,98,85,1,0,48.8,37,89.2,2.4
LAP00322,Dell,Windows,Office,65.8,53.4,8,14.4,75,32,90,11,1,1,42.7,38,90.0,1.97
LAP00323,Lenovo,Windows,Browsing,30.0,34.2,16,14.2,60,33,6,7,1,0,28.0,59,83.5,2.77
LAP00324,MSI,Linux,Browsing,39.3,33.8,16,14.9,90,60,93,58,1,0,44.3,16,94.3,1.84
LAP00325,ASUS,Windows,Office,84.9,41.1,8,13.9,144,27,28,64,1,1,40.7,8,98.9,4.77
LAP00326,Dell,macOS,Video,40.6,35.8,16,13.2,75,38,71,98,1,1,46.2,31,92.0,1.46
LAP00327,HP,Windows,Browsing,49.6,22.0,16,14.1,120,33,94,59,1,1,45.7,22,95.5,2.44
LAP00328,ASUS,Windows,Office,46.0,10.8,16,14.7,120,94,98,79,1,1,44.8,43,90.5,2.5
LAP00329,ASUS,Windows,Gaming,30.0,23.4,16,17.3,144,69,97,54,1,1,48.6,13,94.9,1.0
LAP00330,HP,Windows,Browsing,56.2,13.4,16,14.3,120,80,75,93,1,1,45.3,10,99.6,3.66
LAP00331,Dell,Windows,Coding,54.6,21.6,4,15.3,240,55,65,42,1,0,41.9,3,99.3,2.38
LAP00332,HP,macOS,Video,57.7,14.5,16,13.1,75,86,13,40,1,1,38.9,50,86.8,3.91
LAP00333,Apple,macOS,Gaming,53.7,20.3,16,16.0,60,96,49,9,1,1,41.8,37,87.4,2.28
LAP00334,ASUS,Windows,Video,48.1,8.0,16,14.0,60,99,98,97,1,1,47.1,50,86.8,2.41
LAP00335,Acer,Windows,Video,47.2,16.7,8,13.4,144,64,20,74,1,1,37.4,47,85.4,2.26
LAP00336,Acer,Windows,Video,47.5,29.9,16,13.6,60,93,18,83,1,1,40.6,15,99.8,2.5
LAP00337,Lenovo,Linux,Office,40.2,32.9,16,14.1,144,91,30,6,1,1,32.1,35,87.2,1.9
LAP00338,MSI,Windows,Video,42.5,30.3,16,13.4,90,26,50,20,1,1,40.6,24,91.9,1.98
LAP00339,HP,Windows,Browsing,40.4,20.5,32,15.4,165,41,62,74,1,1,45.3,4,95.7,2.37
LAP00340,HP,Windows,Gaming,63.6,26.5,8,13.5,144,28,78,100,1,1,49.2,9,96.8,2.03
LAP00341,Lenovo,Windows,Office,59.6,48.3,8,15.9,120,79,34,86,1,1,40.3,4,98.3,2.2
LAP00342,Lenovo,macOS,Coding,55.4,16.4,16,14.3,144,61,90,43,1,1,44.5,40,90.0,2.52
LAP00343,Lenovo,Windows,Office,84.1,44.3,32,13.7,165,78,60,94,1,1,46.3,17,94.6,2.95
LAP00344,ASUS,Windows,Video,41.1,8.0,4,14.0,60,59,98,81,1,1,48.8,54,87.7,2.44
LAP00345,Apple,Windows,Browsing,71.8,8.0,8,13.6,165,48,36,87,1,1,36.8,22,95.9,5.87
LAP00346,HP,Windows,Gaming,51.1,23.2,32,15.0,60,74,82,85,1,1,50.7,37,91.3,1.55
LAP00347,ASUS,Windows,Video,57.4,24.6,32,14.2,144,83,27,36,1,1,36.6,13,97.2,2.69
LAP00348,Lenovo,Windows,Browsing,65.1,11.4,32,16.6,60,61,21,43,1,1,36.0,51,92.2,6.67
LAP00349,HP,Windows,Video,47.8,21.1,8,11.8,75,48,97,64,1,1,50.4,22,96.7,1.93
LAP00350,ASUS,Windows,Video,39.1,29.8,32,16.6,144,40,28,5,1,1,33.5,60,87.1,1.77
LAP00351,Apple,Windows,Coding,41.6,13.3,16,14.1,120,82,51,37,1,1,36.1,47,83.0,2.23
LAP00352,ASUS,Windows,Office,30.0,37.2,16,17.2,75,82,15,92,1,1,38.2,34,93.2,1.78
LAP00353,Apple,Linux,Office,64.1,38.5,8,15.2,60,57,45,42,0,0,42.4,56,86.7,3.16
LAP00354,Lenovo,Windows,Browsing,63.7,39.9,16,16.7,165,98,19,56,1,1,33.9,32,91.4,3.29
LAP00355,Apple,Windows,Office,78.8,14.1,8,14.9,60,85,90,74,1,1,41.0,37,89.2,4.97
LAP00356,HP,Windows,Gaming,61.2,15.7,8,14.8,60,31,95,79,1,1,46.0,0,99.0,2.77
LAP00357,Lenovo,Windows,Browsing,64.8,22.9,16,13.7,90,52,56,69,1,0,43.6,5,100.0,4.61
LAP00358,HP,Windows,Video,53.8,21.7,8,14.9,60,98,38,64,1,1,43.2,20,94.8,2.97
LAP00359,Acer,macOS,Office,62.0,21.1,8,13.6,90,20,64,54,1,0,42.6,26,89.0,3.42
LAP00360,Dell,Windows,Coding,71.3,34.1,8,15.3,60,87,61,34,1,1,38.9,4,99.1,3.29
LAP00361,Apple,Windows,Video,57.7,32.3,16,15.2,60,47,37,23,1,0,32.0,26,92.5,2.93
LAP00362,Dell,Linux,Gaming,47.2,14.5,8,14.8,240,81,25,37,0,0,34.4,57,81.8,1.61
LAP00363,Dell,Windows,Office,51.7,11.3,16,16.7,165,97,28,2,1,1,28.0,43,86.0,3.13
LAP00364,Apple,macOS,Office,66.3,10.1,16,15.7,144,78,24,50,1,0,40.1,5,100.0,4.5
LAP00365,Lenovo,Windows,Office,47.6,14.5,16,13.7,144,68,72,60,1,1,40.2,39,88.1,2.49
LAP00366,Acer,Linux,Browsing,68.3,35.2,16,15.8,60,64,64,39,1,0,38.5,24,93.2,4.02
LAP00367,HP,Linux,Office,83.6,26.7,16,16.3,75,95,50,53,1,1,36.4,50,81.8,3.8
LAP00368,ASUS,macOS,Office,68.5,36.1,4,11.6,120,25,37,65,1,0,39.2,4,100.0,3.69
LAP00369,HP,macOS,Office,66.2,8.0,8,13.5,60,39,35,59,1,1,39.8,14,98.4,6.71
LAP00370,ASUS,Linux,Video,60.2,28.3,16,14.3,60,35,38,14,1,1,39.0,45,88.4,3.32
LAP00371,HP,Linux,Office,43.3,28.1,64,13.9,60,31,26,85,1,1,39.7,47,84.9,2.61
LAP00372,Apple,Windows,Office,42.0,39.4,4,15.9,60,71,34,45,1,0,35.5,37,86.8,2.32
LAP00373,Acer,Windows,Office,41.8,20.1,16,13.8,60,39,9,54,1,1,38.3,60,84.0,3.44
LAP00374,ASUS,Windows,Video,63.3,19.2,32,13.6,60,77,45,3,1,1,36.7,16,94.0,4.16
LAP00375,MSI,macOS,Gaming,49.2,43.1,32,15.3,165,64,49,23,1,1,37.6,16,97.1,1.42
LAP00376,Lenovo,Linux,Coding,54.6,22.9,4,14.7,60,21,91,82,1,1,46.2,47,86.9,2.69
LAP00377,HP,macOS,Video,61.3,27.1,16,16.6,90,53,65,93,1,1,42.5,32,89.8,2.25
LAP00378,HP,Linux,Office,42.4,30.7,4,15.5,75,45,17,85,1,1,40.7,17,90.5,2.29
LAP00379,ASUS,Windows,Coding,47.5,8.0,16,17.3,144,52,13,39,1,1,34.5,35,87.7,3.05
LAP00380,Lenovo,Windows,Office,59.8,25.5,8,13.5,120,61,82,26,1,1,37.3,53,82.2,2.43
LAP00381,Lenovo,Windows,Office,50.6,10.1,16,12.9,60,84,85,78,0,1,45.7,2,100.0,4.22
LAP00382,Apple,Windows,Video,52.0,23.9,32,16.9,60,27,39,51,1,0,41.5,24,97.6,3.29
LAP00383,MSI,Windows,Gaming,39.5,21.5,64,17.3,90,84,22,36,1,0,42.3,34,84.8,1.53
LAP00384,Apple,macOS,Browsing,52.2,18.9,32,14.7,60,29,16,0,1,1,31.1,44,91.8,5.08
LAP00385,Apple,Linux,Coding,79.8,32.5,8,14.6,60,51,45,75,1,1,43.7,19,95.7,3.61
LAP00386,Apple,Windows,Coding,48.3,26.2,8,15.2,60,70,20,8,1,0,31.8,35,90.6,3.18
LAP00387,Apple,Windows,Browsing,37.8,12.3,16,13.8,60,76,98,82,1,1,48.6,42,85.1,2.56
LAP00388,Apple,Windows,Browsing,69.4,11.9,16,12.3,60,59,17,17,1,1,34.4,30,88.7,7.84
LAP00389,Acer,Windows,Office,62.9,35.1,4,15.3,60,85,22,38,1,0,39.9,20,95.9,4.23
LAP00390,Lenovo,Windows,Browsing,58.2,24.5,8,15.0,60,50,80,74,1,1,48.9,36,89.4,2.96
LAP00391,Apple,Windows,Browsing,35.2,8.0,32,13.1,144,82,55,74,1,1,44.4,33,92.6,2.23
LAP00392,Lenovo,Windows,Office,37.4,20.0,32,14.1,165,87,37,29,1,1,34.3,37,91.6,2.05
LAP00393,Lenovo,Windows,Office,31.9,23.1,8,13.0,60,75,74,19,1,1,41.9,56,82.6,1.62
LAP00394,Dell,macOS,Video,61.5,10.2,8,15.5,60,31,86,14,1,1,46.0,36,93.5,4.28
LAP00395,Acer,Windows,Coding,70.3,17.4,16,15.0,165,50,71,63,1,1,45.3,0,99.4,3.48
LAP00396,Apple,Windows,Gaming,62.0,36.0,32,15.2,144,42,58,24,1,1,41.0,56,85.9,1.69
LAP00397,HP,Windows,Office,84.2,54.9,16,15.7,165,52,10,48,1,1,35.5,54,90.3,3.87
LAP00398,ASUS,Windows,Video,48.4,28.6,32,16.5,60,27,40,66,1,0,39.1,30,92.1,2.44
LAP00399,MSI,Windows,Gaming,50.1,8.7,16,15.2,75,81,59,25,1,1,40.7,22,91.4,2.87
LAP00400,HP,Linux,Coding,56.6,22.4,32,15.9,165,99,54,44,1,1,39.4,42,87.6,2.14
LAP00401,Acer,Windows,Office,51.6,26.5,16,17.3,75,34,90,91,1,1,43.4,37,92.6,2.25
LAP00402,ASUS,Windows,Video,62.5,34.4,32,16.4,120,60,75,5,1,1,43.5,48,86.2,1.96
LAP00403,Acer,Windows,Browsing,45.4,34.7,32,15.3,120,71,98,31,1,1,46.2,10,100.0,2.07
LAP00404,Lenovo,Windows,Office,34.1,41.4,8,15.2,144,45,70,74,1,1,38.4,38,84.0,1.05
LAP00405,ASUS,Windows,Coding,30.0,25.0,8,13.8,240,97,100,76,1,1,40.7,47,86.5,1.0
LAP00406,Lenovo,Windows,Coding,62.2,25.2,32,14.1,60,31,19,16,1,0,33.0,19,93.1,4.65
LAP00407,HP,Linux,Browsing,47.1,8.0,8,14.9,60,46,26,45,1,1,38.6,36,86.3,4.74
LAP00408,HP,Linux,Gaming,37.5,12.8,8,14.5,60,87,53,52,0,1,38.7,6,97.9,2.33
LAP00409,ASUS,Windows,Coding,45.7,8.7,16,17.3,144,49,42,99,1,0,40.3,34,90.1,2.12
LAP00410,ASUS,Windows,Office,84.3,14.9,16,15.5,60,23,12,93,0,0,38.4,1,100.0,7.9
LAP00411,Apple,Windows,Gaming,38.3,11.2,8,15.4,60,73,12,3,1,0,31.2,58,89.0,2.44
LAP00412,Acer,macOS,Office,65.9,12.0,16,16.6,144,53,88,77,1,1,46.0,32,92.9,2.96
LAP00413,Apple,Windows,Gaming,61.3,38.1,16,15.3,75,87,41,27,1,1,33.6,39,88.7,1.97
LAP00414,Acer,Windows,Coding,75.1,8.0,8,14.6,144,75,76,70,1,1,45.2,23,93.3,4.34
LAP00415,Apple,Windows,Browsing,53.2,22.6,32,15.4,90,37,82,15,1,0,41.1,38,88.7,3.08
LAP00416,Lenovo,Windows,Video,31.6,35.4,16,15.6,60,66,88,77,1,1,42.2,9,100.0,1.11
LAP00417,ASUS,Windows,Coding,69.9,21.4,64,17.0,60,91,29,100,1,1,42.9,45,89.1,4.08
LAP00418,HP,Windows,Video,51.3,40.9,4,13.1,60,79,86,38,1,1,42.2,8,95.4,1.77
LAP00419,Acer,Windows,Gaming,74.1,17.8,8,14.0,60,78,58,90,0,1,41.8,57,83.6,3.08
LAP00420,Acer,macOS,Video,67.2,46.0,32,14.9,90,21,25,29,1,1,35.8,42,91.7,3.13
LAP00421,HP,Windows,Coding,69.9,8.0,8,16.3,60,92,63,78,1,1,42.9,32,88.2,4.58
LAP00422,Apple,Windows,Gaming,90.5,40.9,8,16.1,60,35,35,56,1,0,37.6,50,82.0,2.83
LAP00423,Acer,Windows,Coding,59.2,14.3,64,15.2,90,77,10,55,1,1,33.1,20,96.8,4.16
LAP00424,MSI,Windows,Office,76.6,42.3,32,16.4,144,31,46,38,1,0,39.4,13,96.5,3.0
LAP00425,Lenovo,Windows,Gaming,48.9,19.4,16,14.1,240,24,56,41,1,1,43.6,49,86.8,1.38
LAP00426,ASUS,Linux,Browsing,63.1,38.3,16,17.3,75,58,51,17,1,1,37.3,22,96.7,3.45
LAP00427,HP,Windows,Video,47.5,40.3,4,13.8,60,34,88,74,1,0,44.5,11,97.0,1.62
LAP00428,ASUS,Linux,Gaming,62.2,18.1,64,12.6,144,91,32,21,1,1,38.1,21,93.2,3.05
LAP00429,MSI,Windows,Video,60.6,37.3,16,15.8,120,38,40,3,1,1,35.3,27,91.9,2.22
LAP00430,Acer,Windows,Coding,30.0,24.7,4,13.0,165,68,44,2,1,1,31.3,26,87.7,1.42
LAP00431,Acer,Linux,Video,45.8,8.0,8,14.3,90,58,94,60,1,1,46.7,9,99.9,2.7
LAP00432,MSI,Windows,Office,58.5,31.1,16,14.8,60,97,17,23,1,0,31.8,17,98.1,4.54
LAP00433,HP,Windows,Gaming,30.0,12.8,8,15.6,165,34,53,77,1,1,44.8,23,90.8,1.11
LAP00434,Lenovo,Windows,Browsing,53.6,17.2,32,16.4,90,74,8,51,0,0,29.2,2,97.0,4.67
LAP00435,Dell,Windows,Browsing,70.1,14.3,64,13.1,60,86,68,66,0,1,43.1,3,100.0,6.56
LAP00436,HP,Windows,Office,74.5,29.5,32,13.4,75,75,84,30,1,1,45.8,29,94.1,3.37
LAP00437,Dell,Windows,Coding,43.3,13.2,16,17.3,60,64,27,52,1,1,36.3,20,98.9,3.26
LAP00438,MSI,Windows,Coding,75.5,10.3,16,14.7,144,94,62,60,1,1,41.8,21,91.6,3.74
LAP00439,Apple,Windows,Video,73.1,12.5,8,12.7,90,76,91,57,1,1,43.3,27,90.1,3.55
LAP00440,Dell,Linux,Office,30.0,16.5,16,13.6,60,86,19,34,1,1,34.5,8,97.9,2.75
LAP00441,Lenovo,Linux,Office,56.7,31.0,8,14.3,144,25,93,30,1,1,39.3,43,85.2,2.01
LAP00442,Apple,Linux,Browsing,58.4,35.9,16,15.0,90,89,97,56,0,0,42.4,40,87.1,2.37
LAP00443,Dell,Windows,Office,77.8,35.7,8,16.7,60,50,83,75,1,1,42.1,40,87.9,3.04
LAP00444,MSI,macOS,Coding,59.3,24.6,8,17.3,60,41,50,9,1,1,41.0,15,97.1,3.89
LAP00445,Apple,Windows,Browsing,75.9,24.3,8,13.8,144,57,43,83,1,1,37.3,55,88.2,4.06
LAP00446,MSI,Linux,Office,43.3,22.8,16,14.2,60,77,51,17,0,1,35.1,36,90.6,2.7
LAP00447,Dell,Windows,Browsing,31.0,30.3,8,15.2,144,89,41,55,1,0,34.7,4,98.9,1.88
LAP00448,MSI,Windows,Browsing,45.3,38.4,8,14.0,60,48,45,35,1,1,42.7,13,95.0,2.68
LAP00449,Lenovo,Linux,Office,78.7,23.2,16,16.7,60,75,96,50,1,1,44.0,51,85.2,3.78
LAP00450,Dell,Windows,Browsing,68.9,31.4,4,17.3,144,30,49,60,1,0,36.4,13,96.5,3.69
LAP00451,Dell,Windows,Video,89.8,10.1,32,15.0,120,67,34,18,1,0,33.3,46,86.4,5.23
LAP00452,Dell,Linux,Video,33.4,35.2,16,15.5,60,79,75,80,1,1,42.6,15,98.3,1.24
LAP00453,HP,Linux,Coding,70.6,27.6,8,14.2,165,70,72,10,1,0,42.2,38,90.7,3.08
LAP00454,HP,macOS,Gaming,66.3,12.6,8,15.5,60,58,11,4,1,0,31.0,42,86.2,5.05
LAP00455,HP,Windows,Office,50.7,37.8,64,13.5,144,25,51,100,1,1,40.6,3,100.0,2.27
LAP00456,Lenovo,Windows,Coding,66.6,10.1,16,13.7,120,49,51,44,0,1,43.9,36,90.6,4.57
LAP00457,Apple,Windows,Gaming,57.1,8.0,8,12.5,60,20,86,99,1,1,49.9,13,95.0,3.42
LAP00458,MSI,Windows,Browsing,61.9,35.2,8,16.1,90,28,83,44,1,0,40.8,40,90.7,2.64
LAP00459,Acer,Windows,Gaming,65.2,29.6,8,16.9,165,64,64,47,1,0,42.6,22,95.0,1.92
LAP00460,Dell,Windows,Browsing,69.7,10.5,4,16.4,120,27,9,13,1,1,28.0,8,100.0,6.87
LAP00461,MSI,Windows,Office,56.3,29.3,32,15.1,75,53,52,27,1,1,33.1,23,90.8,3.12
LAP00462,Dell,Windows,Browsing,81.7,39.0,8,14.6,60,99,91,8,1,1,38.1,10,94.1,3.4
LAP00463,Lenovo,Linux,Video,51.8,28.1,32,14.9,144,27,78,58,1,0,46.3,27,90.1,1.6
LAP00464,Dell,macOS,Coding,83.3,54.3,16,13.6,165,31,93,37,1,1,48.6,18,94.5,1.8
LAP00465,HP,Linux,Video,38.1,14.8,8,16.3,144,62,26,92,1,0,37.2,18,97.9,1.81
LAP00466,Acer,Linux,Office,40.2,8.0,16,16.5,120,75,99,24,1,1,43.9,11,98.1,2.66
LAP00467,ASUS,Windows,Office,41.1,8.1,8,13.5,60,50,27,71,1,1,44.0,46,89.3,3.59
LAP00468,Dell,macOS,Browsing,69.4,8.0,16,13.7,144,61,96,47,1,0,47.5,33,92.8,5.66
LAP00469,MSI,Windows,Office,42.9,50.7,32,13.1,60,52,49,18,1,1,35.6,11,97.9,2.12
LAP00470,HP,Linux,Gaming,77.4,24.9,32,14.6,144,38,83,1,1,1,42.8,2,100.0,2.53
LAP00471,ASUS,macOS,Office,47.1,48.3,8,15.0,60,74,56,5,1,1,39.8,29,89.2,1.95
LAP00472,Acer,macOS,Video,61.0,20.7,4,15.1,75,23,75,29,1,1,38.8,57,83.9,2.63
LAP00473,ASUS,Windows,Video,64.6,14.1,16,13.1,120,31,50,60,1,1,33.6,46,83.8,3.13
LAP00474,HP,Windows,Office,39.8,8.0,8,14.0,144,47,42,1,1,1,32.6,45,89.2,2.97
LAP00475,Apple,Windows,Coding,34.1,20.2,16,14.0,144,77,44,50,1,0,38.6,50,85.1,1.65
LAP00476,Apple,Windows,Browsing,59.2,35.1,4,16.0,60,67,19,82,1,1,35.3,34,91.1,3.87
LAP00477,ASUS,Windows,Browsing,50.8,22.3,16,13.6,60,20,73,12,0,1,38.6,14,94.8,4.18
LAP00478,Lenovo,Windows,Browsing,62.5,8.0,8,15.1,240,94,16,48,1,1,40.9,42,86.1,3.24
LAP00479,MSI,Windows,Coding,34.8,32.8,32,14.0,60,63,81,7,0,0,41.5,21,91.3,1.54
LAP00480,MSI,Windows,Office,49.6,35.1,16,14.7,120,82,71,8,1,1,35.7,8,98.7,2.53
LAP00481,ASUS,Windows,Coding,52.3,18.6,4,16.3,165,57,61,22,1,0,35.5,27,92.5,2.45
LAP00482,Dell,Windows,Coding,30.0,17.1,32,13.3,165,28,23,100,1,0,43.5,28,89.8,1.72
LAP00483,Dell,Windows,Office,69.9,8.0,8,11.6,60,25,94,71,1,1,46.5,38,84.6,5.3
LAP00484,MSI,Windows,Coding,43.6,32.5,8,13.1,120,89,34,72,1,1,41.2,38,89.2,1.98
LAP00485,MSI,Windows,Video,77.5,19.5,8,15.6,75,71,96,15,1,1,43.8,38,89.8,3.35
LAP00486,Apple,macOS,Browsing,44.6,8.0,32,13.3,60,86,83,15,1,1,41.0,16,95.8,4.43
LAP00487,Lenovo,Windows,Browsing,47.2,8.0,8,14.0,60,35,22,11,1,1,40.7,3,100.0,6.02
LAP00488,HP,Windows,Video,36.4,31.7,4,15.6,144,21,67,88,1,1,43.8,56,83.5,1.11
LAP00489,Dell,Windows,Office,72.2,20.9,32,16.1,60,55,11,10,1,1,28.2,3,100.0,6.48
LAP00490,MSI,Windows,Coding,61.8,11.4,8,16.4,90,90,64,81,1,1,44.6,6,100.0,3.93
LAP00491,Apple,Windows,Office,76.0,25.6,32,15.8,90,54,82,12,1,1,40.7,1,98.3,4.25
LAP00492,Acer,Windows,Office,51.9,14.9,8,13.4,60,49,92,34,1,1,44.8,53,85.4,3.27
LAP00493,Apple,Windows,Browsing,54.4,17.3,32,17.2,60,64,67,81,1,1,43.2,36,87.7,3.46
LAP00494,Dell,Windows,Office,30.0,21.8,16,13.7,144,65,61,93,1,1,43.5,9,97.6,1.57
LAP00495,Dell,Windows,Coding,45.6,45.2,32,14.1,75,84,92,42,1,1,48.3,17,98.3,1.41
LAP00496,Apple,Windows,Office,57.6,45.2,64,15.0,120,20,79,100,1,1,50.3,27,92.0,1.97
LAP00497,HP,Windows,Video,60.8,8.0,32,15.4,60,76,43,29,1,0,36.8,58,88.6,4.0
LAP00498,ASUS,Windows,Gaming,82.4,24.2,8,17.0,60,90,47,59,1,1,41.4,45,85.5,3.03
LAP00499,Dell,Windows,Coding,30.0,8.0,16,14.1,60,86,60,66,1,1,43.8,34,87.0,1.82
LAP00500,Apple,Windows,Video,58.4,12.2,16,15.5,60,50,14,28,1,1,33.7,34,91.2,4.1
LAP00501,MSI,Windows,Office,49.4,8.0,4,14.1,60,44,24,24,1,1,30.9,50,85.5,5.13
LAP00502,Apple,Linux,Office,56.1,14.6,32,17.3,120,66,68,65,1,0,36.3,29,88.5,3.16
LAP00503,Lenovo,Windows,Video,56.5,10.7,16,15.6,60,75,43,4,1,1,37.6,20,94.4,4.05
LAP00504,ASUS,Linux,Office,52.1,37.3,8,16.8,60,20,90,94,1,1,47.1,57,88.3,1.7
LAP00505,Acer,Linux,Coding,38.0,14.9,8,13.4,60,56,32,4,1,1,38.3,24,89.8,2.47
LAP00506,HP,Windows,Browsing,35.2,8.0,16,14.2,120,94,34,84,1,1,36.7,12,97.9,2.78
LAP00507,Acer,Windows,Coding,51.0,25.0,16,15.3,90,86,62,48,1,0,42.6,6,98.9,2.96
LAP00508,ASUS,macOS,Gaming,33.7,22.9,16,16.8,60,31,74,25,1,1,37.4,5,94.6,1.42
LAP00509,ASUS,Linux,Gaming,53.3,21.8,8,16.4,120,39,66,70,0,0,44.1,19,88.5,1.81
LAP00510,ASUS,Windows,Video,51.2,32.3,16,17.1,90,49,5,29,1,1,31.1,44,89.5,2.86
LAP00511,Acer,Linux,Video,30.0,39.8,32,16.9,60,93,72,97,1,1,40.6,4,96.4,1.0
LAP00512,MSI,Linux,Coding,84.0,21.7,8,16.1,144,83,29,27,1,0,37.8,37,88.9,4.1
LAP00513,ASUS,Windows,Coding,56.2,28.2,16,15.2,60,98,43,13,1,1,37.5,43,83.5,2.79
LAP00514,Apple,Linux,Browsing,30.0,22.0,8,13.4,60,83,15,17,1,1,34.6,39,89.7,2.7
LAP00515,Acer,Windows,Office,58.7,31.1,4,12.0,144,37,63,56,0,0,45.9,24,92.4,2.96
LAP00516,ASUS,Windows,Office,51.9,8.0,16,15.2,60,51,41,80,1,0,43.7,17,96.5,4.85
LAP00517,Apple,macOS,Gaming,35.2,32.4,4,16.1,60,38,80,24,0,0,40.4,23,89.0,1.2
LAP00518,MSI,Linux,Office,59.6,28.4,16,11.6,165,52,33,69,1,1,45.6,14,97.4,3.15
LAP00519,Lenovo,Windows,Coding,40.9,13.5,16,13.4,75,81,86,4,0,1,42.4,7,99.3,3.11
LAP00520,MSI,Windows,Coding,57.9,51.5,8,13.6,60,41,13,52,1,1,32.7,12,94.9,3.45
LAP00521,ASUS,Windows,Coding,44.5,8.7,8,14.7,144,48,50,84,1,1,41.9,38,91.4,2.35
LAP00522,Acer,Windows,Video,41.4,29.0,32,15.1,60,23,80,38,1,1,40.7,47,85.9,1.48
LAP00523,Dell,Windows,Browsing,54.8,13.5,4,16.5,60,69,13,56,1,1,41.7,51,86.6,5.3
LAP00524,ASUS,macOS,Coding,30.7,31.9,16,13.2,60,95,69,83,1,1,47.8,59,85.0,1.15
LAP00525,Dell,Linux,Video,53.8,49.0,32,15.5,144,23,75,10,1,1,40.6,24,93.6,1.57
LAP00526,Apple,Windows,Office,64.9,34.3,32,13.1,60,24,46,68,1,1,39.8,22,96.5,3.58
LAP00527,Lenovo,Windows,Office,74.1,23.6,16,16.2,144,58,38,98,1,1,48.4,4,100.0,4.27
LAP00528,HP,Windows,Coding,71.3,36.1,8,14.3,60,76,100,98,1,1,53.5,51,87.1,2.19
LAP00529,MSI,Windows,Video,75.3,17.9,8,13.3,90,50,32,24,1,1,34.4,21,88.7,4.51
LAP00530,Lenovo,Windows,Browsing,48.2,30.9,8,14.1,60,26,94,29,1,0,43.9,46,88.8,2.61
LAP00531,ASUS,Windows,Video,39.6,26.1,16,13.4,60,31,65,1,1,0,39.5,21,89.6,1.91
LAP00532,Dell,Windows,Video,67.2,10.4,4,15.1,144,29,44,83,0,1,39.6,24,91.7,3.43
LAP00533,MSI,Windows,Office,47.2,45.5,32,15.9,60,48,58,35,1,1,37.5,54,85.5,1.79
LAP00534,Dell,Windows,Gaming,55.1,39.9,16,16.4,90,32,63,36,1,0,46.5,46,88.5,1.6
LAP00535,Acer,Windows,Video,66.2,14.7,4,14.3,60,89,82,1,1,1,39.8,0,99.7,3.7
LAP00536,Dell,Windows,Video,85.3,37.3,8,16.9,144,50,49,46,1,0,38.6,3,94.4,3.09
LAP00537,Acer,Windows,Video,62.9,10.9,16,15.0,60,28,99,90,0,1,51.5,51,89.1,3.48
LAP00538,Apple,Windows,Browsing,58.1,30.6,4,16.8,120,70,84,95,1,0,44.5,52,86.3,2.49
LAP00539,MSI,Windows,Browsing,38.2,25.6,16,14.8,144,35,43,58,1,1,39.8,31,89.1,1.82
LAP00540,MSI,Windows,Office,72.5,45.1,32,14.7,60,78,46,3,1,1,39.7,52,85.8,3.05
LAP00541,HP,Linux,Office,61.1,29.0,32,15.8,60,77,15,90,1,1,34.4,25,92.7,3.58
LAP00542,ASUS,Windows,Office,49.8,8.0,16,15.4,120,30,79,93,1,1,44.9,35,95.8,3.13
LAP00543,Acer,Windows,Gaming,48.2,37.2,32,14.2,60,55,42,66,1,1,39.6,14,95.6,1.81
LAP00544,HP,Windows,Video,48.9,19.7,16,16.6,144,20,61,45,0,1,38.6,34,89.3,2.07
LAP00545,Dell,Windows,Coding,55.7,19.1,16,13.7,60,40,16,90,1,1,42.6,37,89.9,3.74
LAP00546,Dell,Windows,Gaming,33.1,25.4,16,15.8,60,63,46,35,1,1,42.0,26,93.5,1.42
LAP00547,HP,macOS,Video,73.3,18.1,8,15.7,60,56,67,64,1,1,44.5,13,93.2,3.82
LAP00548,MSI,Linux,Office,70.5,46.5,8,16.5,60,25,13,98,1,1,39.1,33,89.3,3.64
LAP00549,Dell,macOS,Browsing,52.5,34.7,16,16.5,60,33,26,55,1,1,42.3,59,82.5,3.35
LAP00550,Apple,Linux,Coding,48.9,11.3,32,14.7,60,20,42,75,1,1,39.8,24,88.0,3.61
LAP00551,Apple,Windows,Video,54.7,16.3,16,15.0,60,27,77,34,0,0,42.4,53,86.0,3.2
LAP00552,HP,Windows,Office,57.2,9.3,16,15.0,60,63,61,81,1,1,44.5,26,92.7,4.56
LAP00553,Acer,Windows,Coding,50.5,36.6,16,17.3,60,94,71,100,1,0,45.1,20,90.1,1.83
LAP00554,Acer,Windows,Browsing,70.0,24.2,16,15.9,60,46,34,22,1,1,35.3,47,87.8,5.93
LAP00555,HP,Windows,Video,33.6,13.3,16,16.5,60,55,30,96,1,1,38.0,34,85.7,1.9
LAP00556,Acer,Linux,Video,44.3,43.9,32,14.6,60,61,76,77,1,1,48.7,51,85.9,1.22
LAP00557,MSI,Windows,Video,66.6,31.1,16,13.4,144,39,58,43,1,1,34.5,5,95.6,2.46
LAP00558,MSI,Windows,Gaming,59.9,27.2,8,13.7,75,27,36,0,1,0,34.5,34,88.5,2.64
LAP00559,Acer,Linux,Video,44.8,26.7,16,16.4,165,65,26,90,1,1,38.2,25,95.1,1.66
LAP00560,Apple,Linux,Gaming,61.0,8.7,8,14.0,60,71,12,87,1,1,37.9,54,83.9,3.21
LAP00561,Acer,Windows,Gaming,43.1,31.7,16,17.3,60,45,70,65,1,1,37.6,14,94.9,1.42
LAP00562,MSI,Linux,Video,50.3,20.0,16,14.4,60,54,18,11,1,1,36.3,4,97.6,3.84
LAP00563,Lenovo,Linux,Coding,70.7,35.4,16,15.5,60,79,9,12,1,1,31.0,25,87.6,4.4
LAP00564,ASUS,Windows,Browsing,69.0,32.7,4,15.5,165,22,17,26,1,1,35.9,32,89.4,3.85
LAP00565,Dell,Windows,Office,59.3,24.3,4,15.3,60,23,91,19,1,1,42.5,24,93.6,3.37
LAP00566,Lenovo,Windows,Coding,39.2,23.4,8,13.3,75,81,81,100,1,1,47.1,56,87.0,1.69
LAP00567,Acer,Windows,Office,49.3,44.9,16,15.3,60,83,87,97,1,1,49.4,16,95.3,1.66
LAP00568,Apple,Windows,Office,56.4,9.0,8,15.3,144,69,28,5,1,1,30.2,51,87.0,3.69
LAP00569,HP,macOS,Gaming,76.8,18.1,16,14.6,120,38,39,7,1,1,35.3,43,90.1,3.6
LAP00570,Acer,Linux,Gaming,30.0,38.6,64,17.3,60,62,82,20,1,0,37.2,19,94.9,1.0
LAP00571,Apple,Linux,Video,41.9,42.8,8,12.7,144,33,72,20,1,1,37.2,41,92.1,1.16
LAP00572,ASUS,macOS,Office,71.9,23.3,32,12.9,165,33,30,44,1,1,35.5,55,89.7,4.0
LAP00573,Acer,Linux,Browsing,75.4,16.6,16,16.1,60,73,78,69,1,1,42.6,1,99.0,5.57
LAP00574,MSI,Windows,Browsing,54.0,16.9,32,14.9,60,48,42,43,1,1,39.1,54,78.9,3.7
LAP00575,HP,Windows,Office,78.1,8.0,32,13.8,60,22,38,58,1,1,35.1,7,95.7,7.79
LAP00576,Apple,Linux,Browsing,44.0,49.0,16,15.3,90,92,38,29,0,1,38.8,18,97.1,2.16
LAP00577,Apple,Windows,Browsing,32.4,23.2,16,16.3,60,24,23,9,1,1,40.0,28,90.0,3.09
LAP00578,Apple,Windows,Gaming,66.9,30.6,16,12.7,144,24,7,74,1,0,39.8,47,80.1,2.74
LAP00579,ASUS,Windows,Video,74.4,30.7,8,16.0,75,64,40,0,1,0,36.1,57,85.3,3.36
LAP00580,Acer,macOS,Office,74.2,42.8,8,15.5,144,83,8,9,1,1,30.0,18,98.1,4.35
LAP00581,ASUS,Windows,Browsing,42.0,20.0,8,14.7,90,83,30,24,1,1,36.1,8,96.2,2.9
LAP00582,Dell,Linux,Coding,58.0,20.8,8,15.3,144,62,79,79,1,1,47.5,7,93.1,2.22
LAP00583,Dell,Windows,Browsing,67.6,35.0,16,15.4,60,62,7,82,1,1,40.8,48,85.7,4.65
LAP00584,Acer,Windows,Gaming,59.5,8.0,32,15.8,165,70,53,73,1,1,47.3,14,96.2,2.33
LAP00585,MSI,Windows,Office,76.7,42.9,32,13.6,120,32,13,13,1,1,30.8,33,91.9,4.7
LAP00586,ASUS,Linux,Office,48.9,45.9,8,16.5,90,92,50,2,1,0,31.5,3,100.0,2.52
LAP00587,HP,Windows,Office,53.9,27.9,4,16.4,60,87,70,67,1,1,45.2,26,94.4,2.49
LAP00588,Apple,Windows,Browsing,58.5,13.7,16,16.4,165,88,18,39,1,0,34.9,37,90.0,3.68
LAP00589,Apple,Windows,Coding,67.5,35.2,8,12.6,60,26,7,32,1,1,30.4,46,82.3,4.33
LAP00590,Acer,Windows,Video,52.1,22.7,16,16.6,144,97,6,83,1,1,35.6,12,100.0,2.83
LAP00591,MSI,Windows,Coding,68.9,26.7,16,14.5,60,61,90,78,1,0,44.0,31,85.3,2.5
LAP00592,Dell,Windows,Browsing,79.1,27.6,16,15.7,144,24,97,6,1,1,42.7,34,87.9,3.5
LAP00593,Dell,Windows,Coding,47.2,17.1,8,12.2,165,66,37,2,1,1,40.5,51,86.5,2.84
LAP00594,Apple,Windows,Coding,52.5,29.2,8,14.0,75,67,14,90,1,1,39.1,47,85.5,2.55
LAP00595,Acer,Linux,Gaming,69.5,8.0,8,16.2,75,66,57,36,1,1,38.7,45,89.4,3.49
LAP00596,ASUS,Windows,Office,83.9,8.0,16,15.7,60,27,48,92,1,1,46.4,35,85.0,6.25
LAP00597,Dell,Windows,Office,64.5,29.4,64,13.5,60,40,42,25,1,1,38.0,9,100.0,4.27
LAP00598,ASUS,Linux,Coding,43.2,37.5,4,16.0,120,43,25,90,1,0,41.9,54,88.6,1.94
LAP00599,MSI,Windows,Coding,58.0,18.8,8,13.9,60,32,99,24,1,1,49.7,22,92.1,3.13
LAP00600,Dell,Windows,Office,69.4,18.2,16,14.6,60,34,39,39,1,1,32.4,22,93.5,4.81
LAP00601,Dell,Windows,Office,42.8,32.8,8,13.4,60,72,71,42,1,1,37.8,3,98.9,2.23
LAP00602,Lenovo,Windows,Office,38.8,24.8,32,15.5,60,91,87,93,1,1,47.0,43,88.7,1.67
LAP00603,Dell,Windows,Gaming,49.8,18.2,8,16.5,120,50,26,43,1,0,40.6,4,100.0,2.62
LAP00604,HP,macOS,Office,64.9,28.7,32,16.2,60,90,24,83,1,0,38.9,3,100.0,4.23
LAP00605,Acer,Windows,Gaming,34.5,25.1,32,13.7,144,70,87,70,1,1,48.4,29,88.9,1.0
LAP00606,Acer,Windows,Coding,44.6,10.0,32,14.9,60,66,72,28,1,1,36.9,40,85.6,3.1
LAP00607,ASUS,Windows,Gaming,59.1,23.7,8,12.8,60,58,100,97,1,1,52.2,51,83.4,1.81
LAP00608,MSI,Linux,Video,71.4,27.2,8,16.9,60,100,12,89,1,1,38.9,32,92.6,3.94
LAP00609,Dell,Windows,Office,59.4,18.6,16,15.0,60,76,55,90,1,0,41.6,47,89.8,3.29
LAP00610,HP,Linux,Gaming,60.6,36.1,16,15.9,60,69,30,56,1,1,42.0,39,84.6,2.24
LAP00611,ASUS,macOS,Browsing,70.1,30.8,16,15.3,60,76,55,8,1,0,39.8,12,100.0,4.51
LAP00612,Lenovo,macOS,Gaming,79.0,21.7,16,14.1,60,54,69,21,1,1,40.3,53,85.7,3.19
LAP00613,ASUS,Linux,Coding,77.3,26.6,8,14.2,60,26,30,75,1,1,39.2,17,94.8,4.34
LAP00614,ASUS,Windows,Browsing,30.0,20.5,32,15.6,60,72,51,69,1,0,37.0,31,83.3,2.0
LAP00615,Dell,Linux,Coding,56.5,22.3,8,17.3,120,29,47,5,1,1,34.8,32,91.0,2.74
LAP00616,Lenovo,Windows,Gaming,68.7,22.7,4,14.5,144,58,13,26,1,1,29.4,57,82.3,2.5
LAP00617,ASUS,Linux,Browsing,80.5,8.0,4,16.6,60,77,39,82,1,0,41.4,6,97.0,8.25
LAP00618,HP,Windows,Coding,64.6,25.3,16,16.3,60,54,86,51,1,0,45.5,13,93.1,3.0
LAP00619,HP,Linux,Video,42.1,28.8,4,14.6,75,78,23,69,1,1,40.0,39,86.7,1.93
LAP00620,Acer,Windows,Video,44.1,54.5,16,16.5,144,41,52,48,1,1,40.3,47,85.3,1.21
LAP00621,Lenovo,Windows,Office,44.5,30.3,8,16.4,120,28,84,80,1,1,51.3,13,95.4,1.76
LAP00622,Lenovo,macOS,Browsing,59.6,17.2,8,12.0,60,27,32,92,1,1,37.0,9,95.6,5.32
LAP00623,Acer,Windows,Browsing,47.8,8.0,16,16.0,75,77,7,22,1,1,32.7,40,89.6,5.0
LAP00624,ASUS,Windows,Coding,30.0,12.3,4,16.8,240,41,22,80,1,1,42.8,58,90.8,1.21
LAP00625,Lenovo,Windows,Office,37.3,19.0,8,13.4,60,59,17,20,1,0,35.5,51,87.4,3.29
LAP00626,HP,macOS,Gaming,48.3,19.2,16,13.2,60,47,31,73,1,0,37.9,38,88.0,2.35
LAP00627,HP,Windows,Browsing,34.6,22.2,8,15.3,60,65,44,7,1,1,38.0,36,91.6,2.63
LAP00628,Dell,Windows,Coding,36.8,20.2,8,17.2,75,88,43,53,1,0,37.9,45,87.6,2.15
LAP00629,Lenovo,Windows,Browsing,85.8,22.2,32,13.5,60,100,62,13,1,1,38.7,17,95.8,5.82
LAP00630,ASUS,Windows,Browsing,54.9,19.9,32,12.8,60,71,61,30,1,1,41.7,18,95.8,3.62
LAP00631,Acer,macOS,Office,49.2,25.2,8,14.4,120,30,28,50,1,1,33.0,39,87.4,3.08
LAP00632,Acer,Linux,Office,65.0,14.2,8,14.2,60,41,97,61,1,0,49.6,41,88.0,4.69
LAP00633,ASUS,Windows,Coding,72.2,9.9,8,12.7,165,66,26,17,1,1,37.0,42,88.2,4.35
LAP00634,MSI,Windows,Gaming,88.6,22.1,32,14.2,60,32,55,46,1,0,34.9,36,95.6,3.73
LAP00635,Apple,Linux,Coding,80.6,30.2,16,15.5,90,64,94,93,1,0,38.6,46,91.3,2.79
LAP00636,Dell,Windows,Gaming,61.5,11.6,8,17.3,60,94,88,81,1,1,40.8,2,98.1,2.81
LAP00637,Acer,Windows,Gaming,32.0,18.1,32,15.8,75,88,92,51,0,1,45.3,55,87.1,1.17
LAP00638,Lenovo,Windows,Coding,40.0,23.2,16,16.1,165,97,80,88,1,1,52.2,54,83.2,1.2
LAP00639,Dell,Windows,Video,49.0,23.0,8,13.5,60,41,86,36,1,1,45.7,6,99.7,2.47
LAP00640,Lenovo,Windows,Coding,62.6,34.0,8,14.9,144,86,80,88,1,0,50.1,6,99.8,2.27
LAP00641,MSI,Windows,Browsing,56.4,36.3,8,14.7,90,54,42,29,1,1,40.0,52,89.6,2.87
LAP00642,HP,Windows,Video,32.9,27.7,32,15.5,120,51,100,29,1,0,45.6,51,86.1,1.08
LAP00643,Dell,Windows,Browsing,30.2,39.5,16,15.8,60,57,65,99,1,1,39.2,53,90.1,1.52
LAP00644,Acer,Linux,Coding,58.9,20.6,8,16.3,144,77,53,74,1,0,45.9,37,92.3,2.66
LAP00645,Dell,Windows,Video,56.8,35.1,16,15.0,60,59,27,47,1,1,35.3,53,86.4,2.58
LAP00646,Dell,macOS,Browsing,51.9,17.6,16,14.3,165,40,8,38,1,1,30.7,58,82.3,3.38
LAP00647,Dell,Windows,Browsing,62.2,28.6,8,16.7,144,68,80,26,1,1,40.6,55,84.0,2.67
LAP00648,Apple,Linux,Gaming,73.7,32.7,8,16.0,75,58,85,15,1,0,43.9,5,98.8,2.15
LAP00649,Dell,Linux,Coding,59.7,25.7,16,15.9,165,80,89,31,1,1,43.3,9,95.6,2.21
LAP00650,Lenovo,macOS,Browsing,40.9,13.4,8,14.9,60,29,41,28,1,1,37.6,51,87.3,3.66
LAP00651,HP,Linux,Coding,83.7,8.0,8,16.7,240,59,97,51,1,1,45.6,57,83.4,3.45
LAP00652,MSI,Windows,Coding,52.4,31.7,8,13.2,120,77,10,73,1,1,41.1,57,86.7,2.62
LAP00653,ASUS,Windows,Coding,55.7,21.7,8,16.3,60,64,32,93,1,1,36.1,43,88.4,3.41
LAP00654,Dell,Windows,Gaming,45.2,22.6,16,16.2,90,36,12,74,1,0,37.4,35,92.3,2.07
LAP00655,Acer,Windows,Coding,38.9,43.0,8,13.7,120,87,99,14,1,1,44.9,36,89.6,1.12
LAP00656,Dell,Windows,Office,40.1,13.6,16,14.0,120,29,24,43,1,1,37.0,54,83.9,2.76
LAP00657,Acer,Linux,Video,36.8,33.9,8,13.2,60,81,20,22,1,1,38.4,47,85.4,1.78
LAP00658,Lenovo,Windows,Gaming,30.0,16.1,16,15.7,60,51,17,47,1,1,36.4,26,94.1,1.81
LAP00659,Acer,Windows,Browsing,52.7,22.9,8,11.6,60,91,83,22,1,1,40.6,44,86.2,3.32
LAP00660,ASUS,macOS,Browsing,71.5,12.0,16,15.3,165,61,66,70,1,1,41.6,0,99.5,4.57
LAP00661,HP,Windows,Browsing,40.2,16.1,16,13.9,60,64,81,13,1,0,35.9,0,100.0,3.08
LAP00662,Acer,Windows,Coding,93.4,30.0,16,13.6,165,95,70,72,1,1,42.2,47,87.6,3.15
LAP00663,Acer,Linux,Coding,75.8,40.5,16,12.4,60,40,57,53,1,0,37.4,20,92.6,3.05
LAP00664,HP,Windows,Coding,54.7,30.1,8,13.8,60,46,88,91,1,0,47.5,36,89.3,2.07
LAP00665,ASUS,Windows,Gaming,38.3,28.7,32,17.0,60,49,32,69,1,1,33.6,58,84.9,1.48
LAP00666,Dell,macOS,Video,31.0,55.6,32,14.0,165,93,22,42,0,1,36.3,27,88.9,1.0
LAP00667,Acer,macOS,Browsing,53.3,31.7,16,15.6,60,20,11,44,1,1,33.6,48,91.2,3.99
LAP00668,HP,Linux,Office,56.0,13.8,32,13.5,60,28,25,21,1,1,38.3,54,86.8,5.17
LAP00669,Lenovo,Windows,Office,51.9,8.0,8,16.4,144,22,45,60,1,0,41.9,38,91.6,3.36
LAP00670,HP,Linux,Office,71.0,29.5,4,15.8,144,72,43,17,0,1,40.1,35,93.1,3.09
LAP00671,Lenovo,Windows,Coding,77.5,8.1,16,14.7,144,61,77,43,1,1,42.9,1,100.0,5.05
LAP00672,ASUS,Windows,Gaming,62.1,13.0,32,15.3,165,38,14,85,1,1,41.3,1,95.8,2.75
LAP00673,Dell,Windows,Office,62.9,28.6,8,15.4,165,25,35,72,1,1,40.1,3,100.0,3.12
LAP00674,HP,Windows,Coding,50.3,37.5,16,13.6,144,26,46,17,1,0,34.3,1,98.9,2.11
LAP00675,MSI,Windows,Video,54.9,21.6,16,13.9,90,62,81,56,1,1,42.7,0,99.5,2.64
LAP00676,MSI,Windows,Office,61.2,10.5,32,16.3,90,99,73,84,1,1,47.2,48,83.4,3.5
LAP00677,Apple,Windows,Browsing,50.2,23.2,8,17.2,60,55,63,14,1,0,40.1,39,87.7,3.79
LAP00678,Acer,Windows,Office,64.9,21.7,8,15.2,120,87,42,72,1,0,41.5,17,93.2,3.7
LAP00679,ASUS,Linux,Browsing,39.2,26.4,8,16.0,60,58,47,57,1,0,40.4,40,84.3,2.48
LAP00680,HP,Windows,Gaming,44.0,10.6,16,16.7,144,62,6,1,1,1,31.5,33,92.5,2.2
LAP00681,MSI,Windows,Browsing,39.3,15.0,32,14.5,90,56,10,13,1,1,29.7,26,93.0,4.04
LAP00682,Acer,Windows,Office,45.0,37.3,16,14.9,240,47,81,20,1,1,41.8,58,85.5,1.37
LAP00683,MSI,Windows,Coding,50.7,34.1,32,16.0,60,69,33,42,1,1,36.4,35,95.1,2.92
LAP00684,HP,Windows,Gaming,70.4,39.0,16,17.3,120,58,82,44,1,1,42.8,54,88.8,1.58
LAP00685,Lenovo,Windows,Browsing,55.6,8.0,16,16.0,90,21,34,33,0,1,31.0,38,89.4,5.58
LAP00686,HP,Windows,Browsing,35.7,14.4,4,15.4,165,56,93,70,1,0,47.9,25,95.6,1.97
LAP00687,Apple,macOS,Browsing,34.0,36.9,8,14.2,60,85,44,78,1,1,37.5,10,99.1,2.12
LAP00688,HP,Windows,Browsing,48.8,32.1,4,14.9,60,38,41,11,1,1,31.8,39,86.3,3.42
LAP00689,HP,Windows,Browsing,67.5,29.9,8,16.0,90,88,11,6,1,1,33.0,2,98.6,5.38
LAP00690,Apple,Windows,Coding,76.0,20.7,4,15.8,75,63,54,68,1,1,36.9,48,83.4,3.56
LAP00691,ASUS,Windows,Browsing,31.1,17.6,8,14.2,60,32,22,86,1,0,41.9,27,91.1,2.83
LAP00692,HP,Windows,Browsing,60.6,25.4,8,16.8,240,41,12,27,1,1,31.3,35,89.5,3.04
LAP00693,Apple,Windows,Video,49.0,19.6,16,16.8,60,26,75,97,1,1,48.5,15,92.8,2.4
LAP00694,Acer,Windows,Office,50.1,31.3,8,14.8,90,21,59,24,1,0,35.0,34,90.6,2.22
LAP00695,Lenovo,macOS,Office,39.0,25.4,16,15.4,60,81,52,65,0,1,39.9,58,82.8,2.0
LAP00696,Lenovo,Linux,Office,51.7,13.3,16,14.1,60,97,78,50,1,1,45.6,51,86.9,3.13
LAP00697,HP,Windows,Gaming,38.4,32.6,16,13.9,240,24,62,72,1,1,42.5,21,94.1,1.0
LAP00698,ASUS,Linux,Browsing,51.0,40.1,16,15.5,75,39,97,33,1,0,41.5,15,96.9,2.04
LAP00699,ASUS,Windows,Gaming,72.2,40.9,16,13.9,144,73,20,45,1,1,37.4,32,90.3,2.3
LAP00700,Acer,Linux,Video,64.5,33.1,32,15.9,144,95,29,46,1,0,29.5,12,100.0,2.75
LAP00701,HP,Windows,Browsing,83.7,33.2,8,14.4,144,82,33,31,1,1,39.8,48,87.4,4.7
LAP00702,Lenovo,Windows,Gaming,62.9,11.1,8,16.5,75,55,12,11,1,1,29.0,60,81.4,3.51
LAP00703,ASUS,Linux,Office,57.6,16.9,8,14.9,165,100,88,18,1,1,46.5,27,95.5,2.68
LAP00704,HP,Linux,Browsing,63.3,23.0,16,12.3,60,35,59,46,1,1,42.9,43,86.7,4.22
LAP00705,MSI,Linux,Video,43.4,32.1,8,14.5,60,76,56,37,1,1,38.8,15,93.3,1.98
LAP00706,ASUS,Windows,Video,30.0,17.8,16,15.1,60,83,95,9,1,1,43.4,59,79.9,1.2
LAP00707,Apple,macOS,Coding,66.9,21.3,8,12.6,60,29,81,9,1,1,35.0,1,100.0,3.85
LAP00708,MSI,macOS,Browsing,30.0,31.7,16,12.7,240,70,30,98,1,0,39.1,25,94.3,1.52
LAP00709,ASUS,Windows,Office,71.8,26.6,16,14.7,90,46,29,40,1,1,35.2,41,86.7,4.22
LAP00710,Lenovo,Windows,Video,66.3,29.0,8,16.4,144,26,96,54,1,1,46.9,27,93.9,2.15
LAP00711,Dell,Windows,Office,42.3,15.7,16,15.9,60,60,77,100,1,1,47.1,2,100.0,2.74
LAP00712,MSI,macOS,Office,48.5,21.2,32,15.0,165,95,30,95,1,1,40.3,43,88.1,2.4
LAP00713,Acer,Windows,Browsing,54.8,19.4,16,13.8,60,32,80,70,1,1,43.8,20,95.4,3.53
LAP00714,Acer,Windows,Browsing,41.2,25.0,8,13.7,165,85,94,73,1,0,46.5,31,90.2,1.8
LAP00715,Lenovo,Windows,Gaming,63.1,19.8,32,15.9,165,22,51,42,1,1,39.4,56,86.3,2.08
LAP00716,ASUS,Windows,Office,64.4,18.2,4,15.3,60,30,90,37,1,0,45.9,5,99.5,3.99
LAP00717,HP,Windows,Gaming,33.4,26.5,8,16.2,90,24,5,26,1,1,33.8,4,98.9,1.71
LAP00718,ASUS,Windows,Office,42.7,50.2,8,16.7,144,79,68,31,1,1,42.0,23,94.3,1.43
LAP00719,Lenovo,macOS,Video,54.4,32.0,32,14.4,60,21,16,70,1,0,42.1,0,100.0,3.35
LAP00720,Acer,Windows,Office,72.1,8.0,4,15.6,60,96,28,47,1,1,38.6,22,97.3,6.29
LAP00721,ASUS,Linux,Office,64.8,29.2,8,15.8,144,83,34,25,1,0,36.4,15,94.7,3.39
LAP00722,Acer,Windows,Browsing,30.0,18.8,32,14.0,75,32,18,85,1,1,41.2,7,99.2,2.9
LAP00723,MSI,Windows,Office,50.6,13.7,16,14.1,60,73,27,57,1,0,37.3,44,87.5,3.51
LAP00724,HP,Windows,Coding,62.1,33.4,16,16.0,60,31,6,75,1,1,36.7,24,96.5,3.79
LAP00725,MSI,Windows,Gaming,43.0,25.9,4,15.0,120,37,7,23,1,0,36.6,45,85.3,1.86
LAP00726,Acer,Windows,Coding,41.8,54.8,8,13.8,60,37,10,53,0,1,36.0,10,97.4,2.7
LAP00727,Acer,macOS,Browsing,43.8,23.6,64,13.9,144,36,87,45,1,1,46.1,56,85.5,2.1
LAP00728,Dell,Windows,Browsing,50.4,22.3,16,13.2,144,58,25,57,1,1,41.3,11,92.9,3.56
LAP00729,Dell,Windows,Browsing,40.3,39.4,32,14.5,60,32,24,92,1,0,45.6,44,89.4,2.37
LAP00730,MSI,Windows,Coding,64.9,25.3,32,13.6,75,64,25,31,1,1,30.1,7,97.0,4.01
LAP00731,Apple,Windows,Video,42.1,12.3,16,15.1,120,38,44,15,1,1,31.5,9,96.8,2.66
LAP00732,MSI,macOS,Gaming,39.5,14.4,8,17.3,165,38,72,89,1,1,42.4,34,92.0,1.31
LAP00733,Dell,Windows,Browsing,49.0,21.1,8,15.6,75,40,29,69,1,1,33.8,37,89.9,3.77
LAP00734,Acer,Windows,Coding,77.2,32.9,4,16.5,240,43,75,64,1,0,54.5,20,94.1,2.28
LAP00735,Lenovo,Windows,Office,62.9,40.3,8,15.6,60,49,75,12,1,0,43.4,50,84.8,2.49
LAP00736,MSI,Windows,Coding,63.8,34.6,32,12.7,75,67,37,5,0,0,33.2,17,95.5,3.84
LAP00737,Acer,Windows,Coding,59.3,31.8,16,15.2,60,54,55,11,1,1,37.9,17,94.9,3.15
LAP00738,Lenovo,Windows,Coding,40.8,38.2,32,14.0,90,78,94,8,1,1,39.5,57,83.3,1.28
LAP00739,Lenovo,Windows,Coding,45.4,32.5,16,13.8,90,36,85,83,1,0,43.2,57,89.7,1.49
LAP00740,Dell,Windows,Browsing,42.9,14.2,64,14.7,144,67,76,58,1,0,37.1,25,94.2,2.35
LAP00741,MSI,Windows,Video,71.4,22.4,32,15.9,240,74,94,90,1,1,43.1,19,94.4,2.17
LAP00742,ASUS,Linux,Browsing,59.4,18.8,16,14.6,240,28,83,66,1,1,47.6,24,99.4,3.14
LAP00743,HP,Windows,Coding,30.0,40.1,32,16.2,60,96,24,23,1,1,33.0,30,91.3,1.44
LAP00744,Dell,Linux,Office,76.8,13.5,16,15.3,60,33,23,14,1,0,31.1,17,90.3,6.58
LAP00745,Dell,Linux,Coding,50.0,13.8,16,15.4,60,45,75,97,1,0,52.3,15,93.9,3.05
LAP00746,ASUS,Windows,Gaming,64.8,27.0,16,14.9,60,71,60,62,1,1,43.3,52,87.4,2.41
LAP00747,HP,Windows,Gaming,70.8,48.1,16,16.8,60,63,60,49,0,0,44.8,44,82.1,1.99
LAP00748,Acer,Windows,Video,30.0,33.8,8,14.0,75,30,5,95,1,0,36.1,55,88.2,1.69
LAP00749,Apple,Linux,Coding,61.8,37.5,8,14.1,144,70,43,20,1,1,40.1,57,85.4,2.28
LAP00750,MSI,Windows,Video,51.2,11.7,8,14.6,90,61,41,0,1,0,36.6,42,84.9,3.09
LAP00751,Apple,Windows,Coding,30.0,33.0,8,15.7,144,81,22,96,1,1,36.1,17,95.2,1.33
LAP00752,Acer,Windows,Gaming,38.0,11.7,16,15.9,165,54,76,10,1,1,39.9,47,84.9,1.35
LAP00753,Dell,macOS,Office,48.2,33.8,32,14.2,60,83,83,66,1,0,39.4,13,93.8,1.95
LAP00754,HP,Windows,Gaming,67.7,8.0,16,16.3,144,37,10,21,1,1,32.1,6,96.3,4.09
LAP00755,Dell,Windows,Gaming,52.4,20.9,4,13.6,60,33,26,73,0,1,36.6,59,86.8,3.04
LAP00756,Lenovo,Windows,Video,57.2,8.0,16,16.0,75,68,15,87,1,0,40.0,37,91.5,4.16
LAP00757,Dell,Windows,Office,49.7,14.4,32,15.5,60,88,94,6,1,0,40.7,48,87.1,3.0
LAP00758,Dell,Windows,Browsing,71.3,8.0,16,15.0,60,36,76,48,1,1,46.7,28,90.9,7.03
LAP00759,Acer,Linux,Gaming,62.8,32.8,16,15.7,60,40,13,99,1,1,38.7,22,93.9,2.97
LAP00760,Acer,Linux,Browsing,57.4,26.1,8,14.8,60,33,17,0,1,1,32.6,46,89.6,5.33
LAP00761,Acer,Linux,Gaming,37.9,19.4,8,15.4,144,22,7,64,1,1,37.2,41,89.9,1.78
LAP00762,Apple,Windows,Office,56.8,26.4,16,17.3,144,50,71,62,1,0,42.4,56,82.3,2.24
LAP00763,Lenovo,Windows,Office,96.7,15.0,4,16.3,120,66,11,63,0,1,40.1,48,92.2,7.26
LAP00764,Acer,Windows,Gaming,66.9,28.9,8,14.2,120,63,71,25,1,0,43.2,33,91.0,2.22
LAP00765,HP,Windows,Coding,43.9,24.1,32,14.6,60,36,79,16,0,1,41.9,54,82.5,2.16
LAP00766,Apple,Windows,Coding,82.8,52.4,16,16.7,90,100,50,10,1,1,35.3,16,92.7,2.55
LAP00767,ASUS,Windows,Coding,43.2,44.6,8,14.4,60,75,62,66,1,0,39.3,44,92.3,1.59
LAP00768,HP,Windows,Office,65.7,36.3,8,17.3,60,46,32,9,1,1,34.6,17,97.2,3.99
LAP00769,MSI,Windows,Video,54.3,28.5,8,16.1,60,90,35,65,1,1,39.0,18,90.7,2.36
LAP00770,MSI,Windows,Office,57.7,30.0,4,13.1,120,88,56,31,1,1,36.6,1,100.0,3.33
LAP00771,HP,macOS,Gaming,58.3,39.9,16,16.2,90,21,13,15,1,1,31.9,28,91.1,2.78
LAP00772,Acer,Windows,Gaming,51.3,28.5,8,12.0,60,99,95,25,1,1,39.8,1,97.4,1.86
LAP00773,ASUS,macOS,Office,49.2,29.2,16,14.5,60,81,80,73,1,0,50.3,17,93.5,2.36
LAP00774,ASUS,Linux,Video,35.2,18.1,32,16.2,144,94,12,55,1,1,38.8,38,88.1,1.77
LAP00775,Apple,Windows,Coding,38.1,16.8,16,12.4,144,25,90,99,1,0,44.9,41,88.5,1.69
LAP00776,ASUS,Windows,Office,60.0,23.7,16,17.3,75,84,22,93,0,0,40.9,35,89.7,3.96
LAP00777,MSI,Windows,Gaming,44.8,8.0,8,16.4,60,37,98,8,0,0,36.4,35,92.6,2.8
LAP00778,Lenovo,Linux,Browsing,41.3,24.7,16,13.6,60,74,53,4,1,1,35.7,55,84.3,2.79
LAP00779,Acer,Windows,Office,97.4,22.1,16,17.1,60,86,15,6,1,0,31.6,20,91.6,8.0
LAP00780,ASUS,macOS,Coding,92.3,35.5,16,12.3,144,76,6,99,1,1,36.3,32,95.0,4.39
LAP00781,Apple,Windows,Coding,63.7,39.7,8,13.6,90,38,33,64,1,0,36.5,1,100.0,3.24
LAP00782,MSI,Linux,Coding,65.8,55.9,8,13.0,120,93,59,90,1,1,45.0,9,99.5,2.04
LAP00783,Lenovo,Linux,Video,42.8,32.0,8,12.2,75,30,57,11,1,1,36.3,14,93.4,2.16
LAP00784,Dell,Windows,Coding,37.2,26.8,16,14.5,144,74,30,79,1,1,41.7,11,98.2,1.92
LAP00785,Dell,Windows,Coding,49.9,18.2,16,15.3,75,56,55,47,1,0,44.4,2,93.6,3.03
LAP00786,Lenovo,Windows,Browsing,55.0,12.4,16,15.2,60,23,82,71,1,1,46.5,3,95.1,4.54
LAP00787,MSI,Windows,Office,65.7,36.0,16,15.2,60,32,96,24,1,1,47.5,8,100.0,2.85
LAP00788,Apple,Windows,Browsing,30.0,24.7,8,15.1,144,89,10,12,1,0,29.9,45,90.2,2.08
LAP00789,Lenovo,Linux,Office,87.2,30.1,32,13.3,120,77,16,40,1,0,35.1,41,85.2,4.71
LAP00790,Acer,Windows,Coding,58.7,25.2,16,14.3,60,21,38,9,1,0,38.6,9,98.0,4.14
LAP00791,Acer,macOS,Browsing,31.7,25.5,4,11.6,144,79,74,39,1,1,41.4,30,94.5,1.64
LAP00792,Dell,Linux,Office,57.4,27.6,16,16.5,60,51,68,32,1,0,41.6,36,92.9,2.89
LAP00793,ASUS,Windows,Browsing,41.5,30.1,16,15.1,120,82,41,34,1,1,34.6,10,94.2,2.49
LAP00794,Apple,macOS,Gaming,40.4,36.3,8,15.1,240,79,41,36,1,1,42.8,60,82.6,1.0
LAP00795,Dell,Windows,Gaming,39.1,10.2,16,16.1,60,45,12,91,1,0,36.4,26,95.4,2.22
LAP00796,ASUS,Linux,Coding,51.2,32.0,32,16.2,60,41,41,15,1,0,36.7,45,87.4,2.65
LAP00797,ASUS,Windows,Gaming,86.5,9.5,8,14.5,75,93,50,71,1,1,39.6,5,98.7,5.05
LAP00798,Acer,Windows,Video,56.4,33.4,16,14.8,120,23,35,32,1,1,33.1,42,86.1,2.43
LAP00799,MSI,Windows,Coding,65.4,28.8,8,17.2,60,35,15,52,1,1,37.2,29,94.1,4.53
LAP00800,HP,Windows,Browsing,69.1,24.1,32,14.2,75,82,40,34,1,1,42.7,42,90.1,4.81
LAP00801,MSI,Windows,Video,52.8,24.5,8,17.2,60,61,72,54,1,1,40.6,34,91.8,2.16
LAP00802,HP,Windows,Video,37.6,26.6,8,14.5,60,52,21,75,1,1,35.4,44,86.6,1.85
LAP00803,Lenovo,Windows,Coding,31.0,38.1,16,12.3,120,32,20,78,0,1,36.9,17,98.4,1.76
LAP00804,Acer,macOS,Video,49.2,37.0,4,15.1,144,65,34,16,1,1,34.3,49,84.3,1.79
LAP00805,ASUS,Windows,Coding,72.2,35.6,8,14.5,120,32,43,26,1,1,38.5,5,99.6,3.72
LAP00806,Apple,Windows,Video,69.0,8.8,4,13.1,60,52,48,20,1,0,31.6,12,94.0,6.1
LAP00807,HP,Windows,Gaming,58.8,31.9,8,14.9,144,33,73,20,1,1,43.7,37,92.4,1.69
LAP00808,MSI,Linux,Office,60.8,8.0,8,14.3,60,27,41,16,1,1,40.3,11,97.5,6.1
LAP00809,ASUS,macOS,Video,52.9,8.0,32,17.3,75,65,30,26,1,0,36.8,6,99.6,4.12
LAP00810,HP,Windows,Office,47.8,38.5,32,16.4,60,20,96,75,1,1,44.2,13,90.7,1.73
LAP00811,HP,Windows,Coding,43.9,8.0,16,13.7,144,78,87,47,1,1,47.5,8,97.6,2.6
LAP00812,HP,Windows,Video,32.9,22.9,16,14.0,120,79,25,43,1,1,35.0,34,93.2,1.62
LAP00813,Apple,Windows,Browsing,82.0,41.9,16,16.4,75,68,96,35,1,1,44.8,46,91.8,3.15
LAP00814,Acer,Linux,Coding,57.6,32.0,8,16.7,144,99,23,27,1,1,34.8,6,97.4,2.67
LAP00815,Apple,Windows,Browsing,48.4,29.4,8,14.5,144,80,15,24,1,0,30.1,38,91.2,3.07
LAP00816,Dell,macOS,Coding,82.3,24.3,16,14.3,60,42,23,72,1,1,44.4,55,87.2,5.06
LAP00817,ASUS,Windows,Office,85.2,26.5,8,14.8,75,24,73,46,0,1,38.5,20,92.8,4.57
LAP00818,Acer,macOS,Video,96.2,17.5,16,15.4,60,69,6,100,0,1,38.8,18,95.3,6.93
LAP00819,Acer,Windows,Browsing,51.3,19.2,16,16.0,60,55,29,22,1,1,35.7,58,83.3,4.15
LAP00820,Acer,Linux,Coding,56.6,26.0,16,16.1,144,39,94,74,1,1,47.4,26,92.6,1.86
LAP00821,MSI,macOS,Office,64.8,27.8,16,13.5,165,62,34,49,0,1,38.7,60,83.8,3.06
LAP00822,Acer,macOS,Gaming,79.9,23.1,16,14.5,60,27,21,64,1,1,37.7,1,96.7,4.74
LAP00823,Apple,Windows,Gaming,55.9,8.0,32,12.1,60,60,89,15,1,0,43.1,51,90.5,3.26
LAP00824,Acer,Windows,Gaming,40.2,43.8,16,15.0,60,44,88,49,1,1,41.5,59,87.7,1.0
LAP00825,Lenovo,Windows,Video,43.7,36.2,8,13.1,60,26,22,12,1,1,30.1,55,86.1,2.05
LAP00826,ASUS,Windows,Video,72.7,22.6,16,14.0,120,80,84,83,1,0,50.1,13,95.5,2.84
LAP00827,Acer,Windows,Browsing,64.3,36.6,16,16.5,75,52,96,79,1,1,49.3,36,88.4,2.49
LAP00828,ASUS,Windows,Office,52.4,20.7,16,15.5,60,88,80,79,1,1,45.4,32,94.8,2.85
LAP00829,Lenovo,Windows,Office,51.4,28.8,16,15.5,60,57,44,34,1,1,41.9,43,85.0,3.03
LAP00830,Lenovo,Windows,Video,52.4,8.0,4,15.0,144,31,10,31,1,1,35.2,11,91.5,2.73
LAP00831,ASUS,Windows,Gaming,73.6,28.1,32,17.0,60,63,92,86,1,1,50.1,50,85.1,2.08
LAP00832,HP,Windows,Browsing,43.2,21.6,32,14.1,60,72,47,24,1,1,42.0,20,95.7,3.75
LAP00833,Dell,Windows,Gaming,36.8,27.6,16,15.2,90,33,74,42,1,1,42.6,29,89.4,1.12
LAP00834,MSI,Windows,Coding,82.3,45.5,8,15.2,60,90,21,27,1,1,33.6,21,91.2,4.02
LAP00835,HP,Windows,Coding,55.4,24.8,16,14.5,120,71,46,65,1,0,39.5,1,100.0,2.75
LAP00836,HP,Windows,Browsing,53.8,19.5,16,17.3,60,71,23,66,1,1,31.7,28,93.3,4.16
LAP00837,Apple,macOS,Browsing,65.1,19.6,8,13.3,165,65,59,94,1,1,41.5,23,93.7,3.55
LAP00838,MSI,macOS,Coding,40.2,8.0,16,12.4,60,99,96,96,1,1,51.5,31,89.1,2.7
LAP00839,MSI,macOS,Coding,66.3,29.9,16,15.2,60,60,33,32,1,1,34.1,44,85.1,3.87
LAP00840,HP,Linux,Browsing,49.3,31.4,4,14.2,75,21,58,46,1,1,39.4,11,97.5,2.98
LAP00841,Acer,Windows,Coding,71.9,25.8,16,11.8,165,68,75,34,1,0,43.9,54,82.7,2.99
LAP00842,Apple,Windows,Gaming,32.0,36.0,16,15.5,120,97,87,99,1,1,48.8,54,86.2,1.0
LAP00843,Apple,Windows,Video,61.8,36.2,16,15.3,60,47,12,63,1,1,37.0,58,78.6,3.16
LAP00844,Lenovo,Windows,Gaming,51.5,25.8,8,16.6,60,51,12,89,0,1,42.6,6,100.0,2.89
LAP00845,MSI,Windows,Office,44.4,32.0,8,14.2,90,95,73,11,1,1,41.9,52,83.7,1.84
LAP00846,HP,Windows,Office,66.6,51.1,8,12.4,120,96,47,52,1,1,33.6,1,100.0,2.82
LAP00847,Lenovo,Windows,Video,52.8,15.1,4,13.7,90,41,54,43,0,1,44.8,39,89.6,3.74
LAP00848,ASUS,Windows,Office,62.0,34.3,8,12.3,75,61,89,45,1,1,43.3,18,95.7,2.78
LAP00849,Dell,Linux,Browsing,74.0,26.0,8,17.1,144,48,8,10,1,1,33.7,50,87.6,4.66
LAP00850,Apple,Windows,Office,66.9,37.5,8,16.4,60,98,40,69,1,1,40.9,17,97.3,3.69
LAP00851,ASUS,Windows,Office,38.8,15.5,8,16.8,240,87,9,88,1,1,35.7,33,93.3,1.76
LAP00852,ASUS,Windows,Office,46.9,27.4,8,15.9,165,52,91,45,1,1,45.8,1,100.0,1.88
LAP00853,Acer,Windows,Office,61.9,16.8,8,13.0,120,65,23,58,1,1,35.6,44,87.5,4.23
LAP00854,Dell,Windows,Office,66.9,8.0,16,14.4,144,28,46,58,1,1,39.0,37,91.0,4.56
LAP00855,ASUS,macOS,Browsing,49.1,41.9,16,16.1,60,57,19,33,1,1,37.1,39,94.4,3.46
LAP00856,ASUS,Windows,Coding,58.0,19.8,4,12.6,90,99,62,98,1,1,43.0,18,94.9,2.93
LAP00857,Dell,Windows,Coding,57.9,14.9,8,15.6,60,45,18,20,1,1,28.0,5,99.0,5.23
LAP00858,Dell,Windows,Coding,60.0,18.1,16,16.1,144,62,52,81,1,1,40.1,50,83.6,2.56
LAP00859,ASUS,Windows,Browsing,37.3,46.9,8,17.3,75,72,76,71,1,0,48.6,40,89.1,1.23
LAP00860,Dell,Linux,Office,33.8,40.7,32,16.3,90,46,77,97,1,1,49.9,46,86.3,1.17
LAP00861,ASUS,Windows,Coding,30.0,22.4,16,15.7,144,30,79,51,1,1,45.1,16,92.5,1.17
LAP00862,ASUS,Linux,Coding,56.6,35.3,8,15.0,144,45,86,47,1,1,45.2,22,88.9,1.61
LAP00863,Acer,macOS,Coding,34.5,12.1,16,15.8,60,97,67,77,1,1,50.2,39,89.1,2.02
LAP00864,HP,Linux,Office,87.1,31.3,16,15.9,60,76,59,18,1,1,42.3,8,100.0,4.96
LAP00865,ASUS,Windows,Gaming,64.8,19.8,8,12.1,60,20,36,83,1,1,38.7,36,86.4,2.94
LAP00866,Lenovo,Windows,Office,37.3,30.2,8,15.3,60,30,40,3,1,0,36.4,37,98.2,2.76
LAP00867,Apple,Windows,Office,72.0,8.5,16,11.6,60,49,89,31,1,1,45.0,20,97.0,6.0
LAP00868,MSI,Windows,Coding,72.1,17.9,32,11.8,60,23,95,89,1,1,46.4,57,86.0,3.42
LAP00869,HP,Windows,Coding,73.3,27.2,8,15.1,60,91,89,27,1,1,44.1,20,92.5,3.03
LAP00870,HP,Linux,Office,42.9,27.1,8,15.7,60,99,79,75,1,1,43.1,26,93.1,2.01
LAP00871,HP,Linux,Office,65.7,8.0,8,13.1,60,52,61,57,1,1,41.7,10,100.0,6.3
LAP00872,Acer,Linux,Video,73.5,13.3,16,16.5,144,52,48,73,1,1,41.0,38,83.1,2.87
LAP00873,ASUS,Windows,Office,78.6,30.1,16,17.1,75,93,38,40,1,1,41.5,29,92.8,4.55
LAP00874,Acer,Windows,Browsing,32.1,28.7,16,16.1,60,85,55,98,1,1,47.4,27,95.3,1.88
LAP00875,ASUS,Windows,Office,51.7,32.9,16,15.0,60,23,73,32,1,1,38.6,19,97.7,2.33
LAP00876,Acer,macOS,Video,42.3,27.3,8,15.4,144,70,96,13,1,1,48.7,46,90.2,1.19
LAP00877,Acer,Linux,Browsing,83.0,12.4,16,15.2,165,46,14,86,1,1,40.5,44,87.6,5.37
LAP00878,Apple,Windows,Gaming,62.4,20.8,8,15.3,75,52,16,81,1,1,34.1,46,88.4,2.91
LAP00879,Lenovo,Windows,Coding,68.4,31.4,16,13.6,165,96,45,52,1,0,36.7,45,88.7,2.67
LAP00880,Acer,Linux,Gaming,62.1,13.0,32,14.5,75,94,7,75,1,1,33.0,37,89.3,3.31
LAP00881,Apple,macOS,Gaming,60.6,11.5,16,15.1,60,51,69,41,1,0,40.1,3,99.7,3.65
LAP00882,Dell,Linux,Office,42.1,21.4,8,15.5,60,86,44,35,1,1,43.3,60,82.5,2.63
LAP00883,Lenovo,Windows,Browsing,48.3,28.3,16,15.8,60,96,69,24,1,1,40.0,17,96.0,2.69
LAP00884,Acer,Windows,Browsing,56.1,8.0,16,13.6,120,47,81,51,1,1,44.7,49,87.1,3.86
LAP00885,MSI,Windows,Browsing,45.3,22.1,64,14.8,60,76,83,100,1,1,53.8,59,85.5,2.23
LAP00886,HP,Windows,Video,42.5,31.2,8,14.6,120,38,75,39,0,0,39.4,28,92.5,1.62
LAP00887,Dell,Windows,Office,51.9,33.6,16,17.3,75,50,34,85,1,1,41.9,35,88.9,2.82
LAP00888,Dell,Windows,Office,45.9,13.0,8,15.3,60,72,92,69,1,1,49.8,26,90.3,2.79
LAP00889,Apple,Linux,Office,55.7,29.5,8,15.9,60,51,76,79,1,1,42.8,52,85.3,2.03
LAP00890,Dell,Windows,Gaming,48.4,36.9,8,16.4,60,28,71,61,1,1,45.9,0,100.0,1.41
LAP00891,Lenovo,macOS,Browsing,44.7,32.3,8,16.2,144,70,83,86,1,1,47.6,34,86.5,1.6
LAP00892,Acer,Windows,Browsing,41.1,20.1,8,12.2,144,42,47,8,0,0,32.2,4,100.0,3.29
LAP00893,Acer,Windows,Browsing,55.1,8.0,8,14.8,90,44,57,98,1,1,47.4,55,84.4,3.99
LAP00894,MSI,Windows,Gaming,68.3,27.5,4,15.9,60,65,82,92,1,1,48.2,51,84.2,1.98
LAP00895,HP,Windows,Coding,64.8,43.9,16,15.2,60,63,95,77,1,1,47.9,5,96.2,1.97
LAP00896,Apple,Windows,Office,32.1,34.9,16,12.7,165,85,34,68,1,1,40.6,59,76.8,1.3
LAP00897,HP,Windows,Browsing,67.9,34.1,16,13.5,60,86,45,20,1,0,41.8,35,89.6,4.02
LAP00898,Dell,Windows,Office,64.7,27.0,16,13.8,60,47,48,52,0,0,40.0,4,97.1,4.23
LAP00899,MSI,Windows,Browsing,68.3,35.8,32,15.5,90,97,41,69,1,1,38.0,43,87.4,3.55
LAP00900,HP,Windows,Gaming,71.3,28.6,16,15.3,60,43,10,0,1,1,28.0,31,88.8,3.59
LAP00901,Lenovo,Linux,Video,44.1,8.0,8,17.1,165,75,87,30,1,1,40.5,38,86.8,1.94
LAP00902,Acer,Windows,Office,50.5,35.7,16,15.0,90,69,41,44,1,1,35.7,44,84.4,2.33
LAP00903,Dell,Windows,Gaming,81.9,14.7,16,15.3,165,22,5,27,1,1,30.8,30,94.3,3.92
LAP00904,MSI,Linux,Browsing,81.0,25.8,16,13.1,144,42,93,2,1,1,40.8,39,89.5,4.32
LAP00905,HP,Windows,Video,53.9,33.9,16,14.8,120,53,14,86,1,1,40.8,44,85.1,2.16
LAP00906,Apple,macOS,Gaming,64.0,16.0,16,17.3,144,28,30,39,1,0,33.9,43,88.5,2.95
LAP00907,Lenovo,Windows,Office,65.4,13.2,16,15.5,90,78,91,3,1,0,38.5,41,87.3,4.02
LAP00908,Lenovo,Linux,Video,81.4,30.7,16,14.2,60,85,21,69,1,1,37.5,9,97.1,4.12
LAP00909,HP,Windows,Office,60.2,11.6,16,15.6,60,41,68,75,1,0,44.1,30,92.2,4.52
LAP00910,Acer,Linux,Office,36.8,22.7,8,16.5,60,54,98,11,1,1,45.0,7,100.0,1.95
LAP00911,HP,Linux,Browsing,47.9,38.5,16,15.7,60,50,31,61,1,1,39.3,26,94.2,2.89
LAP00912,Dell,Windows,Office,100.0,44.5,16,16.2,75,97,79,70,1,1,46.4,28,91.2,3.46
LAP00913,HP,Windows,Video,36.1,8.0,16,16.3,60,67,72,91,1,0,46.4,59,82.9,2.1
LAP00914,Lenovo,Windows,Gaming,55.8,22.4,32,15.2,60,72,22,89,1,1,35.6,13,97.3,2.68
LAP00915,MSI,Linux,Coding,89.7,40.2,8,15.5,60,94,87,47,1,1,39.5,22,94.4,3.22
LAP00916,HP,Windows,Gaming,43.0,20.2,16,14.2,144,51,54,6,1,0,30.5,3,93.9,1.89
LAP00917,Acer,Linux,Video,30.0,34.5,16,14.1,144,31,94,56,1,1,42.1,51,85.3,1.0
LAP00918,MSI,Windows,Browsing,30.0,35.4,16,14.9,144,81,69,55,1,1,41.7,33,92.3,1.32
LAP00919,Apple,Linux,Office,43.1,17.7,8,13.1,60,22,24,66,1,1,39.0,40,91.9,3.82
LAP00920,ASUS,Windows,Browsing,30.0,30.1,8,15.5,60,25,66,12,1,1,31.6,37,87.0,1.52
LAP00921,HP,Windows,Coding,70.6,30.9,16,13.9,60,31,79,51,0,1,41.0,60,83.2,2.79
LAP00922,Acer,Windows,Gaming,59.0,35.9,8,15.3,75,72,63,62,1,1,40.8,26,94.9,1.75
LAP00923,MSI,Windows,Browsing,30.0,8.0,32,15.7,60,39,29,40,1,1,35.0,18,99.7,3.53
LAP00924,Acer,Windows,Video,31.1,40.5,8,13.2,144,25,87,74,1,1,44.7,30,91.9,1.0
LAP00925,Apple,Windows,Coding,73.6,33.2,16,15.6,120,33,100,22,1,1,39.5,2,94.4,2.49
LAP00926,Lenovo,Windows,Coding,57.9,11.4,8,12.1,60,75,69,46,1,1,41.2,28,89.2,4.35
LAP00927,Acer,macOS,Office,76.5,23.5,16,15.8,240,60,69,64,1,0,40.6,12,97.9,3.07
LAP00928,MSI,Linux,Office,71.8,35.1,16,15.8,144,68,71,97,0,1,50.0,26,91.5,2.73
LAP00929,Acer,Windows,Browsing,37.7,12.1,8,15.9,120,84,62,30,1,1,43.1,42,91.8,2.6
LAP00930,Acer,Windows,Browsing,68.2,13.9,16,15.5,60,50,44,96,0,1,40.3,59,84.0,5.4
LAP00931,Acer,Windows,Browsing,63.4,25.2,8,14.3,165,47,100,99,1,1,47.7,31,91.3,2.66
LAP00932,Dell,Windows,Coding,30.0,19.8,16,14.3,75,31,51,35,1,1,44.2,45,90.8,1.84
LAP00933,Dell,Windows,Browsing,34.6,28.0,16,14.1,60,35,47,13,1,1,32.4,48,88.8,2.54
LAP00934,Lenovo,Windows,Gaming,91.6,34.9,8,16.4,120,54,12,36,0,0,34.5,49,88.0,4.16
LAP00935,HP,Windows,Coding,41.1,28.3,8,17.3,60,63,98,31,1,0,48.6,36,88.9,1.63
LAP00936,Acer,Linux,Coding,61.2,24.9,16,15.1,165,87,66,52,1,1,39.3,56,83.7,2.24
LAP00937,Apple,Windows,Office,52.1,34.9,8,13.6,144,29,38,27,1,1,31.9,2,100.0,2.61
LAP00938,HP,Linux,Coding,57.8,23.7,8,14.6,75,22,12,64,1,1,34.9,38,87.8,3.73
LAP00939,Apple,Windows,Gaming,53.1,16.1,16,16.4,60,50,29,46,0,1,36.3,5,98.6,3.56
LAP00940,HP,Windows,Browsing,69.5,38.9,8,15.8,75,71,30,70,1,1,39.6,58,79.4,3.65
LAP00941,Lenovo,Windows,Office,69.1,8.0,16,15.0,60,84,95,79,1,0,48.0,2,100.0,5.64
LAP00942,Acer,Windows,Video,56.8,25.8,16,14.6,60,24,58,31,1,0,40.6,58,79.7,2.62
LAP00943,Acer,Windows,Browsing,41.4,20.6,8,12.6,75,24,87,23,1,1,34.4,51,86.9,2.65
LAP00944,ASUS,Windows,Browsing,46.5,13.9,4,14.7,60,85,91,13,1,1,42.1,12,92.7,3.82
LAP00945,Apple,Windows,Office,31.4,28.6,16,14.5,144,34,45,46,1,0,36.8,10,95.6,1.68
LAP00946,HP,Windows,Browsing,50.0,30.5,4,14.4,60,84,84,78,1,1,50.2,26,96.1,2.49
LAP00947,HP,Windows,Coding,30.0,15.1,4,15.4,144,40,76,0,1,1,41.3,52,85.1,1.46
LAP00948,Dell,macOS,Browsing,58.3,8.2,16,17.3,60,90,67,91,1,1,48.2,1,96.1,4.06
LAP00949,ASUS,Windows,Gaming,59.4,9.3,16,15.0,90,30,98,18,1,1,46.1,39,90.9,3.05
LAP00950,MSI,Windows,Video,70.1,46.8,8,15.8,144,61,76,57,1,1,44.1,43,85.0,1.29
LAP00951,MSI,Windows,Coding,36.7,48.1,16,14.9,60,85,79,6,1,1,38.5,11,94.0,1.08
LAP00952,Dell,Windows,Coding,37.7,25.4,16,14.9,120,80,11,81,1,0,37.3,54,81.0,1.88
LAP00953,Dell,Windows,Gaming,77.9,8.5,16,16.6,120,79,89,76,1,0,49.5,46,85.8,3.12
LAP00954,Dell,Windows,Browsing,34.5,23.3,16,15.5,120,33,89,63,1,1,44.8,56,86.2,1.52
LAP00955,Apple,Windows,Gaming,85.8,8.0,32,16.1,60,24,73,17,1,0,40.3,39,87.3,5.08
LAP00956,Apple,Windows,Video,41.1,28.8,8,16.7,144,50,54,62,0,0,41.1,11,93.9,1.74
LAP00957,Lenovo,Linux,Video,41.2,13.1,8,15.5,120,67,47,67,1,0,40.2,22,91.8,2.06
LAP00958,Lenovo,Windows,Coding,67.6,10.5,4,15.3,90,51,21,49,0,1,40.2,30,97.0,6.4
LAP00959,Dell,Windows,Browsing,63.2,36.7,8,16.0,144,76,25,67,1,1,36.8,56,83.7,3.0
LAP00960,ASUS,Windows,Office,79.6,23.1,8,14.1,60,53,10,90,1,1,35.0,9,95.7,6.36
LAP00961,HP,Windows,Video,30.0,35.4,8,14.1,60,93,75,15,1,1,42.2,52,81.7,1.06
LAP00962,Apple,Linux,Browsing,63.0,39.5,16,13.9,60,46,79,13,1,1,40.0,34,94.4,3.06
LAP00963,ASUS,Windows,Video,54.3,23.9,4,14.3,60,24,86,61,1,1,43.4,5,100.0,2.37
LAP00964,Acer,Windows,Browsing,38.8,24.9,16,13.3,60,36,42,77,1,1,39.7,24,93.4,2.77
LAP00965,Apple,Windows,Browsing,83.2,37.7,8,12.7,60,94,67,6,0,1,37.4,30,85.2,4.14
LAP00966,Apple,Windows,Browsing,58.5,18.5,32,13.8,75,88,16,55,1,1,34.1,53,83.2,4.12
LAP00967,Lenovo,Windows,Browsing,54.1,38.9,16,11.7,60,75,26,13,0,0,38.8,29,93.7,4.14
LAP00968,HP,Windows,Coding,61.8,8.0,16,15.4,165,57,7,41,1,1,37.4,59,83.6,3.27
LAP00969,HP,Windows,Browsing,30.0,20.7,32,15.1,60,73,23,69,1,0,34.4,14,94.3,2.7
LAP00970,MSI,Windows,Gaming,36.3,27.2,32,16.0,144,67,47,61,1,1,38.6,45,86.5,1.1
LAP00971,MSI,Windows,Coding,50.0,10.5,16,13.7,60,99,91,42,1,1,43.2,2,98.8,3.4
LAP00972,MSI,Windows,Browsing,59.7,29.4,8,15.7,120,68,71,56,1,1,36.0,17,96.3,2.98
LAP00973,MSI,Windows,Coding,74.1,27.1,16,13.9,60,60,91,90,1,1,46.1,52,86.4,2.86
LAP00974,Acer,Linux,Gaming,41.7,16.2,8,16.1,90,41,9,74,1,1,38.4,55,83.7,2.03
LAP00975,Acer,Windows,Video,38.3,15.8,8,12.4,165,76,33,30,0,1,35.7,55,83.0,1.77
LAP00976,Apple,Windows,Browsing,62.5,14.5,8,14.7,120,85,9,50,1,1,38.9,16,100.0,5.07
LAP00977,Dell,Windows,Gaming,53.0,8.0,8,14.4,144,38,97,66,1,0,48.1,59,83.9,2.23
LAP00978,Lenovo,Windows,Video,30.0,44.3,8,16.1,60,21,49,0,1,1,40.1,13,93.1,1.17
LAP00979,Lenovo,Windows,Browsing,41.2,22.5,8,16.1,144,94,58,79,1,1,45.3,45,81.9,1.72
LAP00980,MSI,macOS,Browsing,52.3,8.8,8,16.7,60,52,28,43,1,1,36.4,15,93.7,5.59
LAP00981,Apple,Windows,Coding,52.7,23.5,8,12.2,75,92,25,90,1,0,37.1,50,84.5,2.97
LAP00982,ASUS,Windows,Browsing,56.3,27.9,16,17.1,60,78,36,49,0,1,34.7,26,89.8,3.58
LAP00983,Dell,Windows,Video,35.5,15.2,16,13.7,75,25,9,59,1,1,36.7,42,87.4,2.45
LAP00984,Apple,Windows,Office,53.0,20.6,16,17.3,75,30,66,2,1,1,40.8,36,92.8,3.47
LAP00985,Dell,Windows,Gaming,69.2,40.6,32,17.3,120,46,22,71,1,1,38.7,32,91.8,2.34
LAP00986,Dell,Linux,Coding,30.0,11.0,8,16.7,144,91,39,79,1,0,42.3,60,86.8,1.54
LAP00987,Dell,Windows,Browsing,50.8,18.0,32,13.8,60,64,84,53,1,1,46.4,53,82.9,2.82
LAP00988,Apple,Windows,Browsing,30.1,8.0,8,13.3,240,50,92,1,1,1,39.9,19,99.7,2.07
LAP00989,MSI,Windows,Coding,54.5,46.9,32,14.0,144,82,9,28,1,1,34.7,24,92.5,2.52
LAP00990,Lenovo,Windows,Video,32.4,32.9,8,15.8,60,63,13,15,1,0,34.4,49,85.2,1.77
LAP00991,Lenovo,Linux,Video,57.0,24.4,16,13.5,60,60,8,92,1,1,35.0,57,84.1,3.35
LAP00992,MSI,Windows,Office,79.4,16.4,4,12.4,60,66,37,94,1,1,42.5,13,100.0,6.74
LAP00993,Dell,Windows,Browsing,40.3,15.8,16,16.5,60,88,95,58,1,1,47.3,36,93.5,2.94
LAP00994,ASUS,Windows,Browsing,42.5,21.8,8,14.2,144,98,26,10,1,1,35.0,4,98.5,3.32
LAP00995,HP,Linux,Coding,48.0,31.0,16,16.3,60,21,63,95,1,0,46.0,53,83.2,1.91
LAP00996,Apple,Linux,Browsing,59.8,12.2,16,16.1,60,34,15,23,1,0,36.0,36,89.9,6.77
LAP00997,HP,Windows,Office,39.7,19.4,32,15.3,60,39,73,82,1,1,51.9,9,94.1,2.48
LAP00998,MSI,Windows,Coding,49.3,35.3,16,16.2,60,22,14,31,1,1,34.7,9,96.1,3.28
LAP00999,ASUS,Windows,Gaming,45.0,44.3,8,17.1,60,58,7,73,1,1,41.4,8,97.7,2.04
LAP01000,Apple,Windows,Office,48.0,31.5,8,16.1,60,93,19,53,1,0,31.4,13,96.5,3.45
LAP01001,MSI,Windows,Browsing,60.0,17.1,16,16.1,165,29,41,55,1,1,39.7,32,92.8,3.67
LAP01002,Dell,Windows,Coding,63.3,23.1,8,15.5,60,59,44,95,1,1,38.2,28,86.1,3.05
LAP01003,Lenovo,Windows,Coding,32.8,29.9,16,14.4,60,32,21,86,1,1,37.9,23,91.5,1.88
LAP01004,HP,Windows,Office,59.9,21.5,8,15.4,165,63,24,96,1,0,45.6,5,97.6,3.46
LAP01005,Acer,macOS,Gaming,100.0,33.5,16,15.3,90,51,8,93,0,1,40.8,58,84.0,4.13
LAP01006,Acer,Windows,Video,78.2,16.2,16,15.7,60,92,38,93,1,1,42.3,56,83.8,4.0
LAP01007,ASUS,Windows,Browsing,45.4,44.4,8,15.5,60,49,99,70,0,1,50.9,25,97.8,1.88
LAP01008,Dell,Windows,Browsing,57.0,23.9,16,14.4,60,20,38,79,1,0,41.6,38,89.2,4.09
LAP01009,HP,Windows,Coding,54.5,17.4,8,16.6,90,72,71,42,1,0,40.7,43,88.1,2.89
LAP01010,Dell,Windows,Video,61.9,32.1,4,14.3,60,95,32,52,1,1,32.9,46,93.9,3.1
LAP01011,HP,macOS,Browsing,48.7,13.3,32,15.6,90,63,97,0,1,0,42.9,47,83.5,3.01
LAP01012,ASUS,Windows,Coding,51.0,26.8,8,15.7,120,54,83,93,1,1,44.5,2,98.7,2.2
LAP01013,ASUS,macOS,Coding,44.0,41.8,16,13.5,60,59,40,97,1,1,42.5,47,86.4,1.71
LAP01014,Acer,Windows,Browsing,71.4,10.4,16,17.2,75,64,39,60,1,1,39.1,39,90.8,5.4
LAP01015,Dell,Windows,Coding,59.7,39.3,16,14.9,165,79,45,33,1,0,36.9,45,83.8,1.89
LAP01016,Apple,Windows,Gaming,59.8,9.5,8,13.6,144,82,63,60,1,1,43.3,31,90.4,2.38
LAP01017,Acer,Windows,Browsing,73.3,34.8,16,15.0,120,29,78,60,1,0,49.6,25,95.7,3.41
LAP01018,Dell,Windows,Office,73.5,13.6,8,13.6,75,66,21,94,1,1,40.5,2,100.0,5.94
LAP01019,Acer,Linux,Office,70.7,39.3,16,14.2,60,43,34,7,1,1,34.4,11,99.5,4.36
LAP01020,Apple,Linux,Gaming,73.0,18.1,32,14.2,75,76,58,53,1,1,40.5,13,97.5,3.5
LAP01021,Lenovo,Linux,Gaming,78.4,20.7,8,14.8,144,37,56,52,0,1,40.9,60,84.7,2.81
LAP01022,Lenovo,Linux,Office,40.5,13.7,16,16.9,90,76,76,19,1,1,43.8,18,96.4,2.73
LAP01023,Lenovo,Linux,Video,50.5,8.0,8,15.1,144,91,27,45,1,0,28.0,3,98.1,3.12
LAP01024,Lenovo,Windows,Coding,65.6,11.3,8,15.2,165,65,23,92,1,0,39.3,11,98.3,3.9
LAP01025,MSI,Windows,Coding,41.7,8.0,8,14.3,120,62,41,30,1,1,30.3,34,87.4,2.37
LAP01026,HP,Windows,Office,49.6,8.0,8,15.4,90,96,63,84,1,1,42.8,53,80.2,2.89
LAP01027,MSI,Windows,Browsing,57.9,28.5,8,15.0,60,35,40,25,1,1,37.0,58,86.6,3.4
LAP01028,MSI,Windows,Office,51.5,43.3,8,14.9,60,33,72,94,1,1,49.2,22,90.6,1.93
LAP01029,MSI,Windows,Coding,56.0,46.6,16,16.0,60,28,30,62,0,0,40.9,47,89.2,2.66
LAP01030,Lenovo,Windows,Browsing,37.8,11.0,4,13.7,75,92,31,19,1,1,39.3,2,97.1,4.08
LAP01031,Apple,macOS,Gaming,54.4,23.7,8,16.8,60,88,81,21,1,0,40.3,2,98.4,2.32
LAP01032,ASUS,Windows,Browsing,57.0,39.0,8,11.6,75,80,66,56,1,0,39.6,60,80.3,2.45
LAP01033,ASUS,Windows,Browsing,79.2,9.3,16,14.9,144,30,66,56,1,1,40.6,38,92.2,5.49
LAP01034,HP,Linux,Coding,51.0,39.4,8,16.9,240,38,56,25,1,1,40.7,41,86.8,1.48
LAP01035,Lenovo,macOS,Video,45.2,39.6,32,16.7,144,83,48,16,1,1,41.2,56,87.0,1.37
LAP01036,Lenovo,Windows,Browsing,65.7,8.0,8,15.2,60,57,37,88,1,1,42.8,15,96.5,6.46
LAP01037,Lenovo,Linux,Office,30.0,8.0,8,13.9,60,29,94,100,1,1,47.8,12,98.7,2.55
LAP01038,Acer,macOS,Gaming,50.2,20.2,8,14.8,60,35,88,26,1,0,38.5,18,97.8,2.14
LAP01039,Dell,macOS,Office,47.3,36.3,8,17.3,60,88,67,66,1,1,42.6,27,92.2,2.11
LAP01040,Acer,macOS,Office,58.9,8.0,16,16.0,120,61,76,55,1,0,45.6,37,87.7,3.9
LAP01041,Dell,Windows,Video,73.7,8.0,16,12.6,60,63,84,23,0,0,38.1,52,85.2,5.22
LAP01042,Lenovo,Windows,Browsing,78.3,25.8,8,15.1,60,72,73,24,1,1,46.7,55,84.6,4.6
LAP01043,Lenovo,Windows,Office,58.7,32.6,4,14.2,60,54,38,9,1,1,34.7,8,98.3,4.02
LAP01044,Acer,Windows,Office,31.7,16.8,8,13.2,90,55,31,35,1,1,39.5,55,82.2,2.13
LAP01045,Acer,Windows,Office,47.3,17.8,32,15.7,144,41,40,81,1,1,38.1,45,89.4,2.4
LAP01046,Dell,Windows,Office,48.9,32.5,32,13.6,165,43,8,44,0,1,33.1,16,93.3,2.87
LAP01047,ASUS,Windows,Browsing,60.5,14.6,16,17.2,165,95,57,16,1,0,42.1,6,98.4,3.74
LAP01048,Dell,Windows,Office,55.8,15.5,16,16.9,60,31,75,77,1,0,41.6,7,90.1,3.67
LAP01049,Acer,Windows,Browsing,44.7,28.3,32,14.0,144,54,41,57,1,1,41.1,36,89.6,2.3
LAP01050,Apple,Linux,Video,36.2,29.7,16,13.9,90,69,92,82,1,0,45.0,51,86.0,1.17
LAP01051,Acer,Windows,Office,42.0,22.3,32,15.9,120,97,83,81,1,1,43.7,54,89.4,1.66
LAP01052,Apple,Windows,Office,41.4,42.8,16,16.4,144,59,54,22,1,1,38.0,11,93.7,1.59
LAP01053,HP,Windows,Gaming,79.3,34.0,8,14.6,60,41,74,7,1,0,37.5,53,87.5,2.55
LAP01054,Acer,Windows,Coding,43.5,20.8,16,16.4,165,66,30,49,1,1,38.4,27,92.4,2.35
LAP01055,HP,macOS,Browsing,55.9,9.5,16,17.3,90,94,94,15,1,1,41.8,1,100.0,4.17
LAP01056,ASUS,Windows,Gaming,69.5,36.9,16,15.5,60,85,29,88,1,1,38.3,47,85.4,2.59
LAP01057,Dell,Windows,Browsing,57.9,37.3,8,13.6,60,29,37,42,0,1,37.2,27,93.1,3.99
LAP01058,Apple,Windows,Browsing,38.7,23.8,16,16.1,144,62,71,95,0,1,50.7,24,96.4,2.08
LAP01059,Dell,Windows,Video,69.8,28.3,8,15.2,120,88,77,82,0,1,43.0,26,95.1,2.54
LAP01060,HP,Windows,Coding,60.3,33.4,8,14.5,120,44,41,81,1,1,38.2,34,93.2,2.68
LAP01061,Apple,Windows,Office,30.0,44.2,16,16.1,60,66,42,95,1,1,39.7,14,95.6,1.37
LAP01062,Dell,Windows,Browsing,73.7,35.6,16,16.7,60,26,98,45,1,1,42.5,48,83.3,3.15
LAP01063,Acer,Linux,Coding,68.1,30.3,16,15.3,120,47,31,48,1,0,34.8,47,87.6,3.12
LAP01064,Lenovo,Windows,Office,60.1,36.2,32,11.8,60,99,17,14,1,0,29.2,59,82.0,3.99
LAP01065,HP,Windows,Gaming,79.5,38.8,16,15.2,60,64,27,48,1,1,39.7,34,88.2,2.89
LAP01066,Dell,Windows,Browsing,67.8,28.2,16,15.3,60,86,71,20,1,1,40.6,46,86.4,3.66
LAP01067,HP,Windows,Gaming,71.9,36.0,16,17.3,60,31,91,74,1,1,46.7,32,93.1,1.81
LAP01068,MSI,Windows,Coding,70.5,16.9,8,15.2,60,30,92,92,0,1,55.6,43,84.8,3.65
LAP01069,HP,Windows,Video,66.4,37.4,32,14.8,60,22,59,95,0,1,46.5,41,90.5,2.74
LAP01070,Apple,Linux,Video,30.0,17.0,8,16.0,165,80,41,5,1,1,46.0,22,93.0,1.38
LAP01071,MSI,Windows,Coding,30.0,12.9,16,14.6,120,85,16,54,1,1,40.1,26,92.7,1.88
LAP01072,Apple,Linux,Office,67.8,23.5,8,14.0,144,75,58,82,1,1,39.9,37,88.4,2.87
LAP01073,Lenovo,Windows,Browsing,73.5,8.9,8,12.8,60,45,24,79,1,1,35.2,59,82.5,6.65
LAP01074,MSI,macOS,Browsing,44.4,17.8,8,14.2,90,100,22,75,1,1,37.1,7,96.0,3.16
LAP01075,Acer,Windows,Gaming,38.3,29.5,16,12.3,75,53,11,14,1,1,31.4,51,85.5,1.82
LAP01076,HP,Linux,Video,58.9,28.3,8,15.4,60,74,94,10,1,1,45.9,37,88.2,2.17
LAP01077,Dell,Windows,Office,33.2,32.7,8,15.3,60,98,80,38,1,1,41.4,50,83.7,1.42
LAP01078,ASUS,Linux,Browsing,52.5,32.9,16,16.0,120,95,100,73,1,1,47.5,3,100.0,2.57
LAP01079,HP,Linux,Office,49.7,29.5,4,13.6,60,35,98,50,1,0,42.3,53,81.8,1.92
LAP01080,HP,Windows,Coding,51.6,14.8,8,13.0,60,99,6,36,1,1,35.6,47,87.3,4.35
LAP01081,Lenovo,Windows,Office,83.3,36.1,8,17.3,60,58,58,48,0,1,44.1,4,98.0,4.41
LAP01082,Acer,Linux,Video,45.5,23.7,16,14.9,144,25,12,56,1,1,38.2,15,95.4,2.36
LAP01083,ASUS,Windows,Gaming,55.8,27.9,16,16.0,144,91,37,87,1,1,41.8,60,84.2,1.68
LAP01084,MSI,Windows,Browsing,35.3,26.2,32,15.2,144,71,50,99,1,1,47.0,17,95.5,1.87
LAP01085,MSI,Linux,Office,69.1,43.9,8,16.0,60,44,46,64,1,1,42.2,56,84.0,2.89
LAP01086,MSI,Windows,Office,52.3,10.7,8,15.3,240,75,98,16,1,1,45.4,44,88.2,2.25
LAP01087,Apple,Windows,Office,72.7,20.9,4,13.9,144,38,67,62,1,1,40.7,44,84.9,3.09
LAP01088,Apple,Windows,Browsing,30.0,31.4,32,15.8,60,95,96,13,1,0,41.7,17,93.0,1.33
LAP01089,Dell,Linux,Browsing,54.1,25.3,16,15.4,144,92,81,37,1,1,44.5,7,99.3,2.89
LAP01090,ASUS,Windows,Gaming,57.0,19.2,16,12.6,75,46,92,24,1,0,41.6,28,87.2,2.19
LAP01091,MSI,Windows,Office,68.7,8.0,32,15.4,60,24,37,36,1,1,43.4,20,98.1,6.87
LAP01092,Apple,Windows,Office,45.4,21.6,8,14.5,60,45,73,98,1,1,47.9,38,92.0,2.48
LAP01093,Dell,Linux,Gaming,66.8,29.3,8,14.1,60,49,74,85,1,0,47.4,53,85.3,2.17
LAP01094,Acer,Windows,Video,47.1,31.5,16,16.4,90,97,8,55,0,0,38.5,26,92.0,2.66
LAP01095,Dell,Windows,Browsing,56.4,23.0,16,14.9,165,54,62,6,1,0,38.7,46,89.0,2.94
LAP01096,Apple,Windows,Coding,68.8,27.1,16,14.9,60,94,33,10,1,0,36.2,1,100.0,4.93
LAP01097,Lenovo,Linux,Office,41.1,11.3,16,15.1,75,72,25,73,1,1,37.1,3,100.0,3.81
LAP01098,Lenovo,macOS,Video,66.1,29.7,16,15.0,60,87,30,77,1,0,38.7,47,87.6,3.21
LAP01099,MSI,Windows,Video,60.0,25.1,32,14.9,90,52,100,34,1,1,44.7,11,100.0,2.55
LAP01100,Lenovo,Windows,Coding,50.0,27.0,16,17.0,165,89,90,35,1,1,40.3,15,96.7,1.89
LAP01101,MSI,Linux,Office,45.0,22.4,8,14.0,90,47,45,69,1,1,45.8,24,94.3,2.94
LAP01102,MSI,Windows,Video,30.0,27.6,16,12.6,75,93,82,51,1,1,40.5,22,96.7,1.25
LAP01103,Apple,Windows,Browsing,53.8,32.6,16,15.1,144,55,38,68,1,0,36.8,16,91.8,2.95
LAP01104,Lenovo,Linux,Browsing,50.0,28.1,16,13.7,60,68,48,41,1,0,39.1,60,81.7,3.1
LAP01105,MSI,macOS,Office,64.6,8.0,8,13.5,165,72,5,70,0,1,37.6,60,80.1,3.83
LAP01106,ASUS,Windows,Browsing,63.1,28.3,4,15.0,90,88,36,14,1,1,33.3,51,85.6,4.05
LAP01107,Acer,Windows,Browsing,71.1,20.3,8,15.4,120,21,36,20,1,0,34.4,41,87.3,4.58
LAP01108,Dell,Windows,Video,71.6,16.5,64,14.8,144,99,55,81,1,1,42.3,46,87.5,2.75
LAP01109,Dell,Windows,Gaming,100.0,41.2,8,14.4,120,90,28,0,1,0,33.5,50,86.4,3.61
LAP01110,Apple,Linux,Office,62.7,13.8,16,14.7,120,83,48,67,1,1,43.0,45,85.5,3.73
LAP01111,Lenovo,Linux,Office,42.1,15.2,16,14.9,120,40,89,10,1,0,39.2,0,100.0,2.97
LAP01112,Lenovo,Linux,Office,67.4,8.0,32,15.0,60,54,80,9,1,0,39.1,20,94.8,6.28
LAP01113,MSI,Windows,Office,79.1,42.3,16,12.5,60,65,88,44,1,1,45.2,56,79.8,2.34
LAP01114,HP,Windows,Browsing,62.1,35.7,32,16.2,165,67,41,55,1,1,42.9,35,90.4,2.81
LAP01115,MSI,Windows,Gaming,30.0,21.0,16,13.0,60,41,88,18,1,1,44.7,1,99.3,1.33
LAP01116,Acer,Windows,Browsing,63.3,32.4,32,14.1,90,25,70,41,1,0,42.8,22,91.3,3.34
LAP01117,ASUS,Linux,Office,45.6,8.0,8,12.8,60,52,18,93,1,1,33.4,59,80.6,3.85
LAP01118,Dell,Windows,Browsing,35.2,30.7,16,15.2,60,58,21,40,1,1,33.1,39,86.6,2.46
LAP01119,MSI,Windows,Gaming,57.8,14.7,32,14.0,120,62,92,19,1,1,40.2,58,86.5,2.21
LAP01120,HP,Windows,Video,32.1,45.1,8,14.7,120,44,98,26,1,1,46.9,1,100.0,1.0
LAP01121,HP,macOS,Gaming,70.3,29.4,32,14.0,60,37,19,11,1,1,30.0,42,83.9,3.48
LAP01122,MSI,Linux,Video,66.0,26.6,8,13.5,165,60,65,77,1,1,39.4,58,84.3,2.14
LAP01123,Apple,Linux,Office,53.7,15.2,8,11.6,144,54,53,97,1,1,45.3,9,96.1,3.12
LAP01124,Dell,Windows,Browsing,46.7,15.2,8,14.2,60,43,12,63,1,1,38.0,42,86.2,4.24
LAP01125,Apple,Windows,Coding,52.2,32.1,16,13.3,75,74,7,37,1,0,31.5,8,93.6,3.52
LAP01126,ASUS,Windows,Office,39.8,15.0,8,15.7,144,59,79,65,1,0,43.4,28,94.4,2.1
LAP01127,HP,Windows,Coding,53.8,14.6,4,17.3,60,48,31,57,1,0,43.1,25,92.4,4.32
LAP01128,HP,Windows,Browsing,30.0,41.9,32,17.3,90,29,13,95,0,0,35.0,55,84.7,1.8
LAP01129,Acer,Windows,Browsing,56.3,28.5,32,14.9,60,98,19,81,0,1,35.6,35,83.5,3.85
LAP01130,ASUS,Windows,Coding,56.7,11.8,4,13.9,60,29,36,84,1,1,42.9,59,84.9,3.38
LAP01131,HP,Windows,Coding,67.7,31.6,16,12.3,165,83,15,10,1,1,32.9,28,94.5,3.44
LAP01132,ASUS,Windows,Video,59.5,21.7,16,14.4,144,48,7,29,1,0,33.0,3,94.2,3.38
LAP01133,Dell,Windows,Browsing,69.7,8.0,8,13.7,60,37,30,63,1,1,34.0,20,87.7,6.74
LAP01134,Lenovo,Windows,Coding,63.2,19.0,16,14.0,144,21,11,82,1,1,35.0,32,88.1,3.8
LAP01135,HP,Windows,Browsing,70.5,12.4,16,12.7,60,44,96,47,1,1,44.3,30,95.5,5.73
LAP01136,Acer,Windows,Browsing,94.3,28.1,16,16.0,75,70,59,39,1,1,45.9,54,87.3,5.63
LAP01137,Dell,Windows,Office,61.3,17.1,16,15.7,120,41,43,93,1,1,41.0,27,94.6,3.63
LAP01138,MSI,Linux,Browsing,57.8,26.1,16,13.7,90,28,8,98,1,1,34.4,35,85.1,4.14
LAP01139,ASUS,Linux,Browsing,72.8,33.0,8,16.2,144,93,34,67,1,0,38.1,32,91.2,3.7
LAP01140,MSI,Windows,Office,48.0,53.3,16,15.1,120,23,42,20,1,0,34.5,3,98.4,2.08
LAP01141,Apple,Windows,Office,53.2,48.8,16,15.7,60,40,55,4,1,1,38.6,3,100.0,2.72
LAP01142,Dell,Windows,Browsing,61.3,27.7,16,16.1,165,49,82,35,1,1,34.8,32,94.4,2.4
LAP01143,MSI,Windows,Browsing,56.1,24.4,16,15.5,60,52,40,90,1,1,40.0,13,98.2,3.59
LAP01144,HP,Linux,Browsing,56.0,17.9,16,13.9,75,62,99,6,1,1,46.6,47,81.9,3.17
LAP01145,ASUS,Windows,Browsing,68.5,8.0,8,16.5,120,21,87,59,1,1,47.0,8,97.9,5.33
LAP01146,Lenovo,Windows,Coding,30.0,8.0,16,16.1,144,50,64,55,1,1,42.3,23,98.2,1.87
LAP01147,Dell,Windows,Office,85.5,14.9,16,16.1,90,23,55,30,1,0,37.3,24,91.6,6.24
LAP01148,HP,Windows,Office,62.3,44.6,16,13.1,144,66,80,83,1,1,48.3,6,98.5,2.08
LAP01149,Acer,Windows,Office,49.0,44.2,16,12.9,60,64,53,24,1,1,40.2,45,87.5,2.25
LAP01150,Apple,Windows,Coding,79.4,25.9,8,17.1,60,84,19,55,1,1,33.3,27,93.0,5.2
LAP01151,ASUS,Windows,Gaming,56.6,30.6,16,14.1,240,85,77,88,1,0,49.6,4,100.0,1.46
LAP01152,Dell,Windows,Video,56.9,17.7,8,15.4,120,25,95,80,1,1,54.5,45,89.1,2.34
LAP01153,Dell,macOS,Video,51.8,24.6,4,16.7,60,26,88,100,1,1,47.4,12,91.2,2.03
LAP01154,Lenovo,Linux,Office,77.0,15.7,16,17.3,144,70,32,78,1,0,37.0,54,82.7,3.74
LAP01155,Lenovo,Windows,Coding,54.9,15.7,8,15.8,120,87,29,73,1,1,41.7,1,98.0,3.33
LAP01156,Acer,Windows,Coding,46.6,32.4,8,14.3,120,37,84,33,1,1,45.5,57,84.5,1.58
LAP01157,Apple,Windows,Browsing,70.0,17.7,8,14.6,120,60,86,43,0,0,43.0,54,84.6,4.08
LAP01158,Acer,Windows,Browsing,72.7,30.9,16,15.5,144,88,40,6,1,1,31.7,19,90.5,4.27
LAP01159,HP,Windows,Office,79.1,23.2,8,15.2,75,44,8,50,1,1,36.3,11,96.6,5.48
LAP01160,HP,Windows,Gaming,64.5,42.0,16,14.0,60,75,25,24,1,0,28.0,52,84.7,2.23
LAP01161,Acer,Linux,Coding,72.2,31.6,16,11.6,165,20,95,27,1,0,44.0,26,91.3,2.36
LAP01162,Apple,Windows,Video,51.1,27.9,16,14.0,75,74,69,41,1,1,32.0,6,100.0,2.23
LAP01163,Acer,Windows,Office,70.4,8.0,8,14.7,60,22,73,26,1,1,39.6,33,91.1,6.26
LAP01164,Apple,Windows,Office,66.1,19.1,16,15.0,75,73,14,36,1,1,38.2,20,97.5,4.98
LAP01165,Apple,Windows,Browsing,63.0,24.4,4,17.3,60,100,54,54,0,0,47.3,59,90.4,3.96
LAP01166,MSI,Windows,Browsing,31.6,25.7,8,16.5,120,51,89,37,1,1,46.8,17,99.0,1.56
LAP01167,ASUS,Linux,Video,49.2,33.0,8,14.4,60,21,14,55,1,1,36.6,9,97.6,3.48
LAP01168,Apple,macOS,Coding,54.3,27.5,8,15.7,60,84,94,91,1,1,50.0,37,86.3,2.17
LAP01169,Lenovo,Windows,Office,63.0,12.6,32,11.6,165,27,20,33,1,1,35.7,57,83.2,4.1
LAP01170,Apple,Windows,Video,91.0,32.1,16,16.7,144,77,42,28,1,1,34.2,55,83.4,3.01
LAP01171,Apple,macOS,Browsing,67.9,19.5,8,14.3,60,72,71,47,1,1,43.5,38,86.8,4.08
LAP01172,Apple,Windows,Gaming,42.8,17.2,64,15.3,60,63,24,71,1,1,37.5,43,83.3,1.8
LAP01173,MSI,Linux,Office,47.8,11.8,8,15.0,144,92,73,76,1,1,47.2,20,92.5,2.59
LAP01174,MSI,Windows,Office,75.8,20.8,16,16.4,165,47,74,45,1,1,45.9,15,97.7,3.41
LAP01175,HP,Windows,Office,47.1,18.3,32,14.5,75,38,29,36,1,1,35.0,50,86.1,3.36
LAP01176,MSI,Windows,Browsing,70.3,38.9,16,16.2,90,75,93,2,1,1,41.1,19,91.2,2.55
LAP01177,Lenovo,Windows,Browsing,56.8,21.8,8,15.5,60,39,58,77,1,1,43.9,49,84.5,3.34
LAP01178,Lenovo,Linux,Coding,52.5,31.4,16,15.2,90,90,16,95,1,1,40.2,53,87.1,2.58
LAP01179,MSI,Windows,Gaming,47.4,8.0,8,14.8,60,75,69,86,0,1,51.8,45,86.6,2.6
LAP01180,Acer,Windows,Video,30.0,33.9,8,14.3,144,54,58,86,1,0,43.0,46,83.7,1.0
LAP01181,ASUS,Windows,Browsing,63.1,32.7,16,14.8,60,38,71,76,1,1,39.0,39,86.5,2.82
LAP01182,MSI,Linux,Coding,39.2,8.0,16,14.5,120,100,25,49,1,0,36.3,23,91.7,2.77
LAP01183,Apple,Windows,Browsing,33.7,14.5,8,15.6,60,82,9,20,1,1,38.4,46,89.7,3.22
LAP01184,Dell,Linux,Browsing,58.7,17.0,8,13.4,60,26,62,47,1,0,42.4,56,86.8,4.71
LAP01185,ASUS,Windows,Coding,70.4,22.6,8,15.1,60,46,83,57,1,1,44.8,20,94.1,3.47
LAP01186,ASUS,Windows,Coding,30.0,16.5,8,17.1,60,58,8,30,1,1,29.7,43,83.3,1.98
LAP01187,Lenovo,Windows,Browsing,70.1,22.1,4,14.4,60,49,23,6,1,0,32.8,57,82.6,5.89
LAP01188,ASUS,Windows,Browsing,41.5,32.8,32,15.6,240,42,85,56,1,0,49.3,30,91.6,1.53
LAP01189,MSI,Windows,Gaming,64.7,18.3,8,11.7,144,42,59,35,1,1,43.2,58,85.4,2.55
LAP01190,Apple,Windows,Browsing,63.7,28.6,8,12.8,120,66,65,82,1,1,48.7,53,83.2,2.91
LAP01191,Apple,Windows,Office,51.9,27.1,16,14.8,144,97,76,85,1,0,42.2,49,83.3,2.09
LAP01192,HP,Windows,Coding,55.4,8.0,16,14.9,60,67,28,23,1,0,37.4,9,98.3,5.73
LAP01193,Apple,Windows,Browsing,49.1,15.3,16,15.1,144,82,72,23,1,0,34.3,19,95.2,3.14
LAP01194,Apple,Windows,Browsing,59.0,36.8,16,17.3,240,28,92,55,1,1,45.2,13,97.6,2.09
LAP01195,Lenovo,Windows,Office,58.8,14.3,4,14.2,60,42,23,84,1,1,40.4,18,97.7,5.63
LAP01196,Apple,Windows,Video,41.1,12.2,16,15.1,240,82,28,60,1,1,41.7,29,95.9,1.93
LAP01197,HP,macOS,Coding,34.6,37.4,16,14.0,60,93,58,76,1,1,45.8,56,82.4,1.15
LAP01198,Dell,Windows,Coding,70.1,26.8,16,16.0,60,66,25,69,1,1,42.3,15,99.1,4.16
LAP01199,MSI,Windows,Gaming,58.1,42.5,32,13.4,60,93,85,27,1,1,46.6,21,91.8,1.61
LAP01200,Lenovo,Windows,Video,68.0,19.4,16,14.0,240,85,76,31,1,0,41.4,53,90.8,2.18
LAP01201,Dell,Windows,Office,44.9,39.4,16,13.7,120,56,99,76,1,0,44.0,19,93.0,1.37
LAP01202,Lenovo,Windows,Office,42.6,14.3,8,16.2,120,57,23,97,1,1,42.2,5,99.7,2.78
LAP01203,Acer,Windows,Coding,39.8,8.0,16,15.2,60,20,79,95,1,1,49.6,44,86.9,2.69
LAP01204,ASUS,Windows,Coding,52.3,33.1,32,15.4,60,67,57,77,1,1,41.4,42,88.9,2.18
LAP01205,Acer,Windows,Coding,58.5,31.9,16,14.7,144,54,54,95,1,0,44.3,32,92.2,2.17
LAP01206,Apple,macOS,Coding,46.8,33.1,8,16.7,60,90,27,44,1,1,38.8,40,91.6,2.39
LAP01207,Dell,macOS,Browsing,78.5,22.5,16,14.8,60,72,41,68,1,1,45.0,18,95.1,5.57
LAP01208,Apple,Windows,Office,45.4,42.6,4,17.3,60,44,32,98,1,1,37.5,4,95.1,2.17
LAP01209,ASUS,Windows,Office,58.7,35.4,16,16.8,60,61,91,67,1,1,50.0,6,96.5,2.7
LAP01210,Lenovo,Linux,Browsing,41.8,34.9,32,12.9,90,42,80,77,1,1,45.6,33,93.7,1.97
LAP01211,ASUS,macOS,Browsing,44.9,26.5,8,15.9,144,28,84,17,1,1,40.9,19,95.5,2.38
LAP01212,HP,Windows,Coding,53.7,8.8,8,16.8,75,46,84,74,1,1,49.8,14,97.1,3.47
LAP01213,ASUS,Windows,Coding,42.5,25.8,8,14.4,60,94,82,82,1,1,44.8,60,81.9,1.59
LAP01214,HP,macOS,Office,56.3,29.3,32,15.6,60,70,75,1,1,1,40.7,37,93.5,2.78
LAP01215,ASUS,Windows,Office,61.6,49.4,16,12.9,60,76,25,97,1,1,38.7,0,97.4,2.68
LAP01216,MSI,Windows,Office,71.4,28.2,16,13.6,144,55,25,2,1,1,32.5,53,78.2,3.31
LAP01217,HP,Windows,Browsing,38.8,12.4,16,14.6,60,53,45,28,1,1,42.1,4,98.5,3.51
LAP01218,Dell,macOS,Coding,57.5,30.6,8,13.1,60,32,39,86,1,1,42.8,33,91.3,2.58
LAP01219,Apple,Linux,Video,54.1,40.1,16,15.1,60,74,92,47,1,0,48.6,53,82.5,1.35
LAP01220,Apple,Linux,Video,30.0,45.5,16,15.9,75,65,5,64,1,1,29.6,20,97.1,1.69
LAP01221,Acer,Linux,Coding,38.1,23.7,64,13.7,120,71,82,41,1,1,47.1,60,80.1,1.41
LAP01222,Apple,Windows,Coding,62.1,22.6,4,13.1,60,47,88,5,1,0,37.9,13,98.7,3.78
LAP01223,Lenovo,Linux,Browsing,34.7,8.1,4,12.8,90,49,96,58,1,0,44.3,16,88.8,2.91
LAP01224,MSI,Windows,Office,53.9,17.8,8,16.7,60,64,86,80,1,1,45.3,60,88.0,3.01
LAP01225,ASUS,macOS,Browsing,30.0,30.2,16,12.6,120,57,71,18,1,1,41.1,11,98.6,1.59
LAP01226,Acer,Windows,Gaming,53.5,8.0,8,15.4,144,39,95,51,0,1,46.7,26,91.7,2.47
LAP01227,Lenovo,Linux,Browsing,30.0,49.6,64,16.8,60,89,74,60,1,1,45.5,5,96.8,1.26
LAP01228,Lenovo,Windows,Browsing,45.9,20.7,8,13.6,165,66,8,1,1,1,32.2,38,90.6,3.29
LAP01229,HP,Windows,Gaming,48.4,26.4,4,13.8,120,78,5,78,1,1,38.0,47,83.7,1.99
LAP01230,Apple,Windows,Gaming,56.8,29.1,8,15.2,60,98,25,22,1,1,33.8,24,95.9,2.81
LAP01231,Dell,Windows,Video,51.2,38.5,32,15.3,144,98,96,18,1,1,43.6,26,95.5,1.36
LAP01232,Dell,Linux,Browsing,36.5,28.2,8,14.3,75,33,86,96,1,1,49.3,44,91.0,1.68
LAP01233,Acer,Windows,Browsing,36.7,12.2,16,14.6,165,61,56,69,1,0,38.0,1,99.2,2.36
LAP01234,MSI,Windows,Office,30.8,30.1,8,15.1,60,80,57,49,1,1,42.4,21,94.5,1.65
LAP01235,Dell,Windows,Browsing,58.1,38.5,16,14.4,90,78,89,60,1,1,46.1,31,94.4,2.44
LAP01236,ASUS,macOS,Browsing,57.4,14.3,4,14.5,165,27,84,18,1,1,44.7,53,84.7,3.09
LAP01237,Dell,Windows,Office,65.0,34.6,16,17.3,60,76,60,93,1,1,49.2,16,98.4,3.09
LAP01238,Acer,Linux,Gaming,47.5,28.1,8,16.4,75,41,94,21,1,1,47.7,60,82.5,1.38
LAP01239,Dell,Linux,Office,30.0,26.1,32,16.5,144,40,77,2,1,1,29.8,55,82.3,1.24
LAP01240,ASUS,Linux,Coding,50.3,17.3,32,14.5,120,47,91,4,1,1,38.6,36,92.6,2.75
LAP01241,HP,Windows,Coding,55.2,22.3,8,12.6,144,68,70,93,1,1,42.8,1,100.0,2.73
LAP01242,MSI,Linux,Office,37.5,30.3,64,17.3,75,42,71,66,1,0,43.9,52,81.6,1.45
LAP01243,Acer,Windows,Coding,39.0,19.9,4,14.1,60,73,37,59,1,1,37.2,51,86.9,2.54
LAP01244,HP,Linux,Browsing,61.8,13.2,16,15.4,90,42,92,38,1,1,47.0,54,86.2,3.95
LAP01245,HP,Linux,Browsing,56.5,12.8,16,16.1,60,87,27,27,1,1,33.4,25,87.2,5.4
LAP01246,HP,Windows,Video,72.0,28.4,16,14.2,60,65,10,0,1,0,31.8,55,82.0,4.48
LAP01247,Lenovo,Windows,Browsing,80.8,30.9,8,16.3,90,87,89,21,1,1,40.0,32,92.0,3.66
LAP01248,MSI,Windows,Gaming,32.5,24.2,16,15.0,60,47,51,44,1,0,40.0,0,98.4,1.36
LAP01249,Apple,Windows,Browsing,48.7,46.8,8,14.6,60,69,62,50,1,1,33.7,39,95.1,2.21
LAP01250,MSI,Windows,Coding,56.9,8.0,16,14.2,60,82,9,80,1,1,35.5,42,89.9,4.06
LAP01251,Lenovo,Linux,Office,60.5,29.6,8,13.6,120,29,81,50,1,1,38.5,43,88.7,2.67
LAP01252,Apple,Windows,Browsing,70.2,8.0,16,12.4,60,56,81,27,1,1,45.2,35,91.5,7.57
LAP01253,MSI,Windows,Browsing,65.9,23.8,16,17.3,75,32,87,29,1,0,43.1,55,86.5,3.42
LAP01254,HP,macOS,Coding,72.1,28.0,16,17.0,60,89,13,7,1,1,31.8,38,87.9,4.71
LAP01255,Acer,Linux,Video,55.9,22.9,16,15.1,60,49,7,90,1,1,36.9,24,94.1,3.4
LAP01256,Apple,Windows,Video,45.6,8.0,8,17.2,60,99,65,40,1,0,40.4,12,97.0,3.09
LAP01257,ASUS,Linux,Office,84.2,23.9,4,17.0,60,91,99,24,0,1,47.0,38,90.3,4.36
LAP01258,ASUS,Windows,Video,57.3,25.0,8,15.8,120,99,68,58,1,1,42.8,35,91.4,2.11
LAP01259,Dell,Windows,Coding,51.4,35.8,32,14.5,60,30,50,76,1,1,40.9,11,95.3,2.64
LAP01260,Apple,Windows,Video,38.9,8.0,16,16.5,75,20,60,33,1,1,34.6,20,92.8,2.65
LAP01261,Acer,Windows,Office,57.4,42.3,16,16.3,75,37,43,38,1,1,36.6,22,91.9,2.88
LAP01262,Lenovo,Windows,Coding,70.1,8.0,32,16.1,60,30,17,70,1,0,37.3,17,95.2,6.35
LAP01263,HP,macOS,Video,47.5,9.4,32,14.5,60,29,45,85,1,1,43.3,12,96.6,3.55
LAP01264,Dell,Linux,Office,53.0,27.1,16,15.5,120,67,15,96,1,1,41.1,18,95.8,3.02
LAP01265,ASUS,Windows,Video,58.7,28.7,16,15.4,90,80,45,45,1,1,41.1,34,88.4,2.45
LAP01266,Lenovo,Windows,Coding,62.1,43.1,32,14.5,144,29,79,37,1,1,42.0,45,89.4,1.83
LAP01267,Lenovo,Windows,Browsing,51.1,27.3,16,15.5,60,79,51,94,1,1,40.9,47,86.6,2.72
LAP01268,HP,Windows,Browsing,49.1,23.8,16,16.8,144,41,53,32,1,1,38.4,56,84.6,2.61
LAP01269,Apple,Linux,Office,47.3,30.3,16,17.1,60,94,69,21,1,1,37.1,33,93.3,2.43
LAP01270,ASUS,Windows,Coding,38.4,8.0,16,15.7,60,28,39,26,1,1,31.3,51,86.4,3.29
LAP01271,Acer,Windows,Video,43.4,12.9,8,14.8,60,34,39,62,1,1,40.9,55,85.3,2.92
LAP01272,Lenovo,Windows,Browsing,43.0,10.9,32,16.2,60,56,71,26,1,0,34.8,0,97.6,4.51
LAP01273,HP,Windows,Video,31.9,36.4,16,13.8,120,89,8,20,1,1,29.3,56,83.7,1.42
LAP01274,Acer,Windows,Gaming,69.9,40.6,8,14.5,60,63,28,52,1,1,37.4,45,85.6,2.55
LAP01275,Apple,Windows,Browsing,60.4,47.4,8,16.8,90,88,98,34,1,0,49.4,21,98.0,2.09
LAP01276,ASUS,Windows,Gaming,57.1,31.8,32,17.3,60,22,100,46,1,0,43.6,27,94.7,1.7
LAP01277,Apple,Windows,Gaming,74.6,35.7,16,16.6,60,29,88,49,1,0,38.3,3,96.1,2.14
LAP01278,Lenovo,Windows,Video,65.8,26.1,8,14.9,144,96,40,9,1,1,35.0,36,92.1,3.08
LAP01279,Acer,Windows,Video,43.2,19.0,8,11.9,75,23,81,27,1,0,41.6,6,98.0,2.49
LAP01280,Acer,Linux,Gaming,72.6,12.0,16,16.1,90,75,60,36,1,1,37.2,10,98.7,3.64
LAP01281,Acer,macOS,Coding,69.6,11.0,8,15.7,60,59,8,40,1,1,33.4,11,94.9,6.57
LAP01282,Lenovo,Linux,Office,38.2,8.5,16,15.8,60,52,96,96,0,0,46.9,39,89.9,2.52
LAP01283,Lenovo,Windows,Video,68.5,33.8,16,13.0,60,52,44,60,1,1,41.1,52,85.8,2.51
LAP01284,Apple,Windows,Coding,48.0,20.1,16,14.5,144,79,47,50,1,0,37.4,38,91.4,2.46
LAP01285,Dell,Windows,Coding,70.0,16.3,32,17.3,60,40,62,7,0,1,35.8,34,91.5,4.91
LAP01286,Apple,macOS,Office,49.9,8.0,4,13.6,120,88,66,100,1,1,48.3,33,88.6,3.1
LAP01287,ASUS,Windows,Video,47.0,14.0,8,15.8,144,64,11,57,1,1,35.2,17,95.4,2.36
LAP01288,HP,Windows,Browsing,48.5,21.6,4,14.1,165,76,13,60,1,1,34.6,9,100.0,3.42
LAP01289,Acer,Windows,Gaming,40.4,8.0,8,15.7,240,96,26,32,1,1,40.2,59,81.6,1.44
LAP01290,Dell,Windows,Office,32.8,56.9,8,14.7,144,59,8,18,1,1,33.4,50,87.9,1.63
LAP01291,HP,Windows,Browsing,30.0,8.9,16,16.7,60,100,40,29,1,1,32.0,53,84.6,2.66
LAP01292,Dell,Windows,Office,39.2,38.8,8,15.1,144,83,74,77,1,1,41.3,14,96.9,1.39
LAP01293,MSI,Linux,Browsing,94.5,23.6,32,16.4,144,29,71,13,1,1,39.2,58,81.0,4.36
LAP01294,Apple,Windows,Coding,62.2,18.2,4,17.3,90,93,39,35,1,1,40.1,25,89.4,2.99
LAP01295,Lenovo,Linux,Gaming,83.0,22.0,16,16.4,60,85,37,6,1,1,28.4,48,86.4,3.86
LAP01296,Acer,Windows,Video,50.2,25.2,64,15.8,75,84,11,33,0,0,30.2,50,93.1,3.51
LAP01297,Apple,macOS,Browsing,48.0,27.7,8,16.6,60,49,59,49,1,1,45.1,2,100.0,2.88
LAP01298,HP,Windows,Browsing,80.7,13.2,16,15.8,60,54,51,31,1,0,36.2,12,97.9,7.54
LAP01299,MSI,Windows,Video,60.6,31.7,16,14.1,120,72,66,41,1,0,38.8,33,91.1,2.04
LAP01300,MSI,Windows,Gaming,40.7,21.6,16,13.8,120,58,71,32,1,1,36.7,46,85.0,1.29
LAP01301,MSI,Windows,Office,64.5,9.0,16,16.0,144,41,68,13,1,1,40.8,16,96.9,4.45
LAP01302,HP,Windows,Office,73.8,19.9,8,14.1,75,86,47,88,1,1,37.6,60,83.5,3.52
LAP01303,HP,Windows,Office,33.6,42.0,16,14.0,75,89,22,27,1,1,34.5,0,99.2,2.12
LAP01304,HP,Windows,Gaming,62.0,27.6,16,14.7,165,99,7,38,0,1,35.2,13,95.2,2.77
LAP01305,HP,Windows,Coding,34.6,25.1,8,12.6,120,86,63,93,1,1,45.2,0,99.1,1.57
LAP01306,MSI,Linux,Office,73.0,20.2,32,14.1,144,94,66,30,1,1,41.0,23,95.7,3.28
LAP01307,MSI,Linux,Office,58.5,21.2,16,14.0,120,36,43,23,1,1,35.2,53,82.6,3.05
LAP01308,Dell,Windows,Gaming,64.4,27.6,16,17.3,120,38,95,3,1,1,44.9,56,83.8,1.82
LAP01309,Apple,Windows,Browsing,51.7,21.8,32,16.1,165,79,68,77,1,1,45.5,59,88.1,2.0
LAP01310,Acer,Linux,Office,30.0,30.4,16,14.4,60,91,77,8,1,1,35.6,10,99.8,1.54
LAP01311,Lenovo,Windows,Coding,48.4,28.9,4,13.9,60,97,85,99,1,1,46.5,2,99.8,1.9
LAP01312,MSI,Windows,Browsing,68.9,10.7,16,11.6,60,70,64,69,1,1,48.9,12,95.7,6.57
LAP01313,Lenovo,Windows,Browsing,84.9,31.3,16,12.9,144,67,46,23,1,1,38.5,54,82.9,4.06
LAP01314,Apple,Windows,Video,59.2,13.5,16,12.7,144,76,9,89,1,1,40.3,21,89.9,3.23
LAP01315,Apple,Windows,Gaming,44.7,13.1,64,13.6,60,29,50,97,1,1,40.2,40,89.0,2.3
LAP01316,Lenovo,Windows,Video,63.0,24.7,4,15.0,60,51,8,64,1,1,39.1,46,87.0,4.2
LAP01317,MSI,Windows,Gaming,67.6,28.1,8,14.7,75,98,18,86,1,1,32.7,40,91.9,2.84
LAP01318,Lenovo,Windows,Coding,57.0,32.4,16,13.7,240,87,97,16,1,0,43.8,58,83.3,1.55
LAP01319,Dell,macOS,Video,56.1,8.0,16,14.9,60,47,15,99,0,1,38.8,29,91.0,3.96
LAP01320,ASUS,Windows,Office,58.2,34.5,8,13.0,75,23,64,36,1,1,39.7,24,91.1,2.99
LAP01321,MSI,Windows,Coding,55.7,30.0,16,15.6,60,80,26,49,1,1,40.1,6,96.1,3.15
LAP01322,MSI,Windows,Gaming,59.5,16.3,8,16.1,165,96,9,44,1,1,31.2,24,92.6,2.35
LAP01323,Acer,Windows,Browsing,82.4,22.2,4,15.7,90,31,57,19,1,1,39.1,38,88.5,5.34
LAP01324,HP,Windows,Office,30.0,27.4,32,16.5,90,34,16,58,1,1,37.3,24,92.8,1.78
LAP01325,ASUS,Windows,Office,51.4,8.0,8,12.9,60,48,25,58,1,0,38.4,1,100.0,5.67
LAP01326,Apple,Windows,Browsing,41.0,10.0,32,15.1,120,32,83,89,1,1,51.3,33,89.9,2.89
LAP01327,MSI,Windows,Browsing,72.7,38.9,8,13.7,60,57,28,10,1,1,34.0,54,86.1,4.75
LAP01328,Lenovo,Windows,Video,52.9,17.8,4,13.4,75,77,17,54,1,1,37.7,57,87.1,2.87
LAP01329,ASUS,Windows,Gaming,63.4,24.0,16,13.0,90,54,100,83,1,1,51.7,21,96.1,2.04
LAP01330,Acer,Linux,Office,76.4,23.6,32,17.3,90,59,30,64,1,0,36.5,53,84.7,4.5
LAP01331,Apple,Windows,Browsing,38.8,33.6,16,16.3,144,95,44,76,1,1,40.9,52,84.2,1.48
LAP01332,HP,Windows,Browsing,47.1,20.1,4,17.3,60,24,30,57,1,1,34.3,0,97.6,3.84
LAP01333,HP,Windows,Gaming,74.9,21.1,16,15.5,60,21,49,99,1,1,45.5,54,79.2,2.92
LAP01334,Acer,Windows,Office,38.2,27.3,8,13.8,144,49,34,43,0,1,37.8,17,94.3,2.26
LAP01335,Acer,macOS,Office,47.6,35.2,32,15.9,120,29,68,76,1,1,46.4,15,98.3,2.07
LAP01336,Lenovo,Windows,Office,31.0,39.0,8,17.3,60,92,77,13,1,1,40.0,55,85.8,1.3
LAP01337,MSI,Windows,Office,75.5,21.2,32,15.7,60,100,92,75,1,1,45.4,9,94.5,3.96
LAP01338,HP,Windows,Office,46.3,19.1,8,14.8,120,57,42,51,1,0,40.2,30,89.2,2.84
LAP01339,Apple,Windows,Gaming,60.3,23.2,16,15.4,60,78,22,33,1,1,39.6,54,84.1,3.27
LAP01340,ASUS,Windows,Coding,65.1,41.0,16,16.6,165,54,13,62,0,1,38.3,47,89.5,2.75
LAP01341,Apple,Windows,Coding,43.0,34.3,4,15.0,90,90,90,26,1,0,38.6,59,81.7,1.29
LAP01342,Dell,Windows,Office,30.0,19.2,16,14.8,144,31,60,11,1,0,38.6,12,96.7,1.86
LAP01343,Dell,macOS,Video,51.7,8.0,8,14.1,144,61,42,37,1,0,44.4,33,90.1,3.07
LAP01344,Acer,Windows,Coding,51.5,38.3,8,15.5,90,68,25,99,1,0,38.9,33,85.6,2.14
LAP01345,Lenovo,Windows,Browsing,54.1,39.6,16,13.2,60,86,75,55,1,1,41.9,41,89.3,2.22
LAP01346,Dell,macOS,Coding,54.2,11.7,32,14.5,75,52,16,64,1,1,31.2,55,89.1,4.52
LAP01347,HP,Linux,Office,47.5,19.7,4,14.8,144,32,40,89,1,0,41.7,59,81.5,2.38
LAP01348,Apple,Windows,Video,46.9,35.5,16,13.5,120,94,15,39,1,1,33.6,11,99.7,2.27
LAP01349,Apple,Windows,Office,59.5,29.6,16,15.0,60,39,71,20,1,0,41.5,36,94.0,3.39
LAP01350,Acer,Linux,Gaming,42.6,8.0,8,16.3,90,52,31,31,1,1,36.2,39,87.2,2.32
LAP01351,MSI,Windows,Browsing,53.6,11.5,8,17.0,60,53,67,88,1,1,45.6,16,95.3,4.26
LAP01352,MSI,Windows,Video,46.6,32.0,16,14.7,60,69,75,11,1,1,41.5,40,90.4,1.86
LAP01353,ASUS,Linux,Coding,59.4,28.0,8,14.4,60,69,70,88,1,0,40.0,55,83.7,2.22
LAP01354,Acer,Windows,Video,71.6,33.0,16,14.6,60,28,78,25,1,1,44.8,53,82.6,2.52
LAP01355,ASUS,Windows,Office,72.2,34.4,16,15.9,144,26,71,35,1,0,42.6,14,92.0,3.22
LAP01356,MSI,Windows,Office,74.3,27.9,32,14.1,60,28,85,15,1,0,44.3,12,95.0,4.09
LAP01357,Acer,Windows,Video,50.0,30.0,8,14.1,60,45,69,77,1,1,45.7,45,89.7,1.9
LAP01358,Acer,Linux,Browsing,51.2,18.2,16,15.4,120,21,38,33,1,0,38.4,7,100.0,4.0
LAP01359,Acer,Windows,Browsing,36.0,26.4,4,15.7,165,24,81,23,1,1,41.0,16,93.6,1.68
LAP01360,MSI,Linux,Coding,49.9,28.8,16,15.3,60,85,82,71,1,1,44.1,10,98.7,2.14
LAP01361,ASUS,Windows,Coding,50.4,45.5,64,15.2,90,29,85,90,1,1,50.0,39,91.6,1.44
LAP01362,ASUS,Windows,Office,45.7,15.1,8,14.3,60,50,38,38,1,1,38.9,45,86.6,3.66
LAP01363,Acer,Windows,Office,45.7,33.7,16,15.0,60,52,68,63,1,0,42.2,0,100.0,2.09
LAP01364,Dell,Windows,Office,30.0,23.6,16,11.7,60,25,21,76,1,1,42.6,31,91.4,2.37
LAP01365,Lenovo,macOS,Video,34.9,33.9,16,17.2,120,33,55,28,1,1,38.3,43,88.4,1.19
LAP01366,MSI,Windows,Coding,55.7,23.6,8,15.2,120,97,60,30,1,1,40.8,51,82.2,2.31
LAP01367,Lenovo,Windows,Video,56.2,39.1,8,17.3,60,34,93,62,1,1,42.7,9,95.2,1.61
LAP01368,Lenovo,Windows,Gaming,62.2,16.1,16,16.8,60,100,98,42,1,0,43.8,43,89.9,2.65
LAP01369,ASUS,Linux,Office,51.1,26.7,8,13.9,60,62,52,18,1,1,34.4,50,86.2,3.14
LAP01370,ASUS,Windows,Browsing,55.2,30.3,16,14.5,144,98,66,9,1,1,35.3,58,82.8,2.56
LAP01371,Dell,Windows,Browsing,73.8,16.8,16,13.5,120,39,60,55,1,1,41.0,14,97.9,4.81
LAP01372,Lenovo,Windows,Office,54.2,28.7,32,14.1,120,40,15,59,1,1,34.9,2,96.7,3.68
LAP01373,Lenovo,Windows,Gaming,45.5,37.1,8,12.8,75,83,89,42,1,0,46.9,57,87.1,1.19
LAP01374,Acer,Windows,Coding,37.1,24.2,8,13.7,75,48,24,47,1,1,34.7,8,96.0,2.22
LAP01375,ASUS,Windows,Office,67.0,34.0,16,13.6,60,78,97,39,1,0,46.2,7,95.9,2.83
LAP01376,Lenovo,Linux,Office,30.0,16.9,8,16.2,60,92,72,33,1,1,39.1,9,96.3,2.03
LAP01377,Apple,Windows,Coding,42.4,11.8,16,12.7,60,83,38,0,1,1,34.5,59,79.2,3.14
LAP01378,Dell,Windows,Coding,61.3,33.3,8,17.3,240,63,46,18,1,0,33.7,7,100.0,2.24
LAP01379,Apple,Windows,Browsing,30.0,18.3,8,14.5,144,53,45,0,1,0,37.4,15,96.5,2.25
LAP01380,Apple,Windows,Gaming,45.8,8.0,8,16.9,120,66,66,87,1,1,49.3,10,100.0,2.31
LAP01381,MSI,Linux,Coding,56.9,15.9,8,13.7,60,28,21,24,1,1,30.9,22,93.0,5.14
LAP01382,MSI,Windows,Browsing,49.2,41.2,32,16.1,60,79,16,67,1,1,39.0,55,85.4,2.47
LAP01383,Dell,Windows,Gaming,40.3,37.7,4,12.9,60,49,72,87,1,1,50.4,55,78.5,1.0
LAP01384,Apple,Windows,Browsing,46.1,11.6,32,12.9,75,36,45,83,1,1,39.6,57,81.5,3.5
LAP01385,Lenovo,Windows,Gaming,67.3,8.0,8,16.5,60,71,18,96,1,0,44.2,21,92.5,3.59
LAP01386,ASUS,Windows,Gaming,82.5,20.1,16,14.8,165,78,8,27,1,0,33.2,39,86.0,3.39
LAP01387,Dell,Windows,Video,57.1,37.5,16,14.7,120,23,86,44,1,1,43.5,17,97.0,1.94
LAP01388,Acer,Windows,Video,30.0,22.7,32,13.6,60,59,81,98,1,0,46.7,38,88.2,1.15
LAP01389,Apple,Linux,Office,63.5,22.8,16,13.8,60,26,78,23,1,1,40.4,2,100.0,4.15
LAP01390,Dell,Windows,Gaming,49.1,17.6,64,12.8,60,57,18,43,1,1,31.9,7,99.9,2.98
LAP01391,HP,Windows,Coding,38.6,21.7,16,14.3,60,51,13,1,0,1,29.9,4,97.0,3.44
LAP01392,HP,Linux,Video,43.0,35.2,8,15.4,165,88,47,22,1,1,43.8,26,88.6,1.55
LAP01393,MSI,Windows,Gaming,43.6,26.0,32,15.1,120,86,24,96,1,1,36.3,4,94.1,1.61
LAP01394,ASUS,Windows,Gaming,33.8,22.6,64,15.1,60,75,5,77,1,1,37.3,18,95.6,1.92
LAP01395,Lenovo,Windows,Video,54.1,32.8,8,12.1,60,39,97,61,1,1,46.3,16,93.9,1.66
LAP01396,ASUS,Windows,Office,82.4,25.9,32,15.3,60,83,85,14,1,0,40.9,60,83.7,4.3
LAP01397,ASUS,Windows,Gaming,38.5,36.4,16,14.6,90,36,76,31,1,1,39.2,60,84.7,1.06
LAP01398,ASUS,Windows,Coding,82.0,16.8,32,13.9,75,35,21,86,1,1,34.2,45,81.5,4.87
LAP01399,ASUS,Linux,Gaming,58.1,28.3,32,13.3,60,30,89,3,1,1,41.8,17,97.4,2.22
LAP01400,Acer,Windows,Coding,53.6,35.7,32,15.9,75,32,93,83,1,0,45.8,60,84.0,1.52
LAP01401,Acer,Windows,Office,50.2,43.6,32,12.0,60,37,24,30,1,0,35.5,59,80.6,2.89
LAP01402,MSI,Windows,Office,42.9,11.9,8,13.3,75,33,63,58,1,1,40.0,1,100.0,3.43
LAP01403,Dell,Windows,Coding,59.4,22.9,8,15.2,60,53,93,70,1,0,48.3,54,87.4,2.55
LAP01404,HP,Windows,Video,62.8,9.2,8,14.3,60,95,89,0,1,1,40.5,49,87.8,3.86
LAP01405,ASUS,Windows,Office,30.0,13.4,8,15.5,60,45,17,68,1,1,38.0,6,99.2,2.65
LAP01406,MSI,Windows,Coding,93.1,25.2,8,15.1,60,61,81,13,1,0,42.3,48,84.8,4.39
LAP01407,Dell,Linux,Office,30.0,8.0,16,14.0,60,80,51,93,1,1,43.6,49,86.2,2.25
LAP01408,HP,Windows,Video,47.2,30.0,8,12.6,144,58,54,22,1,1,35.9,15,96.6,2.05
LAP01409,Apple,Windows,Office,30.0,31.7,16,16.1,60,21,98,70,1,1,49.9,54,86.7,1.16
LAP01410,Lenovo,Linux,Browsing,51.0,24.1,16,14.8,75,76,81,15,1,1,46.5,6,99.2,3.33
LAP01411,Acer,Windows,Browsing,48.1,14.9,16,13.2,75,69,44,8,1,0,37.0,17,96.8,4.54
LAP01412,Apple,Linux,Browsing,47.3,22.1,16,12.1,60,35,11,97,1,1,30.8,43,85.2,4.36
LAP01413,HP,Linux,Office,59.6,50.4,8,15.5,60,81,59,30,1,1,36.9,25,92.0,2.08
LAP01414,Apple,Windows,Browsing,51.3,18.8,8,14.1,144,30,55,60,1,1,40.8,28,89.5,3.31
LAP01415,Lenovo,macOS,Browsing,63.1,15.5,16,13.4,60,82,80,44,1,1,42.0,15,100.0,5.43
LAP01416,MSI,Windows,Gaming,36.4,8.0,16,16.6,165,49,6,6,1,0,28.0,45,83.2,1.55
LAP01417,HP,Windows,Gaming,56.2,37.5,16,12.4,144,73,18,56,1,1,34.4,38,88.9,2.26
LAP01418,Apple,Linux,Office,45.5,10.1,16,14.7,144,90,21,63,1,1,37.5,29,92.8,3.17
LAP01419,Acer,Windows,Gaming,49.4,26.1,8,16.0,60,46,81,1,1,1,40.4,24,96.0,2.01
LAP01420,Acer,Windows,Browsing,59.1,50.3,4,15.7,75,83,5,5,1,1,30.9,7,99.5,4.52
LAP01421,Dell,Windows,Coding,47.4,29.4,16,13.2,120,100,5,60,1,0,32.7,13,93.2,2.75
LAP01422,Apple,Linux,Coding,53.4,29.3,8,16.8,60,98,30,33,1,1,32.5,21,94.3,3.0
LAP01423,ASUS,Linux,Office,37.7,21.1,16,17.0,90,28,50,16,1,1,35.8,51,85.6,2.24
LAP01424,Apple,Windows,Office,71.4,28.8,16,16.4,144,95,17,25,1,1,32.5,13,99.1,4.52
LAP01425,MSI,macOS,Office,65.9,25.9,8,13.8,165,91,38,75,0,1,41.9,26,90.9,3.31
LAP01426,HP,Windows,Office,56.5,31.5,16,14.7,60,21,66,19,1,1,35.8,34,96.0,2.92
LAP01427,HP,Windows,Video,51.4,8.0,16,16.8,60,68,77,40,1,0,42.9,39,88.9,3.53
LAP01428,MSI,Windows,Browsing,53.4,29.6,16,15.6,60,67,55,57,1,1,40.9,50,87.7,3.19
LAP01429,Apple,Linux,Browsing,71.1,30.2,8,14.1,60,74,87,98,1,1,47.1,11,94.2,3.61
LAP01430,MSI,Windows,Browsing,64.9,55.6,16,14.7,60,99,91,98,1,1,49.9,42,87.9,2.02
LAP01431,Lenovo,Windows,Office,71.4,24.9,8,12.9,144,86,45,53,0,1,38.2,20,93.1,3.86
LAP01432,MSI,Linux,Coding,49.9,27.7,16,16.6,120,50,59,28,1,0,42.3,10,98.5,2.21
LAP01433,Acer,macOS,Browsing,62.3,29.8,16,14.9,165,45,32,47,1,0,39.7,2,98.7,3.57
LAP01434,MSI,Windows,Gaming,72.8,30.1,8,17.3,60,85,98,94,1,0,47.2,8,97.3,1.92
LAP01435,HP,Windows,Office,41.1,10.2,8,12.4,90,49,65,76,1,1,48.5,42,87.9,2.88
LAP01436,Acer,macOS,Browsing,40.2,34.8,8,13.6,144,96,11,89,1,0,32.5,54,84.3,2.2
LAP01437,HP,Linux,Coding,59.1,14.0,8,14.9,165,97,82,21,0,0,46.1,18,95.3,2.98
LAP01438,Dell,Windows,Browsing,36.5,29.9,4,17.3,144,20,6,71,0,0,40.5,41,87.9,1.96
LAP01439,ASUS,Linux,Coding,30.0,14.7,32,15.1,75,89,80,70,1,1,41.9,60,84.4,1.37
LAP01440,HP,Linux,Coding,72.6,22.3,8,13.9,165,41,6,4,1,1,30.1,22,95.7,4.88
LAP01441,Acer,macOS,Browsing,75.2,19.4,32,15.0,60,94,32,51,1,1,34.6,15,97.0,6.05
LAP01442,Dell,Linux,Browsing,37.3,22.0,32,14.1,165,73,58,0,1,1,35.6,3,96.9,2.31
LAP01443,HP,Windows,Office,33.5,24.0,16,16.3,144,33,96,44,1,1,49.1,31,92.5,1.28
LAP01444,Lenovo,Windows,Browsing,45.2,29.5,16,16.2,60,33,80,39,1,1,42.2,0,97.2,2.8
LAP01445,MSI,Windows,Browsing,73.8,23.8,8,17.3,165,90,98,63,1,1,40.7,3,98.0,3.25
LAP01446,ASUS,Windows,Office,48.8,35.5,64,12.7,60,38,62,10,1,1,40.4,58,82.8,2.27
LAP01447,HP,Linux,Office,56.4,18.6,16,12.5,165,45,51,51,1,1,40.8,25,95.3,3.7
LAP01448,Dell,macOS,Coding,59.9,30.2,32,14.7,120,78,65,95,1,1,41.8,26,90.7,2.44
LAP01449,Lenovo,Windows,Coding,57.6,15.0,8,16.1,120,41,44,6,1,1,40.4,58,84.7,3.14
LAP01450,Apple,Windows,Coding,77.4,46.4,32,16.4,60,25,90,50,1,1,46.9,39,96.2,2.36
LAP01451,Dell,Windows,Browsing,44.2,30.2,16,15.3,60,82,22,92,1,1,39.0,15,93.9,3.02
LAP01452,MSI,Windows,Browsing,53.5,16.6,32,16.1,165,96,18,93,1,1,40.3,29,89.9,3.22
LAP01453,Dell,Windows,Gaming,58.5,45.8,8,17.1,60,93,29,20,1,1,38.9,37,90.8,2.04
LAP01454,Lenovo,Windows,Coding,54.3,31.2,16,13.9,144,73,14,38,1,1,36.4,32,89.5,2.66
LAP01455,Dell,Windows,Gaming,36.7,16.7,16,17.1,120,38,52,43,1,1,35.2,15,99.5,1.75
LAP01456,Lenovo,Windows,Office,32.9,23.4,16,17.1,90,29,52,56,1,1,38.5,32,91.3,1.81
LAP01457,HP,Windows,Coding,32.6,11.3,16,14.2,120,56,65,40,1,1,35.1,19,89.8,2.15
LAP01458,Lenovo,Linux,Coding,65.9,11.3,16,13.7,60,96,57,38,1,1,39.3,30,93.7,4.75
LAP01459,Lenovo,Windows,Office,42.7,39.5,8,16.1,60,36,13,19,1,1,28.0,47,91.0,3.19
LAP01460,ASUS,Windows,Office,62.0,14.2,16,17.3,90,74,15,21,1,1,33.8,26,92.9,4.94
LAP01461,Lenovo,Windows,Coding,56.3,8.9,16,13.8,144,24,31,28,1,1,38.4,31,87.8,3.86
LAP01462,Lenovo,Windows,Browsing,40.4,32.6,8,17.3,120,40,63,45,1,0,40.7,21,98.4,2.01
LAP01463,Apple,Linux,Office,40.8,44.9,16,13.7,60,58,62,67,0,0,39.0,35,90.6,1.63
LAP01464,HP,Windows,Video,57.0,38.9,8,14.7,240,39,17,2,1,0,32.0,26,90.5,2.15
LAP01465,MSI,Linux,Gaming,56.2,52.5,8,13.4,120,90,69,72,1,1,44.7,24,91.2,1.29
LAP01466,ASUS,Windows,Office,62.4,54.1,16,15.6,75,34,15,4,1,1,34.9,1,99.3,3.81
LAP01467,Apple,Windows,Office,48.1,14.2,32,15.2,144,98,61,55,0,1,39.7,45,88.3,2.45
LAP01468,Acer,Windows,Browsing,42.3,21.3,16,15.1,90,72,71,66,1,1,45.3,37,88.6,2.21
LAP01469,HP,Windows,Coding,56.6,8.0,32,14.1,120,52,70,88,1,1,42.0,22,90.8,3.02
LAP01470,HP,Windows,Office,76.3,11.0,16,14.4,120,63,28,31,1,1,33.1,51,87.2,4.79
LAP01471,Acer,macOS,Gaming,30.0,37.9,16,14.9,60,85,88,96,1,0,52.0,11,94.7,1.0
LAP01472,MSI,Windows,Office,43.0,28.3,8,14.6,90,69,53,81,1,1,48.6,36,88.0,2.19
LAP01473,Lenovo,Windows,Office,63.9,42.5,16,14.9,60,51,44,99,1,1,40.9,45,87.8,2.76
LAP01474,Apple,Linux,Coding,58.2,14.6,8,12.9,90,98,83,40,1,0,46.6,36,93.0,2.87
LAP01475,Dell,macOS,Video,64.1,18.4,16,12.0,60,90,74,28,1,0,43.2,49,88.3,3.26
LAP01476,ASUS,Windows,Office,48.6,32.1,8,15.5,60,92,88,65,1,1,44.3,47,82.7,1.78
LAP01477,Dell,Windows,Office,30.8,37.7,32,15.5,144,74,90,10,1,1,41.3,20,90.6,1.17
LAP01478,Acer,Windows,Gaming,80.1,8.0,16,15.3,60,47,6,58,1,1,36.9,47,85.9,4.62
LAP01479,HP,Windows,Browsing,71.3,22.1,32,15.7,120,22,58,94,1,1,46.3,41,82.4,3.54
LAP01480,MSI,macOS,Gaming,54.6,29.8,8,14.4,75,72,19,3,1,1,36.6,10,97.0,3.09
LAP01481,HP,Windows,Browsing,42.4,34.4,4,14.5,60,61,52,92,1,0,40.8,20,97.5,2.56
LAP01482,ASUS,Windows,Video,47.6,36.8,8,14.3,75,21,58,53,1,1,43.8,36,93.5,1.92
LAP01483,HP,macOS,Coding,58.4,24.1,16,12.5,144,41,50,66,1,1,43.5,3,100.0,3.01
LAP01484,HP,Linux,Office,51.2,10.2,16,15.8,60,44,61,1,1,1,41.8,25,91.9,4.63
LAP01485,ASUS,Windows,Gaming,54.8,8.0,8,16.1,60,51,59,99,1,1,44.0,19,95.9,3.18
LAP01486,Apple,macOS,Browsing,79.2,22.8,8,16.3,60,26,64,77,1,1,47.2,60,84.7,4.45
LAP01487,Apple,Windows,Browsing,68.9,21.5,8,14.6,60,81,99,47,1,1,50.0,6,98.3,4.44
LAP01488,ASUS,Windows,Coding,37.4,15.4,16,14.0,144,50,34,67,1,0,40.3,37,85.1,1.79
LAP01489,MSI,macOS,Office,56.2,35.7,8,14.3,144,82,32,43,1,0,38.0,46,82.4,2.49
LAP01490,Acer,Windows,Coding,47.2,11.2,64,14.3,60,56,56,61,0,1,41.6,26,91.9,3.63
LAP01491,HP,Windows,Browsing,59.5,17.1,8,12.2,60,87,45,93,1,1,45.4,46,84.8,4.0
LAP01492,MSI,Windows,Browsing,54.1,39.0,16,15.4,60,98,25,82,1,1,42.9,55,82.5,2.92
LAP01493,HP,Linux,Browsing,99.5,15.7,16,16.2,144,28,91,18,1,0,44.2,16,94.4,5.89
LAP01494,Acer,Windows,Browsing,61.4,28.9,8,15.3,60,89,46,43,0,1,40.9,31,94.1,3.96
LAP01495,Apple,Windows,Office,53.0,24.9,16,15.0,144,65,17,30,1,0,32.4,9,96.0,3.29
LAP01496,MSI,Windows,Video,82.6,27.9,16,14.1,120,53,49,61,1,1,38.8,49,87.6,3.02
LAP01497,Lenovo,Windows,Gaming,58.1,35.6,16,16.1,60,79,94,14,1,1,38.7,10,98.8,1.74
LAP01498,Lenovo,Windows,Video,32.2,28.9,16,14.9,120,32,58,28,1,1,45.3,58,82.4,1.08
LAP01499,Lenovo,Linux,Browsing,53.1,8.4,8,13.3,60,55,23,66,1,1,36.9,17,90.9,5.71
LAP01500,Apple,Windows,Office,64.2,10.4,32,16.9,60,67,31,82,1,1,42.4,1,98.7,5.04
LAP01501,Apple,Windows,Browsing,62.3,28.5,16,15.9,60,94,44,85,1,0,39.2,34,91.1,3.69
LAP01502,Acer,Windows,Office,70.1,14.0,16,17.3,60,25,11,46,1,0,33.5,5,99.2,6.82
LAP01503,HP,Windows,Coding,57.3,36.5,16,16.6,144,24,29,83,1,0,36.6,2,97.7,2.75
LAP01504,Acer,Linux,Browsing,56.2,28.7,8,14.1,144,84,53,6,1,1,34.3,6,98.8,3.35
LAP01505,Acer,Windows,Browsing,34.0,8.0,8,14.6,240,69,40,67,1,1,40.4,34,91.0,1.93
LAP01506,Apple,Windows,Gaming,77.9,47.7,32,16.4,90,93,75,0,1,1,40.0,46,88.6,1.85
LAP01507,Lenovo,Windows,Office,50.4,20.6,32,13.4,60,93,88,70,1,1,46.3,12,98.0,2.48
LAP01508,Dell,Windows,Office,40.3,22.5,16,17.3,60,43,28,21,1,0,32.6,37,86.9,2.9
LAP01509,HP,Windows,Browsing,94.4,30.1,8,15.5,144,26,65,100,1,0,45.2,1,99.3,5.33
LAP01510,Apple,Linux,Browsing,80.2,24.0,16,16.2,60,77,96,56,1,1,48.7,1,100.0,4.7
LAP01511,Lenovo,Windows,Gaming,48.3,36.5,16,15.5,75,40,73,93,0,1,49.6,50,85.8,1.32
LAP01512,MSI,Windows,Browsing,30.0,12.8,16,15.1,60,52,56,72,1,1,44.6,59,82.1,2.28
LAP01513,Dell,Windows,Office,44.2,38.8,4,14.6,60,63,40,57,1,1,40.4,7,100.0,2.59
LAP01514,Dell,Windows,Browsing,78.7,33.2,4,14.8,60,44,99,26,1,1,43.1,8,96.7,3.37
LAP01515,Apple,Windows,Office,57.7,15.7,8,11.6,60,99,55,37,1,0,37.6,33,89.2,3.76
LAP01516,ASUS,Linux,Browsing,34.8,28.0,8,15.8,60,34,37,86,1,1,41.1,38,85.0,2.18
LAP01517,HP,Windows,Video,66.8,39.5,16,17.3,60,48,57,75,1,1,43.4,30,90.5,2.25
LAP01518,Dell,Windows,Video,51.9,31.3,16,13.8,90,71,92,12,1,1,45.0,28,95.7,2.01
LAP01519,Apple,Windows,Video,45.3,26.8,16,12.9,120,36,78,96,1,1,45.2,48,84.9,1.48
LAP01520,Apple,Windows,Office,46.4,32.5,8,17.2,90,55,42,14,1,0,33.1,46,86.4,2.08
LAP01521,Lenovo,Windows,Video,74.6,33.5,16,15.5,60,54,48,79,1,1,36.2,35,89.8,2.8
LAP01522,MSI,Windows,Coding,63.2,18.9,16,16.3,120,59,9,97,1,1,42.1,21,91.1,2.92
LAP01523,ASUS,Linux,Office,32.7,26.9,8,15.7,60,42,35,72,1,1,39.6,22,92.7,2.02
LAP01524,HP,Linux,Coding,60.5,35.2,16,13.7,144,92,13,90,1,0,34.0,12,94.8,2.91
LAP01525,Acer,Windows,Browsing,56.6,26.6,16,16.3,75,53,36,47,1,1,36.3,34,92.2,3.77
LAP01526,MSI,Windows,Browsing,48.7,16.4,32,14.3,60,77,45,14,0,1,34.4,43,86.8,4.59
LAP01527,MSI,Windows,Video,49.5,28.4,4,13.8,60,99,9,98,1,0,37.4,2,100.0,3.26
LAP01528,Lenovo,Windows,Browsing,42.0,20.3,16,15.9,120,80,55,97,1,1,46.2,60,84.3,2.14
LAP01529,Dell,Linux,Coding,45.1,32.0,64,15.2,60,47,58,39,1,0,36.9,52,86.4,1.76
LAP01530,Dell,Windows,Office,59.3,42.1,16,15.6,60,79,95,29,1,1,46.2,50,89.4,2.08
LAP01531,Lenovo,Linux,Gaming,50.8,33.1,16,15.5,60,51,32,22,1,1,33.5,8,98.5,2.41
LAP01532,Apple,Windows,Gaming,63.2,15.1,8,16.2,60,77,47,8,1,0,33.9,47,87.1,3.37
LAP01533,Dell,Windows,Gaming,43.2,28.6,16,16.8,60,63,16,31,1,1,30.9,17,96.9,2.38
LAP01534,ASUS,Windows,Office,65.6,8.0,16,15.3,60,53,73,34,1,1,41.2,25,89.1,5.04
LAP01535,HP,macOS,Browsing,74.7,23.8,16,17.0,144,40,76,48,1,1,43.8,28,92.0,4.14
LAP01536,MSI,Windows,Office,54.9,36.3,8,16.6,60,20,21,95,1,1,38.9,47,87.7,2.91
LAP01537,MSI,Windows,Browsing,62.8,29.8,32,16.0,144,74,12,44,1,1,34.8,11,98.6,4.38
LAP01538,ASUS,Windows,Browsing,63.4,26.3,16,14.2,75,99,91,15,1,1,41.3,38,86.0,2.82
LAP01539,Dell,macOS,Coding,47.5,50.6,32,16.4,60,68,22,31,1,1,37.8,22,95.3,2.2
LAP01540,MSI,Windows,Coding,63.5,8.0,16,15.6,165,40,14,24,1,1,32.9,18,94.7,4.46
LAP01541,Acer,Windows,Gaming,30.0,8.0,16,13.1,144,74,43,93,1,1,42.8,23,91.7,1.32
LAP01542,HP,Windows,Browsing,30.0,30.8,16,13.3,60,46,45,36,1,1,42.9,43,90.9,2.06
LAP01543,HP,Linux,Office,50.1,35.8,16,13.3,90,39,48,36,1,0,46.7,42,89.0,2.52
LAP01544,MSI,Linux,Browsing,64.5,36.3,4,13.3,165,35,73,34,1,1,39.0,43,87.4,2.61
LAP01545,Lenovo,Windows,Gaming,53.7,18.1,4,13.5,165,97,47,44,1,1,43.3,29,92.1,2.16
LAP01546,MSI,Windows,Video,66.2,14.9,16,16.2,144,67,85,7,1,1,37.8,30,90.6,2.8
LAP01547,Lenovo,Windows,Video,37.0,13.1,32,15.1,120,51,51,46,1,1,41.9,18,94.8,1.8
LAP01548,MSI,Windows,Gaming,68.2,28.9,16,16.2,60,51,79,35,1,1,47.6,20,92.4,2.19
LAP01549,Acer,Windows,Coding,79.4,13.2,8,13.4,240,72,52,88,1,0,45.1,48,89.2,3.46
LAP01550,Apple,Windows,Office,44.6,38.4,8,12.8,60,72,23,81,1,1,39.1,46,85.9,2.45
LAP01551,HP,Windows,Office,66.6,24.7,16,13.8,60,21,25,9,1,1,28.1,9,97.5,5.13
LAP01552,MSI,Windows,Coding,55.3,16.6,16,16.0,240,76,7,0,1,1,29.1,3,99.0,2.69
LAP01553,Acer,Linux,Office,61.6,16.6,32,16.0,60,41,60,67,1,1,40.7,17,94.3,4.06
LAP01554,Lenovo,Windows,Office,79.4,8.0,16,14.7,75,71,47,89,1,1,40.7,59,86.3,5.56
LAP01555,Lenovo,Windows,Gaming,59.9,15.5,8,15.5,75,100,5,74,1,1,36.6,44,88.4,2.79
LAP01556,HP,Windows,Gaming,66.5,18.4,16,14.3,144,100,92,14,1,1,43.0,36,87.4,2.04
LAP01557,ASUS,Windows,Video,36.1,29.9,16,14.0,60,77,40,95,1,0,35.6,19,96.8,1.67
LAP01558,MSI,Windows,Video,66.0,23.8,16,15.6,75,53,10,78,1,1,32.5,51,85.3,3.71
LAP01559,Dell,Linux,Coding,79.2,14.7,8,15.9,60,90,78,91,1,0,50.3,35,89.8,4.49
LAP01560,Lenovo,Windows,Browsing,41.1,10.3,8,17.3,60,36,50,86,1,1,41.8,47,86.2,3.28
LAP01561,Apple,Windows,Browsing,50.2,22.2,16,13.6,144,91,92,2,1,1,39.3,31,97.5,2.7
LAP01562,Apple,Windows,Coding,65.3,8.0,4,13.4,75,42,27,31,1,1,36.7,52,81.7,5.07
LAP01563,Lenovo,Windows,Video,61.7,21.2,8,14.3,60,52,24,19,1,1,38.0,56,86.7,3.64
LAP01564,ASUS,Windows,Browsing,34.6,38.4,8,15.9,60,48,57,55,1,1,36.1,56,80.8,1.46
LAP01565,ASUS,Windows,Gaming,57.5,22.6,32,17.3,60,38,42,77,1,1,37.4,51,88.1,2.25
LAP01566,Acer,Windows,Browsing,50.0,26.9,8,15.2,90,88,39,98,1,1,41.0,26,91.7,2.83
LAP01567,Apple,Windows,Office,40.5,25.5,16,13.8,60,56,38,41,1,0,41.8,40,89.9,2.49
LAP01568,Acer,Windows,Coding,75.4,8.4,16,13.4,60,45,54,72,1,1,47.2,23,95.6,6.06
LAP01569,Apple,Windows,Browsing,55.1,46.1,16,14.2,60,43,51,59,0,0,41.0,28,85.6,2.78
LAP01570,MSI,Windows,Browsing,69.7,20.1,16,15.3,165,73,40,55,1,0,40.4,52,86.1,3.48
LAP01571,MSI,Windows,Office,37.4,25.0,8,16.0,120,40,20,46,1,0,34.2,23,97.1,2.46
LAP01572,Dell,Linux,Video,63.8,17.1,8,15.3,75,29,91,23,0,0,42.5,28,88.6,3.29
LAP01573,MSI,Windows,Office,70.9,38.7,8,14.0,60,61,53,40,1,1,39.6,38,87.3,3.3
LAP01574,Dell,Linux,Coding,51.4,8.0,16,13.2,90,48,69,3,1,1,35.0,17,91.3,3.97
LAP01575,MSI,Windows,Coding,47.5,40.6,32,15.9,165,76,67,75,1,1,44.9,9,100.0,1.42
LAP01576,HP,Linux,Browsing,35.4,21.3,32,14.2,90,54,56,50,0,1,43.0,46,89.4,2.23
LAP01577,MSI,Windows,Gaming,42.0,18.6,16,14.3,60,47,77,87,0,1,48.1,60,82.3,1.61
LAP01578,Acer,Windows,Browsing,48.2,17.5,32,13.6,240,31,80,0,1,1,36.7,55,85.5,2.48
LAP01579,Lenovo,Windows,Gaming,40.4,46.7,32,12.8,75,77,64,13,1,1,36.9,8,99.2,1.04
LAP01580,Acer,Windows,Coding,43.5,8.0,16,17.3,60,63,21,94,1,0,38.7,49,84.5,3.12
LAP01581,Lenovo,macOS,Gaming,57.4,18.6,8,14.1,75,26,71,9,1,0,40.1,10,100.0,3.15
LAP01582,ASUS,Windows,Browsing,59.2,9.5,16,12.2,60,35,42,96,0,0,43.4,11,99.9,6.8
LAP01583,Acer,macOS,Office,71.4,8.0,32,15.2,60,54,33,35,0,1,40.3,1,99.0,8.29
LAP01584,ASUS,Windows,Browsing,43.6,40.7,16,14.8,144,26,35,41,1,1,38.0,25,95.4,2.21
LAP01585,Dell,Windows,Browsing,55.3,24.7,16,12.4,60,33,63,98,1,1,49.2,8,98.9,3.68
LAP01586,Dell,Windows,Coding,48.7,11.1,8,16.6,144,78,58,47,1,1,44.5,16,95.0,2.36
LAP01587,HP,Windows,Browsing,47.7,34.9,8,15.9,240,81,57,17,1,1,36.4,34,92.2,1.62
LAP01588,MSI,macOS,Coding,50.3,20.2,8,16.2,120,93,30,88,1,1,41.0,45,89.5,2.56
LAP01589,Acer,Windows,Browsing,52.1,17.2,8,15.4,120,85,17,75,0,0,37.5,2,96.2,3.96
LAP01590,ASUS,Windows,Office,58.8,31.9,32,13.2,165,41,61,59,1,1,43.7,5,99.1,2.6
LAP01591,Lenovo,macOS,Video,50.0,19.9,8,14.9,75,35,23,27,1,1,36.5,42,86.6,2.76
LAP01592,Dell,Windows,Office,73.4,13.4,16,14.3,60,94,100,52,1,0,47.7,22,95.3,4.45
LAP01593,MSI,Windows,Coding,30.0,33.3,8,14.1,165,62,31,8,1,1,34.2,34,90.9,1.32
LAP01594,Dell,Windows,Coding,70.8,23.3,8,17.3,60,39,17,23,1,1,34.3,14,95.6,4.99
LAP01595,Lenovo,Windows,Video,49.5,34.0,8,13.6,60,29,56,19,1,1,43.7,7,98.0,2.36
LAP01596,MSI,Windows,Office,52.2,20.2,64,14.4,60,38,68,89,1,0,44.0,31,90.7,3.17
LAP01597,MSI,Windows,Coding,54.9,37.2,16,15.1,144,31,62,68,1,1,41.4,33,85.4,1.82
LAP01598,ASUS,Windows,Gaming,65.6,25.2,16,15.6,165,29,23,26,1,1,32.7,10,94.8,2.63
LAP01599,ASUS,Windows,Video,41.8,37.7,32,17.3,75,90,87,91,1,1,49.7,45,86.0,1.24
LAP01600,Acer,Windows,Office,45.1,37.3,32,14.8,60,75,7,100,1,0,40.1,2,96.7,2.88
LAP01601,Acer,macOS,Coding,62.5,39.8,16,15.4,60,30,71,39,1,1,41.9,28,93.2,2.41
LAP01602,Apple,Windows,Video,30.0,25.8,8,13.3,120,99,30,70,0,1,37.7,9,93.4,1.56
LAP01603,Apple,Windows,Coding,54.5,29.6,8,15.8,60,80,10,82,1,1,38.5,17,99.0,3.83
LAP01604,HP,Windows,Browsing,43.0,22.2,4,17.3,90,57,17,53,1,1,38.0,17,93.9,3.01
LAP01605,Dell,Windows,Browsing,39.9,14.2,8,14.4,90,36,31,85,1,0,37.4,11,93.5,3.28
LAP01606,Acer,Windows,Video,30.4,49.0,8,16.1,120,73,92,81,1,1,49.4,26,96.3,1.0
LAP01607,ASUS,Linux,Office,66.6,16.0,4,13.0,90,64,14,14,1,1,29.1,53,84.9,5.4
LAP01608,Lenovo,Linux,Video,57.4,35.9,32,14.5,60,44,20,96,1,0,45.8,50,87.3,2.76
LAP01609,ASUS,Windows,Office,44.9,33.7,32,14.6,120,50,27,50,1,0,36.8,18,98.3,2.58
LAP01610,Dell,Windows,Coding,52.5,27.2,8,15.5,60,84,51,68,1,0,45.5,40,88.3,2.48
LAP01611,Apple,Windows,Browsing,38.6,23.1,16,14.8,60,58,16,39,0,0,34.9,32,91.9,3.86
LAP01612,ASUS,Windows,Browsing,47.0,23.3,16,16.6,60,39,32,100,1,1,45.8,24,90.5,3.25
LAP01613,HP,Windows,Gaming,52.0,17.1,8,14.3,60,92,81,68,1,1,49.8,43,88.1,2.02
LAP01614,Dell,Linux,Gaming,56.0,26.1,16,16.0,60,62,22,100,0,0,42.1,58,86.4,2.56
LAP01615,Apple,Windows,Coding,60.9,10.8,8,15.2,60,85,62,42,1,1,38.1,1,100.0,4.39
LAP01616,Lenovo,macOS,Office,30.0,34.0,4,13.5,60,20,6,63,1,1,33.3,1,100.0,2.54
LAP01617,Apple,Windows,Coding,60.9,22.3,16,11.9,60,74,50,6,1,1,37.5,4,95.2,4.63
LAP01618,MSI,Windows,Coding,30.0,13.5,16,15.2,60,70,21,1,1,1,33.0,21,93.2,2.29
LAP01619,HP,Windows,Coding,61.5,9.7,8,14.0,60,24,91,29,1,1,46.0,55,84.6,4.24
LAP01620,Dell,Windows,Browsing,51.8,23.4,16,15.4,75,31,68,74,1,1,43.7,32,86.1,2.8
LAP01621,Lenovo,Windows,Coding,71.4,23.8,32,13.2,144,33,91,51,1,1,46.4,43,87.2,2.81
LAP01622,HP,Windows,Video,44.9,18.8,16,15.7,60,79,69,100,1,1,46.3,4,99.9,2.26
LAP01623,Apple,Windows,Gaming,66.7,31.0,16,17.2,120,59,58,32,1,0,40.8,27,93.2,2.23
LAP01624,HP,Linux,Browsing,37.5,29.2,16,14.7,90,28,47,8,1,0,37.3,57,82.7,2.4
LAP01625,Dell,Windows,Video,56.6,25.7,16,12.2,165,61,82,10,0,1,43.0,13,98.2,2.36
LAP01626,Acer,Linux,Coding,30.0,13.9,4,14.9,60,61,80,75,1,1,46.8,39,81.4,1.65
LAP01627,HP,Windows,Office,68.2,16.1,32,14.0,75,52,59,9,1,1,42.1,42,87.5,4.04
LAP01628,MSI,Linux,Browsing,80.9,8.2,32,13.7,120,44,18,53,1,1,42.3,49,85.9,7.4
LAP01629,HP,Windows,Office,44.5,22.7,8,14.7,75,97,48,74,1,1,45.0,9,100.0,2.83
LAP01630,Apple,Windows,Office,56.8,31.7,16,16.4,75,28,42,96,1,1,42.5,40,94.5,3.21
LAP01631,Apple,Windows,Office,61.7,10.5,16,14.2,240,63,62,19,1,0,41.5,14,97.6,3.2
LAP01632,Lenovo,Windows,Video,31.7,18.3,8,16.0,165,77,53,4,0,1,39.0,9,98.8,1.47
LAP01633,Apple,Windows,Video,43.8,24.4,8,14.7,120,44,20,23,1,1,32.4,3,100.0,2.56
LAP01634,ASUS,Windows,Coding,42.8,31.7,4,14.9,60,51,86,31,1,1,48.7,42,88.6,1.66
LAP01635,Dell,Windows,Gaming,91.1,8.0,32,16.5,144,41,78,30,1,1,45.4,54,89.8,3.94
LAP01636,Dell,Windows,Office,70.7,51.6,4,14.6,75,74,87,43,1,1,43.5,48,85.0,2.15
LAP01637,Acer,Windows,Browsing,51.7,34.0,8,16.1,240,80,34,77,1,1,40.4,60,83.3,1.74
LAP01638,Acer,Windows,Coding,66.7,17.8,4,14.7,120,76,72,18,1,1,36.7,17,94.1,3.63
LAP01639,Dell,Windows,Browsing,58.2,12.2,16,15.8,60,96,75,23,1,1,41.0,16,94.8,4.86
LAP01640,MSI,Windows,Office,63.9,28.4,32,14.6,60,80,84,95,1,1,49.2,30,93.6,2.84
LAP01641,Acer,Linux,Browsing,39.2,30.7,16,15.2,144,86,41,11,1,1,35.3,55,83.7,1.78
LAP01642,Lenovo,Windows,Browsing,75.6,13.1,8,15.4,144,94,73,49,1,0,39.3,32,87.6,4.61
LAP01643,Apple,Windows,Video,43.5,11.6,16,15.9,144,21,59,84,1,0,45.6,24,95.1,1.86
LAP01644,Dell,Windows,Office,44.3,14.3,16,15.7,240,76,43,99,1,0,42.3,11,94.4,2.1
LAP01645,Acer,Windows,Office,63.9,25.8,16,13.8,75,92,61,24,1,0,36.9,54,81.7,2.91
LAP01646,Dell,Windows,Browsing,60.2,25.9,16,17.3,60,52,53,50,1,1,41.5,46,86.8,3.67
LAP01647,ASUS,Windows,Coding,55.3,51.0,8,15.0,120,82,67,13,1,1,35.8,20,94.8,1.71
LAP01648,HP,Windows,Office,67.6,8.0,4,16.3,60,35,38,71,1,1,40.6,16,96.2,6.58
LAP01649,Apple,Windows,Video,37.6,16.9,8,11.7,240,20,61,28,1,1,43.2,19,94.4,1.61
LAP01650,Dell,Windows,Office,82.7,18.7,32,16.1,144,83,66,24,1,1,42.5,28,86.3,3.77
LAP01651,HP,Linux,Browsing,47.5,30.8,16,16.1,240,88,43,86,1,1,43.5,2,100.0,2.04
LAP01652,Acer,Windows,Coding,53.7,31.3,16,15.3,60,36,78,58,1,0,44.2,6,97.0,2.57
LAP01653,HP,Windows,Browsing,82.9,22.6,32,11.8,60,59,71,99,1,1,40.2,59,82.6,4.73
LAP01654,Apple,Windows,Office,44.4,43.1,32,14.0,75,20,66,56,1,1,41.5,32,88.4,1.69
LAP01655,Dell,Windows,Office,70.3,11.6,8,13.6,60,32,33,11,1,1,34.8,25,93.1,6.86
LAP01656,ASUS,Windows,Gaming,51.8,16.6,4,16.6,120,37,35,49,1,0,40.4,19,93.8,2.12
LAP01657,MSI,Windows,Browsing,42.4,9.2,32,13.3,75,87,64,11,1,1,36.0,42,90.2,3.97
LAP01658,Acer,Windows,Coding,49.2,23.2,64,15.8,144,33,43,81,1,1,43.2,36,91.3,1.98
LAP01659,Dell,macOS,Browsing,63.5,21.0,16,14.6,60,24,83,99,1,1,49.8,31,91.5,3.99
LAP01660,Apple,macOS,Office,70.2,34.4,32,16.5,144,81,5,47,1,0,34.6,34,94.6,4.06
LAP01661,Acer,Windows,Office,58.4,47.2,8,15.3,120,52,60,49,1,1,43.8,20,95.3,2.49
LAP01662,Lenovo,macOS,Gaming,31.0,42.9,8,14.1,240,45,87,18,1,1,38.2,51,84.6,1.0
LAP01663,HP,Windows,Browsing,64.5,10.3,16,13.9,60,80,62,52,1,1,38.9,52,82.4,5.05
LAP01664,MSI,Windows,Browsing,52.9,25.6,16,14.4,60,87,95,34,1,1,44.4,40,90.1,3.08
LAP01665,Apple,Windows,Office,38.5,34.3,16,11.6,144,49,25,26,1,1,32.9,59,83.7,2.11
LAP01666,Lenovo,Windows,Browsing,60.2,33.0,16,17.3,60,81,58,66,1,1,41.9,55,84.5,2.82
LAP01667,Dell,Windows,Browsing,72.0,52.8,4,16.8,60,81,75,76,1,1,48.5,7,99.4,2.84
LAP01668,ASUS,macOS,Coding,55.1,22.4,8,15.1,165,100,47,50,0,1,30.2,1,100.0,2.71
LAP01669,Acer,Windows,Browsing,68.8,25.9,32,16.3,60,89,58,18,1,1,45.4,50,84.1,4.1
LAP01670,HP,Windows,Browsing,61.9,51.9,8,14.9,60,76,6,42,1,1,36.0,47,81.3,3.61
LAP01671,Acer,Linux,Video,62.1,30.0,16,15.6,60,55,18,34,1,1,35.1,15,95.1,3.67
LAP01672,MSI,Windows,Office,50.4,17.8,16,16.4,60,26,7,14,1,1,30.8,26,90.1,4.26
LAP01673,Dell,Windows,Browsing,67.3,13.3,16,14.7,120,84,18,15,0,0,34.6,35,93.6,6.38
LAP01674,Acer,Windows,Office,68.7,27.5,64,16.1,60,93,9,98,1,0,37.7,9,96.6,5.05
LAP01675,HP,Windows,Coding,66.9,37.8,8,12.5,120,96,85,68,1,1,46.1,27,88.6,2.03
LAP01676,Dell,Windows,Office,50.3,37.6,16,15.3,75,60,43,70,1,1,40.9,16,92.8,2.21
LAP01677,Acer,Windows,Office,69.8,14.5,8,15.0,144,51,5,84,1,1,36.0,24,93.8,4.89
LAP01678,ASUS,Windows,Browsing,60.8,26.2,8,14.5,60,33,47,40,1,0,39.6,14,93.6,4.56
LAP01679,Apple,macOS,Coding,40.4,19.6,16,14.7,144,52,96,53,1,1,44.0,17,94.4,1.63
LAP01680,Dell,Linux,Office,49.3,23.2,8,14.7,165,49,63,64,1,1,43.8,27,95.9,2.31
LAP01681,Apple,Windows,Coding,47.0,35.9,32,16.6,144,92,82,88,1,1,48.9,1,100.0,1.4
LAP01682,Dell,Windows,Video,30.0,24.4,16,14.9,60,25,85,29,1,0,48.4,39,87.3,1.2
LAP01683,ASUS,Windows,Coding,70.1,32.8,8,17.3,60,29,19,18,1,1,34.2,41,89.1,4.11
LAP01684,Apple,macOS,Office,100.0,33.2,8,13.7,60,94,50,87,1,1,49.8,30,95.4,5.49
LAP01685,Lenovo,Windows,Office,73.1,17.7,8,15.8,120,39,11,45,0,0,36.6,30,91.1,5.37
LAP01686,HP,Windows,Office,57.4,39.7,16,16.3,60,31,46,59,1,1,40.9,24,94.8,2.99
LAP01687,Lenovo,Linux,Browsing,47.3,11.9,16,14.5,144,41,11,78,1,0,35.0,0,100.0,3.88
LAP01688,Acer,macOS,Browsing,41.1,9.8,16,13.3,165,95,51,98,1,0,43.3,17,95.5,2.84
LAP01689,ASUS,Windows,Video,57.3,19.3,8,14.4,60,33,92,23,1,1,46.1,15,100.0,3.02
LAP01690,Lenovo,Windows,Office,69.5,13.3,8,13.2,60,67,94,35,1,1,40.7,41,88.7,4.8
LAP01691,Dell,Windows,Office,44.9,32.3,8,13.8,165,73,82,48,1,1,41.5,36,90.2,1.59
LAP01692,Acer,Windows,Coding,93.5,55.8,16,15.5,75,55,23,58,1,1,37.3,40,82.9,3.23
LAP01693,Acer,Windows,Coding,34.2,38.5,8,17.3,90,80,57,13,1,0,37.7,41,87.0,1.18
LAP01694,Lenovo,Windows,Browsing,58.4,15.2,8,17.3,144,74,94,85,1,1,51.4,36,89.1,2.82
LAP01695,Lenovo,Windows,Video,56.1,13.0,8,14.1,60,33,20,38,1,1,39.1,6,95.1,4.1
LAP01696,ASUS,Windows,Browsing,55.1,36.7,16,16.3,240,21,66,7,1,0,35.0,5,99.6,2.36
LAP01697,HP,Windows,Video,46.5,10.8,16,14.5,144,21,70,47,1,1,44.6,13,97.4,2.45
LAP01698,Lenovo,Windows,Video,56.2,13.2,32,13.8,60,80,69,79,1,1,43.1,21,96.0,3.71
LAP01699,MSI,Windows,Video,48.3,29.4,16,14.9,60,25,55,80,1,0,43.9,49,83.4,1.75
LAP01700,Lenovo,Linux,Coding,74.3,18.5,16,11.9,165,44,40,68,1,1,40.0,30,91.1,3.87
LAP01701,Apple,Windows,Browsing,79.3,26.4,8,12.6,120,86,39,40,1,1,40.3,44,89.3,4.51
LAP01702,Dell,Windows,Office,49.2,21.0,4,16.3,60,42,28,34,1,1,30.0,9,95.5,3.73
LAP01703,MSI,Windows,Coding,30.3,24.7,16,16.9,60,92,73,63,1,0,42.8,45,90.4,1.39
LAP01704,MSI,Windows,Office,59.8,35.5,4,11.6,60,47,33,52,1,0,42.6,39,91.2,3.1
LAP01705,Apple,Windows,Gaming,59.2,32.5,8,17.0,240,44,5,53,1,1,34.6,53,85.9,1.71
LAP01706,Apple,Linux,Office,56.6,36.0,4,16.6,75,84,61,36,1,1,33.2,45,87.1,2.66
LAP01707,Acer,Windows,Office,63.0,32.7,8,14.5,75,85,13,51,1,1,33.5,35,89.4,3.86
LAP01708,HP,Windows,Office,75.7,33.5,8,15.6,165,98,84,17,1,1,44.6,54,85.4,2.54
LAP01709,Dell,Windows,Office,67.5,25.0,16,17.3,75,62,19,20,1,0,30.6,40,88.2,4.97
LAP01710,ASUS,Windows,Coding,63.0,8.0,8,16.7,75,59,78,41,1,1,41.1,54,83.0,3.86
LAP01711,MSI,macOS,Video,66.3,23.7,4,15.7,240,99,20,64,1,1,39.3,37,85.8,2.13
LAP01712,ASUS,Windows,Coding,58.8,28.8,8,14.1,60,42,52,80,1,1,43.5,33,90.7,2.46
LAP01713,Lenovo,Windows,Video,40.8,25.9,16,14.4,240,68,40,7,1,1,31.4,2,95.2,1.59
LAP01714,Lenovo,Windows,Gaming,76.8,30.0,16,16.0,60,27,57,92,1,1,38.9,22,93.5,2.73
LAP01715,ASUS,Windows,Video,56.5,49.7,8,15.8,75,26,83,83,1,1,44.6,42,88.9,1.34
LAP01716,Lenovo,Linux,Browsing,40.8,19.0,16,16.6,60,40,7,100,1,1,39.6,60,84.5,3.27
LAP01717,HP,Linux,Video,38.1,20.1,8,13.0,165,54,23,38,1,0,36.7,16,98.7,2.02
LAP01718,Apple,Linux,Browsing,41.2,39.5,16,15.6,75,80,45,60,1,0,44.0,28,93.3,2.14
LAP01719,Lenovo,Windows,Browsing,36.5,26.5,16,16.0,60,93,41,59,1,1,33.9,0,98.1,2.66
LAP01720,Acer,Windows,Coding,65.0,30.5,16,14.7,60,87,63,68,1,0,44.4,2,100.0,2.9
LAP01721,Lenovo,Windows,Office,52.4,17.9,16,17.3,60,49,71,58,1,1,41.6,13,98.3,3.65
LAP01722,Dell,Windows,Browsing,66.6,16.2,4,13.8,120,87,12,9,1,1,31.7,10,98.4,5.53
LAP01723,HP,Windows,Browsing,72.5,10.5,16,14.9,90,28,92,62,1,0,47.8,29,90.3,5.27
LAP01724,Dell,Windows,Browsing,68.7,27.1,8,16.0,144,36,18,69,1,1,42.0,20,96.0,4.92
LAP01725,Dell,Linux,Gaming,64.5,13.3,32,16.2,144,62,65,6,1,1,38.2,15,100.0,3.05
LAP01726,Acer,Windows,Browsing,59.3,11.8,8,14.7,90,76,39,34,1,1,37.7,45,91.8,5.06
LAP01727,HP,Windows,Browsing,52.1,32.9,8,14.7,90,32,20,90,1,1,41.4,59,85.7,3.0
LAP01728,HP,Linux,Office,53.1,17.4,8,16.0,60,76,75,41,1,0,43.0,50,85.9,3.05
LAP01729,HP,Windows,Office,63.8,10.6,8,15.7,165,45,39,84,0,0,43.6,8,98.4,4.27
LAP01730,HP,Windows,Gaming,40.6,9.4,16,15.1,60,80,12,87,1,1,44.8,54,85.2,2.21
LAP01731,HP,Windows,Browsing,54.2,35.9,16,12.4,60,81,64,28,1,1,48.9,1,96.3,3.01
LAP01732,Acer,Windows,Coding,43.9,23.7,8,15.2,120,38,16,26,1,1,33.9,25,88.7,2.53
LAP01733,Lenovo,Windows,Coding,72.6,20.2,8,17.3,165,100,53,37,1,1,45.0,41,91.2,2.99
LAP01734,Dell,Windows,Gaming,65.8,27.1,16,15.8,75,49,84,1,1,0,39.0,2,100.0,2.29
LAP01735,HP,Windows,Coding,87.1,25.9,4,13.9,165,32,72,24,1,1,38.3,14,93.5,3.5
LAP01736,MSI,Windows,Video,43.6,18.6,16,13.0,60,68,39,65,1,1,33.5,11,96.7,2.81
LAP01737,Lenovo,macOS,Browsing,45.2,21.0,16,16.3,90,70,49,37,0,1,39.4,18,94.9,3.04
LAP01738,Lenovo,Windows,Office,55.9,33.8,16,14.4,60,28,45,58,0,1,39.4,40,91.3,3.17
LAP01739,Dell,Windows,Office,44.1,34.9,8,16.9,144,48,65,81,0,1,44.5,13,99.6,1.77
LAP01740,Acer,Windows,Gaming,63.1,14.9,16,16.8,60,27,100,6,1,1,42.8,14,100.0,3.17
LAP01741,ASUS,Windows,Browsing,54.2,40.4,8,14.8,75,100,80,48,1,1,43.8,22,93.6,2.25
LAP01742,ASUS,Windows,Browsing,47.7,49.1,8,15.5,60,95,89,67,1,1,46.7,10,95.0,1.88
LAP01743,Lenovo,Windows,Office,71.3,21.5,16,15.6,60,34,19,40,1,1,29.2,42,86.9,5.52
LAP01744,Apple,Windows,Browsing,30.0,21.2,4,13.3,60,88,71,73,1,0,40.9,2,98.8,1.92
LAP01745,Apple,Windows,Browsing,63.1,14.2,8,17.3,60,53,63,50,0,1,42.1,42,90.7,5.45
LAP01746,Dell,Linux,Gaming,46.7,17.0,16,15.7,60,71,6,91,1,1,33.5,0,100.0,2.64
LAP01747,ASUS,Windows,Office,67.3,28.9,32,15.2,60,69,10,93,1,1,40.3,58,82.1,3.93
LAP01748,Lenovo,Windows,Coding,70.8,52.8,16,16.4,60,86,61,23,1,1,37.7,3,100.0,2.6
LAP01749,Acer,Windows,Video,30.0,33.7,8,15.4,60,24,20,35,1,0,34.3,20,96.5,1.75
LAP01750,ASUS,Linux,Office,51.8,21.0,8,13.5,60,28,27,79,1,1,40.4,24,95.2,4.15
LAP01751,Lenovo,Windows,Browsing,55.9,19.9,16,13.9,60,24,99,96,1,1,52.1,19,94.7,3.23
LAP01752,Lenovo,Windows,Browsing,30.0,17.0,8,12.0,75,46,45,9,1,1,37.8,9,97.4,2.71
LAP01753,HP,macOS,Office,58.4,37.7,8,15.1,144,66,34,20,1,1,35.1,17,93.2,2.66
LAP01754,Acer,Windows,Coding,47.1,22.1,16,15.8,90,81,71,26,1,1,42.0,32,91.0,2.16
LAP01755,HP,Windows,Office,36.9,30.5,8,14.7,60,64,59,54,1,1,39.4,52,85.7,1.89
LAP01756,Dell,Windows,Browsing,45.2,22.2,8,13.4,144,85,84,84,1,0,42.3,34,87.6,2.24
LAP01757,HP,macOS,Coding,42.7,50.4,4,14.3,60,42,8,90,0,1,33.5,24,94.9,2.72
LAP01758,MSI,Windows,Gaming,46.4,18.6,16,14.5,144,80,32,95,1,1,40.8,2,99.4,2.15
LAP01759,HP,Linux,Video,57.8,16.6,8,16.2,60,62,54,4,1,1,37.5,50,88.6,3.18
LAP01760,MSI,Windows,Video,69.7,19.2,8,17.0,75,54,32,98,1,1,39.7,49,85.9,3.39
LAP01761,ASUS,Windows,Video,53.8,30.1,8,11.6,75,49,57,85,1,0,40.9,12,94.6,2.19
LAP01762,Apple,Windows,Office,71.5,42.2,32,14.9,165,86,71,58,1,1,41.3,34,92.0,2.25
LAP01763,Lenovo,Linux,Video,39.3,30.1,16,14.2,60,29,30,35,1,1,34.5,24,89.1,2.0
LAP01764,MSI,Windows,Browsing,57.3,33.5,8,14.6,165,75,43,73,1,1,38.3,54,84.8,2.36
LAP01765,Acer,Windows,Coding,86.6,31.8,16,16.2,90,53,17,33,1,1,35.5,17,93.8,4.68
LAP01766,HP,Windows,Coding,31.1,8.0,8,14.3,240,84,75,51,1,1,43.3,50,89.8,1.35
LAP01767,MSI,Linux,Browsing,30.6,24.8,8,16.0,90,25,58,5,1,1,44.9,29,88.4,1.77
LAP01768,Acer,Windows,Video,74.2,21.2,16,17.3,120,89,17,13,1,1,32.0,39,86.4,3.78
LAP01769,Apple,Windows,Gaming,58.3,23.3,16,14.4,144,62,63,58,1,1,40.8,45,92.3,1.83
LAP01770,Apple,Windows,Office,46.0,15.1,4,14.7,144,35,8,56,1,1,38.3,29,95.3,3.81
LAP01771,HP,macOS,Video,38.1,35.4,32,14.7,75,82,84,36,1,1,42.2,57,82.0,1.09
LAP01772,Dell,Linux,Browsing,54.5,25.6,16,17.3,120,84,61,57,1,1,38.1,23,91.2,2.8
LAP01773,HP,Windows,Coding,57.0,25.5,64,14.3,120,24,96,82,0,1,50.5,25,97.7,2.2
LAP01774,ASUS,Windows,Office,57.1,23.2,16,17.1,60,44,64,31,1,1,39.0,0,98.2,3.96
LAP01775,MSI,Windows,Coding,37.9,17.4,64,14.9,144,46,51,19,1,1,41.5,32,92.7,2.15
LAP01776,Lenovo,macOS,Gaming,49.9,8.0,16,15.2,60,61,81,84,1,1,49.2,7,98.3,2.83
LAP01777,Dell,Windows,Gaming,46.5,28.3,8,16.2,60,74,78,78,1,1,52.3,11,97.5,1.45
LAP01778,HP,Windows,Video,64.7,26.4,16,14.5,144,45,9,80,1,1,35.8,7,100.0,3.42
LAP01779,Acer,Windows,Office,38.8,31.4,16,16.4,120,35,40,60,1,0,39.6,10,97.8,1.92
LAP01780,Dell,macOS,Gaming,56.1,25.9,32,14.6,60,47,23,56,1,0,34.9,13,98.7,3.28
LAP01781,MSI,Windows,Browsing,94.5,12.0,8,13.5,120,49,34,51,1,0,36.9,17,96.8,8.65
LAP01782,Dell,Windows,Gaming,37.8,15.5,16,16.4,144,96,45,87,1,0,41.9,43,90.9,1.38
LAP01783,MSI,Linux,Office,43.8,41.1,32,15.9,60,64,52,84,1,1,36.6,39,86.0,1.53
LAP01784,HP,Windows,Browsing,53.6,28.8,32,14.2,90,38,32,47,1,1,39.6,0,100.0,3.72
LAP01785,MSI,Windows,Coding,30.0,34.6,4,16.6,144,32,35,78,1,0,41.6,20,92.0,1.29
LAP01786,Dell,macOS,Browsing,33.6,36.0,16,13.6,60,94,61,10,1,0,45.9,9,96.1,2.08
LAP01787,Acer,macOS,Browsing,59.7,13.2,16,15.6,90,42,47,100,1,1,44.6,36,87.2,4.43
LAP01788,Apple,Linux,Office,52.4,20.9,8,12.6,60,33,69,29,1,1,35.4,28,93.3,3.09
LAP01789,Dell,Windows,Browsing,70.8,33.2,32,14.5,144,93,13,59,1,0,38.4,45,87.9,4.22
LAP01790,MSI,Windows,Browsing,51.4,15.2,16,13.8,144,42,16,17,1,1,32.7,39,88.8,4.27
LAP01791,Apple,macOS,Browsing,50.1,20.1,16,13.2,75,59,91,91,1,0,46.9,23,96.6,2.79
LAP01792,MSI,Windows,Office,44.5,18.8,32,15.0,60,83,16,76,1,1,37.7,57,83.9,3.04
LAP01793,Acer,Linux,Browsing,49.9,16.1,8,15.5,120,78,46,73,1,0,44.5,43,88.7,3.25
LAP01794,MSI,macOS,Coding,36.8,23.4,32,15.9,90,39,77,46,1,0,44.0,35,87.2,1.6
LAP01795,HP,Windows,Browsing,52.8,19.2,16,15.0,165,51,57,11,1,0,44.6,17,91.7,2.84
LAP01796,Lenovo,Linux,Gaming,40.4,20.2,32,15.6,60,97,94,49,1,1,43.7,14,91.6,1.43
LAP01797,Dell,Linux,Gaming,36.8,28.2,16,13.4,60,43,98,39,1,1,46.1,31,95.8,1.19
LAP01798,Lenovo,Windows,Office,45.4,37.0,4,13.8,60,65,61,89,1,1,44.9,37,87.9,1.9
LAP01799,MSI,Windows,Video,61.8,34.2,16,15.0,60,37,88,63,1,1,42.3,42,89.1,1.95
LAP01800,Acer,Windows,Video,57.1,27.1,8,13.8,60,67,20,18,1,1,31.5,44,89.4,3.31
LAP01801,Dell,Windows,Gaming,65.0,44.7,8,15.0,240,33,81,86,1,1,49.2,19,90.9,1.23
LAP01802,MSI,Windows,Coding,41.2,32.9,16,14.1,60,73,54,99,0,1,43.5,33,93.3,1.95
LAP01803,Apple,Windows,Browsing,54.8,34.7,16,14.8,120,40,8,26,1,1,34.9,8,97.2,4.04
LAP01804,ASUS,Linux,Coding,80.5,23.0,16,12.7,75,24,93,51,1,0,45.1,40,91.2,3.69
LAP01805,MSI,macOS,Coding,76.0,20.4,16,12.6,90,50,17,79,1,1,36.1,54,90.9,4.86
LAP01806,Lenovo,Windows,Coding,35.9,29.5,16,14.0,165,86,64,6,1,1,36.0,33,94.5,1.28
LAP01807,Dell,Windows,Office,39.9,35.9,16,13.1,90,78,32,62,1,1,35.3,34,96.2,2.27
LAP01808,Lenovo,Windows,Gaming,80.5,27.1,16,11.6,60,63,16,76,1,1,41.0,56,85.4,3.72
LAP01809,Dell,macOS,Gaming,61.8,17.4,8,15.7,60,83,28,54,1,1,36.7,55,87.8,3.04
LAP01810,MSI,Windows,Browsing,52.1,9.6,32,16.4,165,61,96,75,1,1,44.7,26,89.8,3.1
LAP01811,HP,Windows,Browsing,50.5,8.0,8,16.2,240,57,5,90,1,1,36.1,41,87.1,2.39
LAP01812,Apple,macOS,Browsing,58.4,25.5,16,14.8,60,26,38,96,1,1,37.6,17,97.5,3.78
LAP01813,MSI,Windows,Video,58.6,34.8,16,14.8,120,78,7,30,1,1,34.6,20,97.0,3.14
LAP01814,Lenovo,macOS,Coding,47.0,8.0,16,15.1,75,88,26,10,1,1,35.1,17,96.7,4.09
LAP01815,ASUS,macOS,Coding,52.6,17.7,8,14.1,120,89,89,16,1,1,44.3,26,93.7,2.58
LAP01816,ASUS,macOS,Office,46.5,15.8,8,12.4,165,68,31,65,1,1,37.6,30,88.5,2.62
LAP01817,Acer,Windows,Coding,57.5,29.6,8,16.7,60,97,25,66,1,1,36.4,27,93.8,3.32
LAP01818,Dell,Windows,Office,43.9,17.0,16,15.0,144,30,90,97,1,1,48.9,32,90.8,2.16
LAP01819,Lenovo,Linux,Office,36.0,10.2,8,14.9,60,21,17,31,1,1,34.0,56,85.7,3.51
LAP01820,Acer,Windows,Video,77.1,17.7,8,14.6,120,46,48,23,1,1,34.1,14,94.7,4.01
LAP01821,Lenovo,Windows,Gaming,54.0,15.8,8,15.8,60,35,84,87,0,1,50.9,44,85.9,1.96
LAP01822,Dell,Windows,Gaming,80.5,25.2,8,14.8,120,83,28,12,1,1,32.9,46,84.2,3.21
LAP01823,MSI,Windows,Gaming,30.0,22.4,32,14.3,60,85,50,21,1,1,42.1,54,82.6,1.3
LAP01824,MSI,Windows,Office,33.3,30.3,16,14.5,75,68,21,18,1,0,29.9,35,96.2,2.5
LAP01825,ASUS,Windows,Office,62.0,24.9,32,15.1,120,35,9,52,1,0,38.2,18,98.8,4.27
LAP01826,MSI,Windows,Video,54.0,37.2,16,13.4,60,92,42,93,1,1,42.5,34,90.0,2.2
LAP01827,MSI,Windows,Gaming,37.6,19.6,32,17.0,60,71,63,38,1,1,41.0,31,90.7,1.67
LAP01828,HP,Windows,Browsing,72.0,32.4,16,14.2,90,92,31,20,1,1,43.7,44,88.4,4.88
LAP01829,ASUS,Windows,Office,42.0,28.8,16,13.9,60,24,58,86,1,1,41.8,38,87.0,2.0
LAP01830,Acer,Windows,Browsing,73.0,21.5,16,14.5,120,55,100,15,1,1,45.0,57,80.3,3.35
LAP01831,Apple,Windows,Coding,53.9,33.3,8,16.3,144,26,94,6,1,1,45.0,59,85.2,1.72
LAP01832,HP,Windows,Office,39.0,15.4,16,14.6,60,80,75,83,1,1,48.3,56,88.2,2.32
LAP01833,Acer,Windows,Office,45.0,39.9,32,16.6,144,48,59,77,1,0,43.1,11,95.8,1.62
LAP01834,Dell,Windows,Browsing,75.6,15.7,16,14.5,120,86,75,25,1,1,39.7,54,86.4,4.68
LAP01835,HP,Windows,Office,50.5,8.9,16,13.0,60,49,47,85,1,1,43.1,28,97.5,4.62
LAP01836,Acer,Windows,Gaming,69.6,8.0,32,13.8,60,59,95,99,1,0,52.2,33,90.0,3.54
LAP01837,Dell,Windows,Browsing,76.0,26.1,64,14.0,165,50,42,89,1,1,44.7,15,94.7,4.22
LAP01838,ASUS,Linux,Coding,53.8,18.2,16,15.9,75,67,92,75,1,1,45.5,21,95.9,2.62
LAP01839,Apple,Windows,Coding,51.7,27.2,32,14.4,60,25,92,30,1,1,42.8,7,98.4,2.65
LAP01840,Dell,macOS,Gaming,48.9,11.8,4,13.3,120,81,65,67,1,1,43.1,54,84.1,1.82
LAP01841,MSI,Windows,Browsing,60.3,30.8,4,13.0,90,48,49,39,1,1,40.5,11,93.3,3.56
LAP01842,Lenovo,macOS,Gaming,77.6,27.2,4,12.4,144,28,62,26,1,1,41.0,33,89.2,2.6
LAP01843,Dell,Windows,Coding,36.6,19.5,16,17.3,240,73,33,8,1,1,33.9,15,99.5,1.67
LAP01844,Dell,Windows,Gaming,58.3,32.5,4,14.0,60,30,58,75,1,0,46.6,54,81.2,1.66
LAP01845,Apple,Windows,Gaming,57.6,31.9,4,15.6,144,38,95,92,0,1,47.1,46,82.9,1.19
LAP01846,Lenovo,Windows,Browsing,30.0,26.1,8,13.3,240,93,38,91,1,1,45.5,59,82.4,1.1
LAP01847,MSI,Windows,Browsing,41.7,35.6,8,16.7,90,24,25,15,1,1,35.3,8,94.9,2.87
LAP01848,Acer,Windows,Office,44.8,38.3,16,13.8,120,89,49,71,1,1,44.7,26,95.7,1.84
LAP01849,Acer,Windows,Coding,66.5,15.5,4,17.3,60,37,5,12,1,1,35.5,59,83.4,5.15
LAP01850,Dell,Windows,Browsing,69.1,38.6,16,17.3,60,40,14,77,1,1,35.6,46,85.0,4.56
LAP01851,Lenovo,Linux,Browsing,30.0,14.2,8,13.4,120,34,62,59,1,1,39.1,34,89.8,1.99
LAP01852,Lenovo,Windows,Office,64.6,34.3,8,16.7,240,78,98,78,1,1,53.0,10,99.1,1.98
LAP01853,MSI,macOS,Browsing,62.6,36.4,16,17.3,60,93,32,59,1,0,43.5,18,97.5,3.99
LAP01854,Apple,Windows,Browsing,63.7,22.9,64,12.8,60,25,65,8,1,0,39.5,30,90.9,4.93
LAP01855,ASUS,Windows,Office,57.3,24.4,16,12.9,165,43,34,52,1,1,38.3,14,94.2,3.28
LAP01856,Acer,Windows,Browsing,69.3,21.4,8,12.1,60,79,32,31,1,1,31.9,52,88.3,5.35
LAP01857,Apple,Windows,Office,72.6,15.1,32,13.7,120,47,33,85,0,1,39.9,56,85.7,4.6
LAP01858,HP,Windows,Office,30.5,17.3,16,13.6,60,93,35,54,1,1,37.1,26,86.8,2.24
LAP01859,Acer,Windows,Office,54.3,31.0,16,14.5,60,42,72,24,1,1,42.9,32,89.4,2.7
LAP01860,Apple,Windows,Gaming,51.2,35.3,8,13.2,60,98,87,40,1,0,44.9,6,98.9,1.44
LAP01861,Acer,macOS,Coding,46.4,24.8,8,16.0,60,65,78,25,1,1,46.6,22,91.4,2.29
LAP01862,ASUS,Windows,Office,48.2,12.9,16,15.0,75,56,35,28,1,1,30.4,35,88.4,3.52
LAP01863,HP,macOS,Office,57.8,11.2,16,15.6,60,33,45,81,1,0,43.7,21,93.5,5.17
LAP01864,ASUS,macOS,Video,35.6,23.7,16,16.4,75,67,68,35,1,1,39.1,0,99.4,1.8
LAP01865,MSI,Linux,Gaming,65.1,18.7,8,15.4,60,97,46,83,1,1,42.0,57,85.7,2.69
LAP01866,HP,Windows,Gaming,49.5,39.2,32,14.7,60,90,48,96,1,0,46.4,26,90.4,1.56
LAP01867,Dell,Windows,Coding,68.1,16.6,8,13.9,240,55,35,83,1,1,40.2,51,87.7,2.74
LAP01868,Apple,Windows,Browsing,45.7,32.2,16,16.3,60,79,15,2,1,1,41.6,10,95.0,3.96
LAP01869,HP,Windows,Office,44.9,17.6,8,15.4,60,73,40,58,1,1,38.4,50,83.6,2.81
LAP01870,MSI,Windows,Browsing,40.8,21.6,16,15.3,60,98,36,33,1,1,35.7,11,98.3,3.39
LAP01871,MSI,Windows,Gaming,45.8,27.1,8,14.2,60,82,91,5,1,1,36.0,59,87.7,1.55
LAP01872,ASUS,Windows,Coding,43.0,31.2,16,15.4,144,67,43,30,1,1,38.7,20,92.6,1.78
LAP01873,Acer,Windows,Video,61.5,30.1,8,13.9,75,41,71,98,1,0,46.6,7,96.1,2.36
LAP01874,HP,Linux,Office,70.7,18.3,16,15.4,120,62,64,31,1,1,35.8,12,95.6,3.81
LAP01875,Apple,Windows,Video,60.8,26.2,8,14.6,90,60,96,41,1,1,43.5,36,93.6,2.11
LAP01876,HP,Windows,Office,53.8,20.5,32,16.0,60,36,29,56,1,1,40.0,32,90.3,3.45
LAP01877,Lenovo,Linux,Browsing,62.3,8.0,64,13.1,60,82,32,72,1,1,36.0,49,81.9,5.68
LAP01878,Acer,Windows,Office,54.5,27.7,16,15.1,120,98,23,45,1,1,34.1,1,95.6,3.53
LAP01879,Apple,Windows,Coding,55.4,40.2,64,16.0,90,37,87,90,1,1,48.3,8,94.6,1.92
LAP01880,Apple,Linux,Office,50.4,43.5,8,15.1,120,91,33,87,1,1,42.7,12,95.2,2.0
LAP01881,Dell,Windows,Gaming,67.5,28.8,64,13.0,60,22,54,55,1,1,44.8,25,91.7,2.79
LAP01882,ASUS,Windows,Browsing,30.0,28.0,8,14.0,60,73,23,49,1,1,46.4,44,88.9,2.4
LAP01883,Dell,Windows,Coding,30.0,8.0,8,16.8,144,33,60,85,1,1,43.4,54,80.7,1.38
LAP01884,Apple,Windows,Coding,70.4,57.7,8,14.9,60,53,22,29,1,1,29.4,46,86.6,3.01
LAP01885,Acer,Windows,Office,52.1,42.2,32,13.9,120,20,49,35,1,0,33.6,51,82.8,1.82
LAP01886,HP,Windows,Video,68.8,34.1,16,16.8,60,67,92,25,0,1,52.4,8,98.5,2.6
LAP01887,HP,Windows,Video,45.9,25.9,16,17.2,165,29,84,49,0,1,43.5,60,81.7,1.28
LAP01888,Acer,Windows,Video,80.1,8.0,64,13.3,240,30,86,1,0,1,45.4,14,96.4,4.17
LAP01889,Apple,Linux,Gaming,53.0,27.2,16,14.3,120,85,45,6,1,1,38.3,56,88.1,1.72
LAP01890,MSI,Windows,Video,61.7,25.4,16,14.5,90,22,17,26,1,1,30.0,6,100.0,4.14
LAP01891,HP,Linux,Browsing,48.3,8.1,4,15.7,144,34,72,79,1,1,42.7,42,89.2,3.39
LAP01892,MSI,Windows,Video,41.5,30.4,32,14.7,75,78,81,48,1,0,50.4,56,80.5,1.28
LAP01893,HP,Linux,Office,30.0,39.8,64,15.2,144,83,72,45,1,0,40.3,56,87.1,1.0
LAP01894,HP,Windows,Browsing,66.8,29.1,32,14.8,60,66,87,92,1,0,49.0,54,87.3,2.75
LAP01895,ASUS,Windows,Browsing,60.9,29.0,8,17.3,60,21,28,84,1,1,40.1,36,91.7,4.16
LAP01896,ASUS,Windows,Video,56.4,29.8,8,15.8,165,49,37,25,1,1,29.6,8,94.7,2.2
LAP01897,Lenovo,Linux,Video,37.9,21.1,8,14.6,120,57,77,81,1,1,52.2,13,96.7,1.42
LAP01898,Dell,Windows,Browsing,76.2,34.1,8,14.6,75,24,59,64,1,1,38.1,29,92.2,4.22
LAP01899,Acer,Windows,Video,56.6,43.3,8,15.7,165,25,7,1,1,1,30.9,50,84.0,2.22
LAP01900,Acer,Windows,Gaming,65.5,25.5,16,13.7,144,24,7,77,1,0,34.1,46,83.0,2.45
LAP01901,Acer,Linux,Browsing,55.0,15.9,16,15.4,60,31,34,78,0,1,43.4,47,81.9,4.34
LAP01902,Lenovo,Windows,Browsing,38.7,8.4,32,15.2,120,23,22,63,1,1,38.1,19,90.8,3.46
LAP01903,ASUS,Windows,Video,69.9,31.0,4,13.8,90,43,70,63,1,1,47.9,46,87.6,2.59
LAP01904,Apple,Windows,Office,61.8,32.4,8,11.8,144,44,100,99,1,1,56.6,53,86.1,2.03
LAP01905,MSI,Windows,Coding,52.3,29.4,8,12.6,60,45,47,87,1,1,45.9,22,94.2,2.79
LAP01906,MSI,macOS,Browsing,61.5,22.2,8,14.7,60,74,77,59,1,1,45.5,14,100.0,3.81
LAP01907,Apple,Linux,Office,67.3,28.3,8,16.3,60,65,70,88,1,1,43.6,57,87.6,3.06
LAP01908,Lenovo,Windows,Video,64.9,18.6,8,14.4,60,65,88,8,1,1,39.8,55,83.0,2.97
LAP01909,Apple,Windows,Coding,30.0,16.5,32,16.2,60,62,31,14,1,1,37.4,30,95.4,2.22
LAP01910,Acer,Linux,Video,32.6,13.0,16,14.5,60,79,23,36,1,1,35.7,3,100.0,2.58
LAP01911,Dell,Windows,Gaming,66.0,13.2,16,13.5,120,52,20,5,1,1,37.5,24,92.8,3.52
LAP01912,HP,macOS,Video,44.6,31.4,16,13.2,60,40,30,42,1,0,41.7,50,88.6,2.41
LAP01913,MSI,Windows,Coding,39.3,21.8,16,13.7,75,56,18,44,1,1,36.7,18,96.4,2.89
LAP01914,ASUS,Windows,Browsing,60.6,16.8,16,15.2,75,31,51,75,1,1,39.7,59,84.8,3.43
LAP01915,ASUS,Windows,Coding,38.8,8.7,32,14.9,120,40,22,90,1,1,39.3,36,96.0,2.77
LAP01916,Lenovo,Windows,Browsing,47.8,33.1,16,14.7,60,32,32,70,1,1,42.3,33,90.9,2.57
LAP01917,ASUS,macOS,Video,67.8,37.8,32,14.7,60,52,23,27,1,0,31.4,0,100.0,3.72
LAP01918,Acer,Windows,Office,32.3,12.7,8,16.5,75,89,34,51,1,1,41.2,40,89.4,2.45
LAP01919,MSI,Linux,Coding,34.5,23.5,8,17.3,120,95,25,75,1,1,36.6,30,95.1,1.7
LAP01920,Apple,Windows,Office,30.8,13.8,16,14.0,60,80,25,34,1,1,34.0,39,91.2,2.38
LAP01921,Acer,Linux,Video,42.1,23.3,8,14.7,60,49,52,65,1,0,39.2,43,89.1,1.94
LAP01922,Lenovo,Windows,Gaming,56.2,32.3,16,13.3,144,56,59,25,1,1,35.4,34,93.2,1.88
LAP01923,Acer,Linux,Office,45.7,44.4,16,15.0,75,35,34,19,1,1,39.9,26,94.0,2.13
LAP01924,Apple,Windows,Gaming,77.6,19.6,8,14.6,165,64,46,88,0,1,43.6,20,88.2,2.87
LAP01925,Dell,Linux,Office,61.8,33.4,16,15.3,144,90,41,61,1,1,37.3,7,97.2,2.88
LAP01926,Lenovo,Windows,Coding,54.7,33.7,32,16.2,60,20,45,84,1,1,40.5,17,96.4,2.51
LAP01927,Dell,Windows,Gaming,74.0,23.2,32,13.3,120,72,50,0,1,1,40.3,22,94.1,2.96
LAP01928,HP,Linux,Office,35.0,38.9,16,14.7,60,47,100,91,1,1,48.5,40,85.8,1.06
LAP01929,Dell,Windows,Gaming,68.0,21.1,16,14.6,60,72,98,52,1,1,48.2,35,91.8,2.55
LAP01930,HP,Windows,Browsing,51.5,30.2,32,15.2,144,63,90,76,1,0,46.3,28,91.5,2.25
LAP01931,HP,Windows,Browsing,48.2,18.1,16,17.0,60,86,64,29,1,0,42.5,15,92.5,3.19
LAP01932,Dell,Windows,Gaming,64.2,31.4,8,14.1,60,58,92,59,1,0,43.4,49,86.4,1.76
LAP01933,Lenovo,Windows,Browsing,48.8,30.2,8,15.9,165,29,78,9,1,0,37.2,56,84.9,1.96
LAP01934,Apple,Windows,Gaming,57.7,39.2,8,17.3,60,70,92,21,1,0,42.5,9,93.7,1.65
LAP01935,Acer,Windows,Gaming,53.5,47.0,8,13.8,60,33,5,28,1,0,35.0,16,93.0,2.47
LAP01936,Acer,Windows,Browsing,59.6,36.0,8,15.2,60,98,58,68,1,1,41.1,21,92.8,3.36
LAP01937,Apple,Windows,Coding,47.4,33.0,32,15.2,75,25,39,7,1,1,34.6,39,89.3,2.45
LAP01938,MSI,macOS,Browsing,68.9,20.3,16,13.2,60,58,20,52,1,1,37.1,1,100.0,6.2
LAP01939,MSI,Windows,Office,30.0,8.0,32,15.8,120,99,9,10,1,1,30.2,41,83.4,2.04
LAP01940,HP,Windows,Browsing,64.6,40.6,16,16.6,165,67,35,25,1,0,34.1,29,89.1,2.84
LAP01941,HP,Windows,Browsing,30.0,47.3,8,14.1,75,44,41,18,1,1,36.9,43,88.2,1.41
LAP01942,Lenovo,Windows,Office,43.7,28.8,4,14.6,60,52,29,18,1,1,38.9,38,86.4,2.83
LAP01943,ASUS,Windows,Office,62.8,12.9,32,12.6,144,94,66,29,1,1,38.1,38,86.8,3.35
LAP01944,Dell,Windows,Gaming,30.0,41.5,4,16.5,90,86,29,35,1,1,35.5,44,89.2,1.0
LAP01945,HP,Windows,Video,57.5,38.3,16,16.2,90,84,71,41,1,1,43.2,18,95.7,1.88
LAP01946,Acer,Windows,Video,34.4,8.0,8,13.7,60,59,42,55,1,0,40.1,9,95.5,2.43
LAP01947,Lenovo,Windows,Coding,40.5,26.7,8,13.8,60,44,100,8,1,1,46.8,19,96.9,1.78
LAP01948,Dell,Linux,Video,39.8,27.9,8,14.4,75,76,52,6,1,1,36.7,23,91.8,1.77
LAP01949,Lenovo,Windows,Office,34.9,8.0,16,16.8,75,51,88,17,1,1,37.8,5,99.2,2.8
LAP01950,Dell,Windows,Video,30.0,12.1,32,14.9,60,65,98,8,1,0,38.9,58,85.6,1.89
LAP01951,Dell,Windows,Gaming,86.1,38.1,16,15.2,60,23,68,5,1,1,42.4,44,90.0,2.72
LAP01952,Apple,Windows,Office,52.3,25.8,16,15.2,60,42,6,69,1,0,32.6,60,83.8,3.87
LAP01953,HP,Linux,Coding,36.4,13.6,32,16.9,60,99,68,44,1,1,41.2,17,94.5,2.03
LAP01954,Lenovo,macOS,Video,46.6,17.0,16,14.5,60,94,73,21,1,0,37.2,15,97.3,2.59
LAP01955,Lenovo,Windows,Gaming,55.5,10.6,32,14.8,60,41,87,80,1,0,46.9,53,86.1,2.65
LAP01956,Apple,Windows,Video,49.3,25.9,8,16.6,144,52,24,78,1,0,39.9,38,88.9,1.93
LAP01957,Acer,Windows,Office,36.0,34.0,32,16.6,120,60,90,72,1,1,47.5,39,81.8,1.2
LAP01958,Acer,Linux,Office,41.5,39.1,16,13.5,120,81,15,69,1,1,37.0,39,88.3,1.98
LAP01959,MSI,macOS,Browsing,72.8,17.0,8,12.3,60,57,86,86,0,1,43.1,15,94.8,5.23
LAP01960,HP,Windows,Video,34.0,20.8,4,15.0,60,75,95,80,1,1,46.1,39,89.1,1.31
LAP01961,HP,Windows,Browsing,30.0,31.0,8,15.9,75,82,35,95,1,1,40.0,14,90.8,1.77
LAP01962,ASUS,Windows,Gaming,49.2,36.4,8,15.4,60,96,39,31,1,1,40.1,39,94.0,1.79
LAP01963,Apple,Windows,Browsing,30.0,29.4,32,14.1,165,95,48,100,1,0,42.0,5,100.0,1.55
LAP01964,Acer,Windows,Browsing,41.4,40.2,16,17.3,60,74,59,66,1,0,36.7,32,93.1,2.0
LAP01965,Dell,Windows,Office,36.2,46.8,32,13.5,144,70,49,15,1,1,39.7,47,84.6,1.25
LAP01966,Lenovo,Windows,Video,36.4,8.0,16,13.1,60,84,25,1,1,1,34.5,12,97.8,3.41
LAP01967,HP,Windows,Browsing,56.0,43.2,16,16.6,144,76,56,66,1,0,40.1,3,97.2,2.44
LAP01968,Lenovo,Windows,Office,58.9,40.6,8,14.4,75,46,24,40,1,1,32.3,31,97.7,3.55
LAP01969,Lenovo,Windows,Office,42.9,10.9,16,17.3,144,76,13,50,1,0,34.2,49,85.5,2.53
LAP01970,ASUS,Windows,Browsing,53.6,30.6,16,14.7,75,74,99,13,0,1,42.9,28,95.2,2.87
LAP01971,Acer,Windows,Browsing,42.2,32.6,32,14.5,60,91,13,77,1,0,39.5,57,81.8,2.76
LAP01972,HP,Linux,Video,61.0,11.9,16,15.7,165,23,62,93,1,1,50.2,6,100.0,2.85
LAP01973,Lenovo,Linux,Coding,32.8,24.3,16,16.2,60,84,75,48,1,1,43.8,32,93.0,1.56
LAP01974,HP,Windows,Browsing,57.5,26.9,8,17.3,144,75,37,48,0,1,40.3,4,100.0,3.92
LAP01975,Dell,Windows,Video,58.6,12.0,16,16.2,60,72,5,26,1,1,28.0,57,86.8,3.97
LAP01976,ASUS,Windows,Gaming,90.0,20.9,32,16.5,60,63,87,80,1,0,43.5,39,89.2,3.34
LAP01977,Dell,Windows,Coding,30.0,41.8,16,14.2,60,35,7,38,1,0,37.2,3,100.0,1.88
LAP01978,HP,Linux,Coding,94.8,45.2,8,16.3,90,42,43,72,1,1,37.0,6,100.0,3.99
LAP01979,MSI,Linux,Gaming,66.4,11.8,8,15.9,90,50,16,35,1,1,32.4,15,99.8,4.48
LAP01980,HP,Windows,Gaming,82.4,8.0,16,14.2,60,47,98,9,1,1,43.6,36,91.8,5.06
LAP01981,Acer,macOS,Video,68.6,39.8,16,13.1,120,69,20,92,1,1,40.9,48,83.9,2.61
LAP01982,Lenovo,macOS,Office,40.8,46.9,8,13.7,60,35,81,3,1,1,37.2,10,96.8,1.54
LAP01983,Lenovo,Linux,Coding,64.9,35.5,32,14.3,165,60,54,84,1,1,47.9,58,82.8,2.07
LAP01984,Dell,Windows,Video,45.0,21.6,8,14.7,60,28,92,100,1,0,45.6,49,82.8,1.69
LAP01985,ASUS,Windows,Browsing,53.7,12.0,4,16.0,60,21,85,1,1,1,41.2,4,96.6,4.78
LAP01986,MSI,Windows,Office,37.4,32.4,16,16.3,60,62,31,78,1,1,45.2,28,89.0,2.03
LAP01987,Apple,Windows,Video,44.8,37.7,16,17.3,165,85,33,27,1,1,37.2,54,84.4,1.44
LAP01988,Lenovo,Windows,Coding,68.5,17.1,16,15.6,75,99,82,88,1,0,42.0,54,86.4,3.04
LAP01989,Acer,Windows,Office,61.6,28.3,8,13.0,60,96,73,25,1,1,43.6,24,93.0,3.02
LAP01990,Dell,Windows,Coding,70.4,19.8,4,13.7,90,68,56,72,1,1,41.9,2,99.2,3.66
LAP01991,Dell,macOS,Browsing,34.0,34.0,4,14.7,165,40,10,29,1,1,35.6,31,96.3,2.28
LAP01992,Apple,Windows,Office,30.0,8.0,8,16.5,60,38,28,8,1,1,38.2,29,92.7,3.21
LAP01993,Acer,Windows,Video,71.5,29.8,16,15.9,60,76,44,0,1,1,30.5,19,92.0,3.57
LAP01994,ASUS,Linux,Browsing,70.4,20.6,8,13.9,90,96,37,55,1,1,40.2,29,96.9,5.52
LAP01995,Acer,Windows,Browsing,58.2,47.0,64,13.4,75,79,13,55,1,1,39.7,2,100.0,4.08
LAP01996,ASUS,Windows,Gaming,61.3,28.7,16,14.1,60,38,53,75,1,1,43.4,60,85.8,2.23
LAP01997,Acer,macOS,Browsing,68.0,33.5,16,13.3,75,83,71,60,1,0,47.9,43,89.5,3.4
LAP01998,Acer,Linux,Office,57.7,13.7,64,14.8,90,54,27,44,1,1,37.4,55,85.1,4.06
LAP01999,HP,Windows,Gaming,63.1,22.3,8,15.6,120,52,89,12,1,0,46.7,14,91.5,2.06
LAP02000,Dell,Linux,Video,67.2,29.7,8,15.4,240,86,26,13,1,1,29.3,59,81.7,2.4
LAP02001,Acer,Windows,Coding,53.6,20.7,16,14.3,60,67,76,9,1,1,42.6,40,88.2,2.76
LAP02002,Apple,Linux,Gaming,49.8,22.1,8,15.0,75,79,88,16,1,1,34.3,13,96.8,1.83
LAP02003,Acer,Linux,Browsing,60.7,28.2,32,13.2,60,64,82,16,1,0,42.2,39,89.3,3.49
LAP02004,Lenovo,Windows,Video,89.0,8.0,64,14.0,144,94,98,30,1,1,40.7,49,84.0,4.17
LAP02005,Dell,Windows,Coding,42.3,18.7,32,15.4,60,87,12,45,1,1,37.5,9,94.5,2.88
LAP02006,Lenovo,Windows,Video,48.5,34.5,32,17.3,165,87,23,48,0,1,35.4,16,97.4,2.12
LAP02007,Dell,Windows,Coding,30.0,20.3,16,16.9,60,34,42,89,1,1,42.5,14,95.0,1.79
LAP02008,Lenovo,macOS,Coding,61.5,53.0,16,13.2,60,91,10,98,1,1,37.2,28,91.8,2.78
LAP02009,Acer,Windows,Office,47.1,26.1,8,16.2,60,34,56,99,1,1,50.1,52,82.7,2.44
LAP02010,Acer,Linux,Office,34.0,8.0,16,15.2,165,42,38,74,1,0,39.9,33,87.1,2.12
LAP02011,HP,Linux,Video,54.0,30.3,8,15.3,240,79,78,79,0,1,43.1,34,89.6,1.35
LAP02012,Apple,macOS,Coding,77.4,12.3,32,17.3,240,33,99,92,1,1,44.8,8,98.2,3.27
LAP02013,Lenovo,Linux,Coding,49.7,29.1,32,14.3,120,21,15,17,0,1,30.5,50,89.9,3.22
LAP02014,ASUS,Windows,Office,51.1,18.2,8,15.7,60,62,47,74,1,1,38.5,16,98.3,3.61
LAP02015,HP,Windows,Coding,76.8,19.0,4,16.1,60,90,39,10,1,1,35.5,56,83.8,5.04
LAP02016,Lenovo,Windows,Video,54.9,37.4,16,14.0,60,35,15,72,1,1,36.7,1,96.7,3.07
LAP02017,Lenovo,Windows,Video,36.9,8.0,16,12.1,120,47,44,88,1,1,35.8,25,88.8,2.13
LAP02018,HP,Windows,Coding,65.3,19.2,16,13.1,75,51,36,54,1,0,37.4,37,95.1,4.26
LAP02019,Acer,Windows,Gaming,71.9,17.8,16,15.4,120,90,53,95,1,1,37.2,42,89.3,2.64
LAP02020,Lenovo,Windows,Video,52.0,41.0,16,16.3,60,21,94,97,1,0,51.6,60,82.6,1.37
LAP02021,Acer,macOS,Coding,57.0,20.8,8,15.8,144,91,90,2,1,1,40.4,27,90.3,2.32
LAP02022,HP,Linux,Coding,35.3,13.7,16,15.7,165,26,61,77,1,1,39.5,29,92.9,1.62
LAP02023,Acer,Windows,Gaming,41.9,27.8,16,15.5,120,57,69,88,1,1,44.6,42,89.0,1.22
LAP02024,Dell,Windows,Coding,50.0,14.3,8,13.8,144,67,52,15,1,1,40.4,54,84.5,2.58
LAP02025,ASUS,Windows,Video,56.2,16.0,8,15.0,75,92,97,99,0,1,48.8,8,100.0,2.55
LAP02026,MSI,Windows,Coding,45.7,33.3,32,15.9,60,21,56,8,1,1,37.6,59,84.5,1.87
LAP02027,Lenovo,Linux,Coding,49.4,8.0,64,15.7,240,61,43,67,1,1,43.1,27,93.5,2.32
LAP02028,Apple,Windows,Browsing,53.1,13.4,16,17.3,60,61,90,44,1,1,42.6,15,94.9,3.38
LAP02029,ASUS,Windows,Office,40.0,16.9,32,14.2,60,100,58,1,1,0,34.3,23,92.5,3.01
LAP02030,MSI,Windows,Gaming,51.0,43.5,8,14.2,60,39,100,88,1,0,46.4,21,95.7,1.17
LAP02031,Acer,Windows,Coding,72.3,30.3,64,14.0,120,25,29,21,1,0,37.7,19,94.7,4.37
LAP02032,Lenovo,Windows,Coding,46.1,24.6,4,11.6,90,30,49,68,1,1,42.0,51,85.6,2.22
LAP02033,Acer,Windows,Gaming,41.5,23.8,16,15.9,60,88,33,48,1,0,39.4,13,97.1,2.12
LAP02034,Dell,Windows,Coding,86.3,26.5,8,15.0,165,93,36,20,1,1,32.1,51,83.2,3.41
LAP02035,HP,Linux,Coding,58.4,27.9,16,14.7,165,59,98,73,1,1,52.6,42,88.7,1.85
LAP02036,Lenovo,Linux,Video,43.4,26.5,8,13.9,60,55,86,86,1,0,50.4,31,86.0,1.66
LAP02037,MSI,Windows,Video,64.7,48.4,4,15.8,120,70,71,90,1,1,42.5,9,99.5,1.76
LAP02038,MSI,Linux,Browsing,58.8,19.7,8,15.0,144,66,16,93,1,1,40.9,1,97.8,4.29
LAP02039,Dell,Windows,Office,46.4,27.1,4,17.2,60,36,62,54,1,1,39.0,6,95.6,2.44
LAP02040,Dell,macOS,Office,54.3,25.5,8,15.0,60,45,24,3,1,1,28.4,0,100.0,4.64
LAP02041,Lenovo,Windows,Office,50.6,36.3,16,15.6,60,72,54,57,1,1,42.2,36,88.7,2.45
LAP02042,Acer,Windows,Coding,69.9,16.7,8,17.2,144,67,12,69,1,1,37.6,14,92.6,3.88
LAP02043,Apple,Windows,Office,65.2,20.6,8,14.5,75,46,35,58,1,1,40.6,10,95.7,5.15
LAP02044,MSI,Windows,Browsing,30.0,8.0,8,14.4,120,65,28,25,1,1,38.2,19,100.0,2.75
LAP02045,MSI,Windows,Office,83.5,36.8,8,17.0,120,86,17,73,1,1,40.3,49,84.2,3.51
LAP02046,Dell,Windows,Browsing,50.7,8.0,16,12.8,60,38,76,68,1,1,44.8,40,87.6,4.26
LAP02047,ASUS,Windows,Coding,80.8,31.5,16,14.6,60,91,46,38,1,0,38.3,59,82.2,3.79
LAP02048,Dell,Windows,Gaming,65.7,45.2,16,14.6,60,100,82,100,1,1,51.8,32,91.7,1.56
LAP02049,Apple,macOS,Video,58.7,48.1,8,13.8,60,84,83,0,1,0,38.9,51,88.2,1.65
LAP02050,Acer,Linux,Office,53.6,21.3,16,15.7,60,90,89,56,1,1,48.4,37,85.5,2.41
LAP02051,Acer,Linux,Browsing,96.4,20.8,16,14.2,60,55,83,97,1,1,41.8,19,91.6,5.99
LAP02052,ASUS,Linux,Browsing,50.9,24.1,8,15.1,120,86,30,47,1,1,35.7,57,80.9,2.66
LAP02053,MSI,macOS,Coding,44.9,35.8,8,13.7,60,61,42,71,1,1,40.6,9,98.1,2.41
LAP02054,Dell,Windows,Browsing,46.3,23.4,8,15.4,75,86,42,20,1,1,38.5,31,90.7,3.8
LAP02055,Acer,Windows,Coding,55.0,21.7,8,17.3,60,88,59,30,1,1,41.9,35,88.6,2.92
LAP02056,Apple,Linux,Browsing,55.0,37.9,8,14.9,75,68,14,57,1,1,39.4,49,85.7,3.64
LAP02057,Lenovo,Linux,Video,70.1,25.5,4,15.0,144,56,87,46,0,0,44.8,58,83.4,2.25
LAP02058,HP,Windows,Office,66.4,23.2,16,13.3,60,65,15,22,1,0,33.1,11,94.9,5.19
LAP02059,HP,Windows,Browsing,66.4,14.5,16,16.2,60,99,7,74,1,1,40.2,57,85.8,5.37
LAP02060,HP,Windows,Video,51.6,37.3,32,14.9,120,75,27,79,1,1,40.0,24,89.5,1.85
LAP02061,MSI,macOS,Office,65.1,28.0,16,15.6,90,82,66,90,1,1,48.9,8,97.6,2.87
LAP02062,Dell,Windows,Browsing,66.7,24.9,16,16.3,60,97,74,6,1,1,40.9,48,88.5,4.3
LAP02063,ASUS,macOS,Coding,53.8,8.0,8,14.7,144,49,45,48,1,1,39.3,60,85.4,3.11
LAP02064,Acer,macOS,Coding,59.2,36.5,8,16.4,60,82,45,87,0,1,45.1,16,99.7,2.96
LAP02065,Lenovo,Windows,Video,66.7,11.4,16,16.5,60,95,97,95,1,1,50.1,13,95.0,3.38
LAP02066,Apple,Windows,Browsing,58.2,30.4,16,15.5,60,45,8,98,1,1,39.6,23,95.5,4.62
LAP02067,Lenovo,Windows,Office,59.6,15.7,16,15.3,90,42,7,30,0,0,30.8,40,88.5,5.73
LAP02068,Apple,Windows,Office,76.1,12.1,16,15.0,120,39,88,46,1,1,43.7,58,83.2,4.12
LAP02069,MSI,Windows,Browsing,58.3,36.1,8,15.8,144,65,55,92,1,1,42.5,50,92.7,2.64
LAP02070,Dell,Linux,Gaming,45.9,26.2,8,15.7,165,99,59,67,1,1,43.2,44,88.3,1.27
LAP02071,HP,Windows,Video,34.8,25.5,16,13.0,60,50,67,34,1,1,41.3,2,94.4,1.63
LAP02072,Dell,Windows,Office,56.7,48.4,16,14.1,165,86,53,74,1,0,41.8,49,84.6,1.64
LAP02073,MSI,Windows,Coding,50.0,48.2,8,16.3,120,40,76,33,1,1,41.4,40,88.1,1.24
LAP02074,ASUS,macOS,Browsing,67.1,22.0,16,15.3,60,70,74,57,1,0,44.8,15,96.7,4.42
LAP02075,ASUS,Windows,Gaming,78.7,9.3,8,14.7,144,58,73,14,1,0,34.6,17,100.0,3.98
LAP02076,MSI,macOS,Browsing,39.6,42.0,16,17.3,90,82,12,77,1,1,33.2,38,89.1,2.12
LAP02077,Apple,Windows,Browsing,41.7,8.9,8,16.1,75,88,12,84,1,0,37.6,60,82.7,3.44
LAP02078,Acer,Windows,Coding,54.6,30.7,16,16.5,60,39,23,70,0,0,42.1,49,88.7,3.31
LAP02079,Acer,Windows,Coding,43.0,21.8,16,14.7,120,42,78,80,1,1,50.1,13,98.6,1.72
LAP02080,Apple,Windows,Coding,51.7,25.9,64,15.5,60,61,59,41,1,1,36.0,9,98.8,2.68
LAP02081,ASUS,Windows,Browsing,47.0,39.7,32,14.9,60,92,77,17,1,1,50.0,9,96.9,2.31
LAP02082,ASUS,Windows,Office,39.9,15.6,16,13.6,165,22,76,77,1,0,42.6,5,100.0,2.34
LAP02083,ASUS,Windows,Office,67.4,17.7,16,15.3,60,46,12,37,1,1,31.4,2,100.0,5.96
LAP02084,Dell,Windows,Browsing,56.1,34.1,16,14.9,60,93,61,63,1,1,35.4,48,84.8,2.72
LAP02085,ASUS,Windows,Gaming,82.5,46.5,4,14.9,165,99,76,28,1,1,39.4,21,95.5,1.95
LAP02086,Lenovo,Linux,Browsing,60.4,54.7,8,16.4,60,43,88,9,1,1,40.3,1,96.6,2.31
LAP02087,HP,Windows,Office,74.3,8.0,4,14.8,60,28,11,16,1,1,37.2,38,92.0,8.23
LAP02088,ASUS,Windows,Coding,44.1,20.0,16,15.1,120,21,50,31,1,1,40.9,11,97.4,2.44
LAP02089,Apple,macOS,Office,43.9,12.6,8,15.2,60,25,26,60,1,1,41.2,56,81.5,3.25
LAP02090,HP,Linux,Coding,88.3,35.2,4,15.7,240,90,85,83,1,0,52.5,0,97.0,2.57
LAP02091,Dell,macOS,Video,45.9,25.7,16,15.4,60,98,48,80,1,0,48.9,51,85.6,2.01
LAP02092,Apple,Windows,Browsing,40.8,35.5,16,16.0,144,40,9,45,1,1,40.6,36,92.8,2.65
LAP02093,HP,Linux,Gaming,37.4,20.3,16,13.2,60,48,29,70,1,0,40.2,12,100.0,2.14
LAP02094,Apple,Windows,Coding,83.7,33.4,16,15.2,60,32,51,55,1,1,39.3,31,91.6,4.13
LAP02095,Dell,Windows,Office,50.9,22.9,8,14.8,60,88,47,60,1,1,43.5,24,91.0,3.1
LAP02096,Lenovo,Linux,Office,61.1,26.7,4,13.2,60,61,19,43,1,0,33.5,50,88.0,4.63
LAP02097,Dell,Windows,Office,57.3,18.1,16,13.0,75,20,68,93,1,0,47.4,37,87.8,3.59
LAP02098,Dell,Windows,Video,44.1,41.3,8,14.1,90,39,35,37,1,1,36.5,4,100.0,1.89
LAP02099,Apple,Windows,Video,50.6,9.8,16,14.1,144,62,87,49,1,0,42.7,36,89.9,2.21
LAP02100,MSI,Linux,Video,67.7,23.6,16,14.7,60,20,48,73,1,1,36.6,17,93.1,3.84
LAP02101,Acer,Windows,Gaming,36.6,46.4,32,15.2,60,59,99,31,1,1,45.7,9,95.1,1.0
LAP02102,ASUS,Windows,Video,65.1,40.3,16,15.7,60,26,51,89,1,1,40.4,52,84.8,2.0
LAP02103,ASUS,Windows,Coding,76.5,14.9,16,13.3,60,54,16,52,1,1,37.9,18,96.1,6.07
LAP02104,Lenovo,Windows,Office,59.4,15.5,8,13.7,60,71,68,47,1,1,41.5,33,92.5,4.27
LAP02105,Lenovo,macOS,Coding,75.0,31.2,32,13.8,60,53,27,80,1,1,39.5,29,96.0,4.26
LAP02106,ASUS,Windows,Browsing,34.4,32.8,16,14.8,60,69,54,0,0,1,36.0,31,92.6,2.17
LAP02107,Acer,Windows,Video,30.0,39.3,4,15.0,144,88,91,89,1,1,43.8,10,93.5,1.0
LAP02108,ASUS,macOS,Office,58.6,8.1,16,16.4,120,48,40,29,1,1,35.0,21,94.6,4.14
LAP02109,MSI,Windows,Browsing,46.2,40.8,8,13.7,60,90,15,8,1,1,29.9,29,91.7,3.22
LAP02110,Acer,Windows,Browsing,68.2,14.2,4,16.1,60,20,90,32,1,1,40.7,0,99.3,5.73
LAP02111,Lenovo,Linux,Office,50.3,41.0,16,12.9,75,92,51,25,1,1,35.4,5,99.5,2.57
LAP02112,HP,Windows,Coding,57.2,8.0,16,15.0,165,77,60,41,1,1,37.5,13,94.2,3.3
LAP02113,Apple,Windows,Office,56.2,11.6,16,15.8,60,84,98,73,1,0,45.2,55,84.2,3.55
LAP02114,MSI,Linux,Coding,56.7,45.7,16,15.9,144,36,73,41,1,1,39.8,2,99.9,1.85
LAP02115,MSI,Linux,Office,46.9,46.3,16,17.3,90,81,41,95,1,0,44.1,57,85.9,1.84
LAP02116,Lenovo,Linux,Coding,34.5,26.2,16,17.3,90,98,88,38,1,0,44.2,38,87.5,1.29
LAP02117,Lenovo,macOS,Browsing,51.7,21.0,8,15.6,165,61,14,60,1,1,33.6,14,95.6,3.41
LAP02118,Dell,Linux,Browsing,76.8,24.8,8,13.2,165,47,60,46,1,1,39.6,30,91.6,4.13
LAP02119,MSI,Linux,Coding,45.9,30.0,4,17.3,60,22,90,41,1,1,38.5,59,83.6,1.71
LAP02120,Dell,Linux,Office,45.8,31.1,8,16.6,144,24,46,47,0,1,39.7,18,93.8,2.35
LAP02121,Dell,Windows,Browsing,57.4,21.5,32,16.4,120,85,34,51,1,1,37.4,60,85.7,3.49
LAP02122,Apple,Windows,Office,37.3,8.0,32,14.4,60,73,98,32,1,1,41.5,21,96.7,3.13
LAP02123,Dell,Linux,Browsing,70.1,18.5,8,14.8,120,57,26,26,1,1,41.5,6,97.4,5.31
LAP02124,Acer,Windows,Coding,38.8,8.0,8,13.8,165,99,59,42,1,1,39.7,26,90.7,2.14
LAP02125,ASUS,Windows,Office,50.7,34.2,32,15.9,75,63,42,28,1,1,38.6,34,94.3,2.76
LAP02126,HP,Windows,Coding,93.1,29.4,8,14.4,165,100,60,18,1,1,37.6,42,86.6,3.44
LAP02127,Lenovo,Windows,Video,37.9,23.7,16,16.0,120,95,75,81,1,1,42.1,4,95.7,1.61
LAP02128,Acer,Windows,Office,77.1,22.0,4,14.0,75,76,40,98,1,0,43.2,45,92.6,4.59
LAP02129,HP,Linux,Gaming,56.8,48.6,16,16.3,120,90,82,27,1,1,40.5,34,92.1,1.24
LAP02130,MSI,macOS,Coding,58.9,38.8,32,15.4,90,43,15,9,1,1,34.6,35,90.1,3.47
LAP02131,MSI,Linux,Coding,42.9,27.5,32,16.8,60,99,11,66,1,1,35.7,36,83.8,2.41
LAP02132,MSI,Linux,Coding,67.0,18.5,16,17.3,90,78,100,92,1,1,48.6,59,84.2,2.95
LAP02133,Acer,Windows,Coding,49.5,40.5,16,15.4,120,27,86,15,1,1,44.6,22,94.8,1.59
LAP02134,Acer,Windows,Coding,37.8,26.3,16,16.9,144,21,38,99,1,1,42.9,35,89.4,1.61
LAP02135,Lenovo,Windows,Office,76.8,17.2,4,16.9,60,60,67,0,1,0,38.6,3,100.0,5.65
LAP02136,ASUS,Windows,Browsing,49.2,17.9,8,15.0,60,75,6,81,1,0,37.9,60,83.2,4.04
LAP02137,Dell,Windows,Browsing,30.0,32.9,32,15.4,90,67,66,3,1,0,40.9,1,100.0,1.78
LAP02138,MSI,Windows,Office,51.0,36.4,8,15.4,75,41,11,68,1,1,44.2,36,86.6,3.21
LAP02139,Apple,Windows,Office,67.1,32.6,8,14.4,60,37,47,84,1,1,41.0,34,90.5,3.55
LAP02140,ASUS,Windows,Office,64.7,32.9,16,14.4,120,98,99,3,1,1,41.7,45,81.4,2.29
LAP02141,Apple,macOS,Browsing,45.4,21.3,64,16.7,165,60,22,19,1,1,32.1,3,100.0,3.07
LAP02142,Lenovo,Windows,Video,40.3,18.5,16,14.0,60,86,24,62,1,1,37.0,58,84.2,2.21
LAP02143,Lenovo,Windows,Gaming,34.5,26.8,16,14.8,165,67,11,82,1,1,38.9,59,83.4,1.35
LAP02144,Lenovo,Windows,Gaming,54.7,24.0,16,14.5,144,42,90,34,0,1,45.0,47,86.6,1.68
LAP02145,HP,Windows,Office,57.3,13.0,16,15.6,60,21,56,44,1,1,43.6,55,88.1,4.14
LAP02146,Apple,Windows,Video,65.6,24.6,16,17.3,144,23,41,56,1,0,38.3,3,98.4,2.81
LAP02147,ASUS,Windows,Gaming,52.8,33.3,32,14.7,75,45,50,23,1,1,39.0,5,100.0,1.99
LAP02148,ASUS,Windows,Office,52.3,20.3,16,13.0,165,38,46,19,1,1,34.3,50,88.7,3.05
LAP02149,Acer,macOS,Office,50.8,44.0,8,15.1,60,68,64,27,1,1,37.5,16,97.3,2.17
LAP02150,Acer,Windows,Gaming,57.3,10.0,16,13.6,60,93,84,37,1,1,45.7,3,97.6,3.2
LAP02151,MSI,macOS,Coding,53.0,15.1,16,15.4,60,72,82,23,1,0,40.8,21,92.4,3.26
LAP02152,Acer,Linux,Office,69.1,18.1,8,13.9,60,25,36,83,1,1,38.9,56,83.6,4.79
LAP02153,Lenovo,Windows,Browsing,59.7,34.9,8,15.2,60,81,42,23,1,1,32.3,20,95.6,3.62
LAP02154,ASUS,Windows,Browsing,56.6,27.5,32,13.3,60,20,43,69,1,1,43.6,11,94.5,3.76
LAP02155,Apple,Windows,Video,54.4,14.4,16,14.6,60,35,30,24,1,1,30.3,6,99.3,4.32
LAP02156,Lenovo,Windows,Coding,40.9,8.0,16,13.6,75,71,34,95,1,1,37.0,47,89.3,2.93
LAP02157,HP,Windows,Office,55.0,10.8,8,16.8,60,26,45,80,1,1,43.5,27,90.4,4.35
LAP02158,Acer,Linux,Browsing,45.3,8.0,16,14.0,120,54,13,80,1,1,37.3,45,93.2,3.69
LAP02159,Lenovo,Windows,Coding,60.2,35.5,16,15.8,60,97,36,68,1,1,40.9,12,96.6,3.1
LAP02160,Lenovo,macOS,Coding,51.9,12.3,16,15.3,60,87,60,16,1,1,37.6,42,89.8,3.39
LAP02161,HP,Linux,Browsing,80.0,33.2,8,15.3,120,34,57,57,1,1,44.0,42,86.7,3.65
LAP02162,Dell,macOS,Gaming,36.1,31.5,8,15.5,60,76,11,72,0,1,40.7,32,90.7,1.67
LAP02163,ASUS,Windows,Browsing,30.0,39.3,32,15.8,60,42,80,19,1,1,45.1,39,89.3,1.44
LAP02164,Apple,macOS,Office,59.0,16.4,32,16.8,60,97,27,1,1,1,32.6,12,99.9,5.41
LAP02165,MSI,Windows,Coding,45.4,29.9,16,16.3,144,30,85,82,1,1,43.4,3,99.0,1.71
LAP02166,Dell,Windows,Office,57.4,26.5,16,17.1,144,23,56,8,1,1,37.3,55,83.8,2.72
LAP02167,Acer,Linux,Video,36.5,26.5,16,13.5,60,77,25,62,1,0,35.4,24,94.2,2.46
LAP02168,Lenovo,Windows,Video,83.6,24.8,32,13.1,90,59,80,82,1,1,44.4,50,86.1,2.75
LAP02169,HP,Windows,Video,49.2,35.1,16,17.3,60,77,90,67,1,1,51.8,19,92.8,1.49
LAP02170,HP,Windows,Browsing,44.4,33.8,16,15.8,60,86,27,5,1,0,36.2,37,91.1,3.09
LAP02171,ASUS,Windows,Browsing,83.4,25.0,8,13.5,60,57,73,99,1,1,45.8,34,94.1,4.63
LAP02172,Dell,Windows,Office,67.6,19.5,8,14.6,144,21,22,10,1,1,33.1,8,95.7,4.41
LAP02173,MSI,Windows,Coding,75.8,18.1,16,15.8,60,59,41,20,1,1,35.0,50,84.8,4.63
LAP02174,ASUS,Windows,Video,52.4,25.4,8,14.9,120,75,11,62,1,1,36.8,29,90.1,2.4
LAP02175,Lenovo,Windows,Video,55.7,27.7,16,15.9,165,91,65,88,1,1,43.5,38,90.9,1.81
LAP02176,ASUS,macOS,Video,46.0,23.9,16,13.4,60,54,7,29,0,1,36.4,22,93.8,3.63
LAP02177,Apple,Windows,Gaming,44.3,9.5,16,15.0,165,68,5,81,1,1,37.0,10,96.5,2.09
LAP02178,HP,Linux,Video,61.0,21.3,16,15.2,165,86,64,88,1,1,42.1,14,94.4,2.33
LAP02179,HP,macOS,Office,49.5,18.7,8,14.0,90,63,10,20,1,0,37.1,46,86.1,4.03
LAP02180,Acer,Windows,Office,88.3,25.2,16,14.6,75,50,75,22,1,0,42.2,52,86.9,4.44
LAP02181,Acer,Windows,Coding,67.6,55.4,8,14.4,144,84,95,60,1,0,47.4,21,94.0,1.81
LAP02182,MSI,Windows,Browsing,83.2,30.2,32,13.4,165,95,62,29,1,1,34.2,16,98.6,4.35
LAP02183,Lenovo,Windows,Browsing,30.0,40.1,8,14.1,120,37,35,45,1,1,37.7,46,86.7,1.36
LAP02184,Apple,Windows,Coding,83.4,16.8,16,15.3,60,55,12,59,1,0,34.0,11,92.5,6.13
LAP02185,Dell,Windows,Video,30.0,25.3,16,13.6,144,81,82,17,1,1,32.7,50,90.5,1.0
LAP02186,ASUS,Windows,Browsing,36.1,39.7,8,14.1,165,48,19,61,1,1,36.9,34,91.1,1.94
LAP02187,MSI,Windows,Video,30.0,8.0,16,12.6,60,42,11,96,0,1,38.6,33,91.3,2.47
LAP02188,Lenovo,Windows,Video,58.6,22.2,32,17.0,120,22,11,44,1,1,38.6,0,99.6,3.32
LAP02189,Acer,macOS,Office,54.7,32.4,8,16.3,75,49,37,60,1,1,37.5,56,85.2,3.1
LAP02190,ASUS,Windows,Browsing,66.9,24.1,8,16.7,60,100,45,58,1,0,37.6,31,94.4,4.81
LAP02191,Acer,macOS,Browsing,53.7,18.2,16,15.5,60,64,61,34,1,0,38.0,3,98.3,4.59
LAP02192,ASUS,macOS,Video,73.4,18.9,8,15.4,60,68,11,21,1,1,33.7,23,91.9,4.92
LAP02193,Dell,Windows,Video,41.0,28.8,32,14.7,120,38,63,23,1,1,42.9,6,95.0,1.57
LAP02194,Lenovo,Windows,Gaming,73.7,8.0,8,16.8,90,83,24,86,1,1,39.8,60,82.2,3.33
LAP02195,ASUS,Linux,Coding,54.5,26.5,16,15.0,60,24,75,50,1,1,41.3,11,94.5,2.68
LAP02196,Apple,Linux,Browsing,90.3,33.7,8,12.3,60,75,54,64,1,1,41.1,21,96.3,4.76
LAP02197,MSI,Windows,Browsing,68.1,20.7,8,12.3,60,53,18,14,1,1,35.2,48,88.2,6.37
LAP02198,HP,macOS,Video,50.4,8.0,8,15.5,144,92,19,27,1,0,37.9,34,95.3,3.06
LAP02199,Apple,Windows,Browsing,54.5,18.9,16,13.7,60,67,86,41,1,0,47.1,20,92.3,3.66
LAP02200,Apple,Windows,Office,39.9,23.5,16,15.1,60,45,14,19,1,1,32.9,28,92.6,3.16
LAP02201,MSI,Windows,Office,60.4,12.1,4,16.1,165,24,95,99,1,1,50.7,48,85.8,2.65
LAP02202,HP,Windows,Browsing,50.4,25.4,32,13.8,90,50,69,42,1,1,44.1,16,93.5,2.97
LAP02203,Apple,Windows,Browsing,65.9,27.1,16,14.6,120,43,59,79,1,1,43.2,27,90.0,3.45
LAP02204,ASUS,Windows,Office,34.9,39.4,8,14.6,75,41,32,68,1,0,41.3,41,89.9,1.89
LAP02205,ASUS,Windows,Office,50.1,23.0,4,13.8,60,41,52,62,1,1,43.5,46,88.8,3.22
LAP02206,ASUS,Windows,Browsing,37.6,26.3,4,13.0,60,76,7,42,0,1,35.8,40,89.9,3.52
LAP02207,HP,Linux,Video,38.5,18.4,8,13.5,90,49,64,78,1,0,46.4,16,98.2,1.96
LAP02208,Apple,Linux,Video,64.1,19.3,16,12.9,75,66,7,1,0,1,37.1,3,98.8,5.82
LAP02209,HP,Windows,Office,71.9,33.5,32,14.8,60,93,79,87,1,0,44.0,55,82.0,2.79
LAP02210,ASUS,Windows,Video,30.0,22.2,32,14.7,120,86,72,76,1,0,48.7,40,93.4,1.17
LAP02211,MSI,Windows,Office,82.9,34.9,32,14.3,60,58,98,22,1,0,44.1,5,99.6,3.82
LAP02212,Apple,Windows,Coding,76.1,24.4,8,13.0,60,85,43,11,1,1,35.9,14,99.5,5.27
LAP02213,Apple,Windows,Gaming,34.8,11.3,8,16.5,144,96,58,45,1,1,38.9,43,90.1,1.45
LAP02214,Acer,Windows,Video,67.4,16.7,64,14.1,60,48,36,32,1,1,37.7,23,94.7,5.04
LAP02215,Acer,Linux,Video,48.1,54.0,16,17.3,165,33,20,43,1,0,34.3,53,82.0,1.38
LAP02216,Dell,macOS,Browsing,53.5,23.8,8,16.2,144,23,21,24,1,1,34.0,7,93.9,3.68
LAP02217,Lenovo,Windows,Browsing,64.0,8.0,8,12.1,60,91,15,34,1,0,30.2,54,83.0,6.77
LAP02218,Acer,Linux,Gaming,62.2,11.3,16,16.7,165,24,36,34,1,1,37.4,40,88.5,2.51
LAP02219,HP,Windows,Office,46.4,16.4,16,14.0,144,63,31,64,1,1,36.1,26,92.4,2.71
LAP02220,Acer,Windows,Office,46.3,14.3,32,13.7,240,43,9,42,1,1,33.9,30,89.7,2.31
LAP02221,Dell,Windows,Video,47.2,11.8,8,14.6,120,47,93,67,0,1,46.5,8,95.8,2.49
LAP02222,Apple,Windows,Video,72.1,42.5,8,16.6,165,43,96,61,1,1,43.6,17,93.7,1.66
LAP02223,Dell,Windows,Gaming,30.0,33.0,8,15.7,120,24,22,30,1,1,32.2,52,82.9,1.08
LAP02224,Apple,Linux,Office,52.6,22.6,8,15.3,144,32,7,27,1,0,31.7,59,85.1,3.14
LAP02225,MSI,Linux,Gaming,78.6,18.0,16,13.8,120,74,32,10,1,1,32.6,1,100.0,3.75
LAP02226,MSI,Linux,Browsing,65.6,23.1,16,16.3,165,100,70,31,1,1,41.2,21,92.3,3.24
LAP02227,Apple,Linux,Browsing,70.8,46.4,8,13.6,75,49,38,65,1,1,39.3,19,95.9,3.88
LAP02228,Lenovo,macOS,Coding,52.8,14.6,16,16.5,144,68,90,59,1,1,48.3,55,79.0,2.08
LAP02229,Acer,Windows,Browsing,37.5,8.0,8,15.5,165,34,26,50,1,0,37.4,41,86.8,3.03
LAP02230,HP,Windows,Office,55.8,33.0,16,14.2,60,49,34,58,1,0,39.7,3,100.0,3.72
LAP02231,HP,Windows,Coding,44.7,37.1,16,17.3,60,47,52,76,1,1,42.0,37,85.4,1.79
LAP02232,ASUS,Windows,Office,88.5,42.4,8,16.3,60,23,69,16,0,0,34.9,43,86.0,3.46
LAP02233,Apple,Windows,Browsing,52.6,20.8,16,15.8,240,87,97,67,1,1,46.7,12,98.5,2.07
LAP02234,HP,Windows,Office,64.6,20.9,8,15.1,144,34,65,94,1,1,39.3,48,86.0,3.15
LAP02235,Lenovo,Windows,Office,80.5,49.1,8,13.4,75,53,23,37,1,1,34.3,19,96.7,4.23
LAP02236,Apple,Windows,Office,38.5,32.1,8,15.1,165,94,87,63,1,1,47.2,51,84.7,1.16
LAP02237,Lenovo,macOS,Video,30.0,24.0,8,17.2,60,62,56,2,1,1,33.4,5,100.0,1.65
LAP02238,HP,Windows,Video,62.4,31.0,16,13.1,60,94,45,53,1,1,33.2,14,95.7,2.92
LAP02239,HP,Windows,Office,65.2,19.8,8,15.8,90,80,97,75,0,1,45.4,7,98.2,3.3
LAP02240,ASUS,Windows,Video,48.8,28.6,16,17.0,60,82,85,43,1,0,44.1,60,82.1,1.62
LAP02241,HP,Linux,Browsing,37.7,28.4,32,17.0,60,21,69,81,0,1,43.4,29,90.4,2.33
LAP02242,Apple,Windows,Office,59.6,35.0,8,13.7,144,71,54,29,1,1,34.9,35,88.7,2.38
LAP02243,MSI,Windows,Video,54.6,13.2,4,14.2,60,71,45,74,1,1,39.8,35,89.8,2.98
LAP02244,Apple,Windows,Office,59.8,29.3,4,15.1,144,34,37,87,1,1,42.9,2,100.0,3.3
LAP02245,Apple,Windows,Gaming,38.0,11.0,8,15.6,60,59,90,84,1,1,46.5,26,92.2,1.82
LAP02246,ASUS,Windows,Office,59.9,47.5,8,16.8,240,47,86,53,1,1,47.0,29,92.7,1.49
LAP02247,ASUS,Windows,Video,67.3,20.0,16,14.7,144,74,21,47,0,1,34.6,58,79.8,2.76
LAP02248,HP,Windows,Office,32.4,8.0,8,16.3,120,69,100,34,1,1,40.2,28,90.4,1.92
LAP02249,Dell,Windows,Office,76.9,58.3,16,11.6,60,41,88,67,1,0,50.9,15,100.0,2.44
LAP02250,Dell,Windows,Office,58.8,18.7,4,14.6,165,48,59,25,1,1,40.2,39,88.5,3.19
LAP02251,ASUS,macOS,Video,67.8,26.1,8,16.3,60,91,91,71,1,0,50.6,37,83.5,2.17
LAP02252,HP,macOS,Coding,35.8,8.0,8,16.2,60,31,96,87,1,0,48.2,19,97.0,2.57
LAP02253,Dell,Windows,Gaming,65.2,24.4,8,13.7,60,57,50,55,0,1,39.6,44,86.3,2.88
LAP02254,HP,Windows,Office,30.3,45.1,8,16.4,165,21,94,75,0,1,51.5,15,96.9,1.0
LAP02255,HP,Windows,Browsing,40.8,33.5,16,13.0,144,31,63,68,1,1,47.6,20,90.4,2.02
LAP02256,HP,Windows,Office,59.0,8.0,16,16.7,165,74,75,79,1,1,41.3,17,96.9,3.11
LAP02257,Acer,Windows,Coding,50.9,15.8,8,14.7,120,31,61,63,1,0,40.5,40,89.1,2.74
LAP02258,Apple,Windows,Gaming,55.4,36.0,16,14.4,60,28,24,95,1,1,37.8,55,83.0,2.06
LAP02259,HP,Windows,Office,83.9,32.6,8,14.6,165,98,45,28,1,1,39.6,30,94.9,4.05
LAP02260,Acer,Windows,Coding,55.2,19.2,8,15.5,60,51,79,96,1,1,44.9,1,100.0,3.1
LAP02261,ASUS,Windows,Office,65.6,29.8,16,17.3,60,92,75,77,1,1,46.7,23,92.2,2.52
LAP02262,Dell,Windows,Coding,54.0,10.6,32,16.7,60,27,42,58,1,1,42.1,5,100.0,4.21
LAP02263,Apple,Windows,Gaming,53.6,9.3,16,13.4,60,47,31,24,1,1,41.2,45,85.3,3.43
LAP02264,MSI,Windows,Browsing,40.3,8.0,8,13.5,144,75,13,71,1,1,33.9,16,98.3,3.38
LAP02265,Dell,Windows,Office,60.5,36.1,64,12.3,60,55,72,26,1,0,44.2,25,96.0,3.03
LAP02266,Apple,Windows,Gaming,93.0,23.7,16,15.4,60,56,42,98,1,1,42.2,46,83.9,3.68
LAP02267,MSI,Windows,Gaming,56.3,25.1,16,14.8,120,51,97,21,1,1,49.1,51,87.2,1.68
LAP02268,Dell,Windows,Coding,51.0,8.0,32,15.9,60,58,94,70,1,1,50.0,36,94.3,3.47
LAP02269,Apple,Windows,Coding,72.1,24.4,16,14.3,60,68,29,99,1,0,44.3,1,99.2,4.05
LAP02270,Dell,Windows,Office,70.3,31.6,16,14.4,165,37,18,46,1,0,33.6,25,90.4,3.66
LAP02271,Dell,Windows,Coding,61.6,8.0,32,13.0,60,42,41,75,1,1,40.3,43,90.0,4.96
LAP02272,MSI,Windows,Video,50.4,25.5,8,16.5,144,52,54,54,1,1,42.0,36,89.2,1.74
LAP02273,Dell,Windows,Coding,72.2,24.2,16,14.2,75,92,96,8,1,0,40.5,0,100.0,3.65
LAP02274,Dell,Linux,Office,56.8,19.4,8,13.8,60,70,76,53,1,1,45.4,1,100.0,3.87
LAP02275,MSI,macOS,Browsing,68.7,40.7,64,16.4,120,62,46,63,1,1,46.0,32,93.2,3.25
LAP02276,ASUS,macOS,Office,42.7,37.8,16,12.9,60,23,79,98,1,1,45.4,10,95.6,1.46
LAP02277,HP,Windows,Browsing,46.2,64.8,16,15.8,60,99,58,38,1,1,37.9,29,89.8,1.51
LAP02278,Lenovo,macOS,Browsing,56.5,10.4,8,13.9,60,86,39,82,1,1,39.5,33,90.5,5.46
LAP02279,Acer,Windows,Office,36.5,30.1,16,14.8,60,91,35,91,1,1,45.9,60,90.5,1.94
LAP02280,Lenovo,Windows,Browsing,49.5,43.0,8,12.3,75,99,50,92,1,0,42.8,26,87.9,2.01
LAP02281,Lenovo,Windows,Browsing,35.8,16.7,16,15.8,60,21,21,7,1,1,37.9,42,84.0,3.65
LAP02282,Apple,Linux,Coding,31.8,45.3,16,17.3,60,64,89,26,1,1,45.1,33,88.9,1.0
LAP02283,HP,Windows,Browsing,91.5,29.4,8,13.2,165,99,94,68,1,0,48.1,6,100.0,4.4
LAP02284,Apple,Linux,Browsing,45.9,8.0,8,16.6,60,59,96,92,1,1,54.6,38,92.5,3.73
LAP02285,HP,Windows,Office,47.2,9.6,16,14.9,60,21,57,98,1,0,42.4,38,89.5,3.8
LAP02286,MSI,Windows,Browsing,56.2,18.0,8,15.7,120,51,26,32,1,1,30.4,1,100.0,4.61
LAP02287,MSI,Windows,Coding,39.1,23.9,8,13.3,144,20,62,95,1,1,42.9,29,89.0,1.7
LAP02288,HP,Windows,Browsing,47.5,39.9,8,13.6,60,37,45,84,1,1,41.5,47,84.3,2.69
LAP02289,Dell,Windows,Video,82.5,23.9,8,15.1,60,83,7,9,1,1,32.4,2,100.0,6.56
LAP02290,ASUS,Windows,Gaming,60.4,39.4,32,14.7,60,51,96,15,1,1,45.0,1,96.8,1.49
LAP02291,Dell,Windows,Video,69.8,26.3,32,15.2,60,28,67,10,0,1,40.0,29,92.5,3.62
LAP02292,ASUS,Windows,Coding,78.6,25.1,16,13.0,60,74,70,18,1,1,41.4,36,91.6,4.28
LAP02293,Apple,Windows,Gaming,58.2,21.5,4,15.9,60,86,50,63,1,0,40.9,28,92.3,2.7
LAP02294,ASUS,Linux,Coding,51.7,36.8,16,15.5,60,43,88,51,1,1,46.5,34,93.5,1.82
LAP02295,Apple,Windows,Browsing,33.5,26.6,16,16.5,60,30,12,76,1,0,38.5,57,81.0,2.64
LAP02296,MSI,Windows,Office,49.3,16.2,16,15.4,60,47,43,14,1,0,40.2,37,90.1,4.2
LAP02297,Lenovo,Windows,Gaming,52.6,29.0,16,17.3,90,35,29,41,1,0,38.4,21,91.4,2.53
LAP02298,MSI,Windows,Office,42.9,19.5,4,17.3,60,31,83,99,1,1,50.2,58,81.1,1.95
LAP02299,MSI,macOS,Browsing,78.2,18.8,16,15.0,60,87,98,95,0,1,57.3,36,91.3,4.55
LAP02300,Lenovo,Linux,Video,71.5,39.2,16,15.0,60,23,51,82,1,1,41.8,17,95.0,2.78
LAP02301,ASUS,Windows,Video,69.8,23.1,32,13.8,60,94,38,78,1,1,43.8,39,90.9,3.42
LAP02302,ASUS,Windows,Browsing,53.3,50.6,16,13.1,144,85,72,37,1,1,41.9,44,84.4,1.65
LAP02303,Apple,Linux,Coding,39.5,33.8,8,14.7,165,50,61,85,1,1,43.4,53,86.4,1.08
LAP02304,Dell,Linux,Browsing,74.9,15.8,16,14.1,60,75,90,48,1,1,44.3,33,89.1,4.91
LAP02305,Apple,Linux,Video,60.0,15.0,16,13.9,60,69,29,76,1,0,42.0,59,81.0,3.5
LAP02306,Dell,Linux,Office,66.6,10.1,8,15.5,120,86,77,83,1,1,45.5,44,83.6,3.43
LAP02307,MSI,Windows,Office,64.3,32.3,8,12.8,60,20,91,48,1,1,39.7,48,83.9,2.88
LAP02308,Lenovo,Windows,Video,59.7,14.7,8,13.3,165,88,66,78,1,0,42.8,37,90.3,2.54
LAP02309,MSI,Windows,Office,85.0,8.0,4,12.2,60,58,43,70,1,1,45.0,29,88.2,7.82
LAP02310,HP,Windows,Coding,45.1,8.0,8,13.1,144,71,80,54,1,0,46.1,1,97.1,2.88
LAP02311,ASUS,Windows,Office,50.4,11.8,8,14.2,60,55,82,21,1,1,34.8,19,98.2,4.31
LAP02312,Dell,Windows,Office,79.6,29.0,4,16.1,60,86,11,42,1,1,32.6,43,85.2,5.35
LAP02313,Apple,Windows,Coding,56.2,24.0,16,17.3,60,31,99,49,1,1,42.6,15,94.7,2.73
LAP02314,Lenovo,Windows,Browsing,53.1,36.3,4,12.6,120,80,10,83,1,1,32.3,3,99.5,3.69
LAP02315,Dell,Windows,Office,51.2,14.1,16,16.2,144,99,91,18,1,1,42.2,47,87.1,2.56
LAP02316,Apple,Windows,Browsing,65.2,21.1,8,13.7,165,91,58,90,1,1,47.8,12,96.7,3.66
LAP02317,ASUS,Windows,Coding,51.6,46.0,8,15.2,60,30,87,71,1,1,43.3,13,97.3,1.64
LAP02318,MSI,Linux,Gaming,49.9,20.9,32,15.8,120,33,89,17,1,0,40.4,8,96.7,1.88
LAP02319,ASUS,Linux,Gaming,64.9,27.7,16,17.0,60,73,23,9,1,1,32.6,43,85.3,3.32
LAP02320,Acer,Windows,Office,56.4,17.1,16,17.3,90,27,51,49,1,1,34.7,13,99.0,3.8
LAP02321,HP,Windows,Office,39.9,22.3,16,16.5,60,52,23,48,1,0,43.1,10,100.0,3.35
LAP02322,Acer,Windows,Office,55.5,30.7,16,14.3,90,23,38,40,1,0,40.3,57,83.9,3.21
LAP02323,Lenovo,Windows,Video,75.9,32.9,32,12.8,144,49,47,98,1,1,44.0,9,94.9,3.05
LAP02324,Dell,Windows,Browsing,66.5,26.4,8,15.3,144,73,17,14,1,0,31.1,29,90.1,4.43
LAP02325,Lenovo,Windows,Gaming,77.8,21.9,16,15.9,75,25,40,22,1,1,32.7,6,99.5,3.43
LAP02326,MSI,Linux,Office,44.0,26.6,16,13.4,60,24,29,75,1,1,37.1,56,84.9,2.82
LAP02327,Apple,Windows,Gaming,71.1,16.2,64,16.1,144,97,60,26,1,1,42.6,5,100.0,2.48
LAP02328,ASUS,Windows,Video,45.3,22.4,8,14.4,240,70,25,5,1,1,31.4,16,92.1,1.99
LAP02329,Acer,Windows,Video,36.5,29.0,16,13.4,60,33,38,23,1,0,36.2,12,97.8,2.16
LAP02330,Acer,Windows,Office,43.0,36.8,8,15.2,165,53,29,85,0,1,40.4,58,83.4,1.89
LAP02331,MSI,Windows,Browsing,57.0,14.1,32,13.7,240,60,86,8,1,1,50.9,46,87.8,2.73
LAP02332,Acer,Linux,Office,70.4,22.9,16,13.4,60,58,15,73,1,1,35.9,57,86.2,4.51
LAP02333,MSI,Windows,Office,59.7,12.9,32,15.4,120,37,23,61,1,1,34.2,59,85.0,3.9
LAP02334,Lenovo,Windows,Browsing,52.7,19.7,32,15.6,90,39,53,66,1,1,36.1,55,85.8,3.28
LAP02335,ASUS,Windows,Coding,39.5,37.0,16,14.5,120,27,53,69,1,0,39.9,3,100.0,1.65
LAP02336,Dell,Windows,Office,65.6,18.6,16,15.4,60,45,38,89,1,0,48.7,25,91.2,4.58
LAP02337,Apple,Windows,Coding,69.5,23.8,16,16.6,60,46,6,77,1,1,38.6,31,89.5,5.41
LAP02338,Dell,Windows,Coding,59.5,10.2,16,16.2,60,51,34,99,1,1,46.4,55,85.2,4.06
LAP02339,Lenovo,Windows,Browsing,39.2,18.3,16,13.8,120,61,42,41,1,1,39.7,2,99.1,3.14
LAP02340,Apple,Windows,Gaming,67.1,8.0,8,15.0,165,69,19,59,1,0,36.0,10,93.5,3.28
LAP02341,Acer,Linux,Browsing,73.4,28.3,8,14.0,90,100,79,82,1,1,48.1,53,89.1,3.77
LAP02342,HP,Windows,Office,78.0,29.4,64,13.0,60,68,92,47,1,1,42.0,19,90.8,3.42
LAP02343,Lenovo,Windows,Office,48.4,29.0,8,15.9,165,84,64,55,1,1,44.0,57,80.0,1.48
LAP02344,Lenovo,Windows,Video,61.5,29.8,16,16.4,60,82,8,86,1,1,40.9,51,83.7,3.04
LAP02345,ASUS,Windows,Browsing,47.0,29.1,4,14.3,144,46,87,4,1,1,43.7,28,91.1,2.29
LAP02346,Dell,Windows,Office,41.2,8.0,16,15.3,120,94,97,78,1,1,47.3,1,98.6,2.47
LAP02347,Lenovo,Windows,Coding,78.7,15.5,4,17.2,120,54,18,93,1,1,43.2,42,91.9,4.3
LAP02348,Lenovo,Windows,Browsing,63.5,8.0,16,16.4,90,57,85,96,1,1,44.5,3,97.7,4.76
LAP02349,Acer,Windows,Coding,74.4,19.4,4,14.2,60,57,12,53,1,1,37.9,31,88.6,5.82
LAP02350,Acer,Windows,Gaming,36.6,14.6,16,14.9,75,61,81,37,1,1,43.5,48,89.7,1.67
LAP02351,Apple,Windows,Gaming,59.3,24.5,16,14.0,60,61,91,18,1,0,40.3,48,89.1,2.19
LAP02352,MSI,Windows,Browsing,62.6,54.5,16,15.3,90,68,97,68,1,1,43.8,20,90.7,1.94
LAP02353,MSI,Linux,Browsing,42.5,34.4,16,15.1,60,76,15,72,1,1,37.3,16,96.1,3.15
LAP02354,HP,macOS,Office,77.3,43.4,32,13.4,120,73,84,70,1,1,45.9,44,85.4,2.38
LAP02355,MSI,Windows,Office,51.3,34.9,16,14.4,240,29,54,23,1,1,36.4,12,99.1,1.93
LAP02356,ASUS,Windows,Browsing,61.8,23.8,8,12.1,60,79,91,79,1,1,43.3,31,89.6,2.89
LAP02357,HP,Windows,Browsing,46.7,24.9,8,13.5,120,59,80,100,1,1,50.1,50,84.4,2.14
LAP02358,Apple,Windows,Gaming,37.1,35.4,4,15.6,144,20,42,9,1,0,38.7,2,100.0,1.37
LAP02359,Acer,Windows,Gaming,68.7,28.0,8,15.2,60,83,28,84,1,1,46.4,41,86.6,2.92
LAP02360,MSI,Linux,Browsing,60.7,21.5,16,16.3,144,100,99,20,1,0,41.5,47,88.2,3.09
LAP02361,Dell,Windows,Office,58.6,42.1,32,15.1,60,31,42,14,1,0,36.4,51,84.9,3.13
LAP02362,Acer,macOS,Office,50.8,30.3,16,14.7,90,76,66,63,1,1,45.8,30,92.2,2.19
LAP02363,ASUS,Linux,Browsing,60.3,8.0,16,17.3,240,96,60,12,1,0,41.3,30,89.1,3.13
LAP02364,Acer,Windows,Coding,74.0,22.8,8,14.5,240,45,69,70,1,1,45.0,0,97.2,2.85
LAP02365,ASUS,Linux,Coding,44.7,25.6,8,14.5,60,59,94,39,0,1,46.6,27,88.9,2.28
LAP02366,ASUS,Windows,Gaming,63.4,20.1,16,15.1,60,62,21,7,1,1,31.1,22,90.7,3.94
LAP02367,ASUS,Windows,Video,58.0,20.4,8,13.9,165,91,21,37,1,0,35.8,51,83.1,2.71
LAP02368,Apple,Linux,Coding,52.2,20.0,32,15.4,165,32,31,51,1,1,35.2,54,85.2,2.34
LAP02369,ASUS,Windows,Coding,30.3,8.0,8,14.0,120,75,93,1,1,1,43.3,4,99.3,1.98
LAP02370,ASUS,Linux,Office,54.8,8.0,32,14.4,60,36,98,100,1,0,53.0,0,100.0,4.7
LAP02371,Dell,Linux,Coding,65.1,17.2,16,14.0,144,43,29,21,1,1,45.6,15,97.7,3.81
LAP02372,HP,macOS,Office,59.9,20.2,16,12.5,60,95,100,3,1,1,46.7,10,100.0,3.59
LAP02373,Lenovo,Windows,Browsing,33.4,8.9,32,11.6,165,77,80,51,1,1,38.5,35,88.7,2.25
LAP02374,HP,Windows,Browsing,73.7,12.7,8,13.0,60,99,53,6,1,1,33.8,36,90.0,7.29
LAP02375,ASUS,Windows,Office,79.7,22.0,8,16.6,120,80,62,0,0,1,41.9,15,95.3,4.49
LAP02376,Dell,Windows,Gaming,53.4,37.4,8,15.1,60,99,89,82,1,0,48.9,58,82.0,1.05
LAP02377,Acer,Windows,Browsing,89.7,36.6,8,14.3,75,47,5,57,1,1,35.5,60,83.1,6.47
LAP02378,Dell,Windows,Office,42.6,37.0,16,13.5,144,86,17,61,1,1,36.8,11,97.8,2.23
LAP02379,ASUS,Windows,Office,35.9,12.9,32,16.8,75,70,57,93,1,1,41.4,29,92.4,2.32
LAP02380,Dell,Linux,Coding,39.8,22.3,8,14.1,144,58,25,65,1,1,32.3,43,89.4,1.99
LAP02381,MSI,Linux,Browsing,58.7,39.8,32,13.8,120,85,5,54,1,1,32.1,3,96.6,3.98
LAP02382,Dell,Windows,Gaming,30.0,8.0,32,12.4,60,96,81,12,1,1,40.0,54,88.2,1.81
LAP02383,ASUS,Windows,Gaming,50.3,19.5,16,11.9,90,93,35,27,1,1,37.0,48,85.5,2.06
LAP02384,Apple,Windows,Coding,99.0,27.7,32,15.6,120,59,65,13,1,1,38.0,40,88.5,3.97
LAP02385,MSI,Windows,Coding,32.4,8.0,16,17.3,60,32,91,2,1,1,37.2,37,93.0,2.67
LAP02386,Dell,Windows,Browsing,46.8,30.1,16,15.4,60,38,7,15,1,1,30.4,59,83.9,3.77
LAP02387,Lenovo,Windows,Office,39.5,43.6,16,15.4,60,25,79,88,0,0,46.9,7,96.5,1.43
LAP02388,Lenovo,Windows,Video,50.7,39.7,16,17.3,60,37,33,45,1,0,38.3,7,98.5,2.55
LAP02389,Dell,Windows,Browsing,49.8,22.9,8,15.7,60,28,52,2,1,0,35.2,56,86.2,3.93
LAP02390,Apple,Windows,Office,45.0,34.8,8,15.0,165,100,86,97,1,1,47.0,20,94.3,1.5
LAP02391,Acer,Windows,Coding,52.7,8.0,16,15.8,120,87,66,2,1,1,40.5,39,92.7,2.99
LAP02392,ASUS,macOS,Office,64.5,28.3,8,16.3,75,73,29,40,1,1,37.4,7,99.4,4.45
LAP02393,Lenovo,Windows,Gaming,75.8,21.3,32,15.7,144,69,38,28,1,1,35.7,28,95.0,2.69
LAP02394,Acer,Windows,Browsing,50.7,23.2,16,14.3,144,89,22,39,1,1,36.8,14,95.5,3.5
LAP02395,Dell,Windows,Video,55.1,26.2,8,15.6,75,30,69,18,1,0,33.7,13,93.7,2.41
LAP02396,Acer,Windows,Coding,61.9,29.7,8,14.0,60,74,32,19,0,1,34.5,37,88.6,3.48
LAP02397,MSI,Windows,Video,36.5,8.0,8,15.0,144,61,8,20,1,0,32.1,9,93.2,2.3
LAP02398,HP,Windows,Office,52.7,13.2,8,15.6,60,30,25,19,1,1,34.4,26,90.1,4.76
LAP02399,Lenovo,Windows,Coding,47.4,21.9,8,17.3,144,91,74,91,1,1,43.5,39,91.3,1.71
LAP02400,Dell,Windows,Gaming,69.3,8.0,32,15.6,60,86,25,46,1,0,38.6,52,85.9,4.32
LAP02401,ASUS,Linux,Office,81.3,26.6,8,15.0,120,21,98,90,1,0,45.2,26,91.7,3.22
LAP02402,Apple,Windows,Office,43.3,35.0,16,14.4,144,85,24,43,1,1,31.2,41,90.3,2.26
LAP02403,MSI,Windows,Coding,74.2,41.7,8,14.2,60,45,45,88,1,0,41.9,39,87.9,3.08
LAP02404,Dell,Linux,Video,33.1,26.2,32,14.5,60,95,100,1,1,0,40.3,57,83.0,1.13
LAP02405,ASUS,Windows,Office,58.0,47.6,16,15.1,90,56,57,42,1,1,36.2,34,89.7,2.08
LAP02406,Apple,Linux,Gaming,58.9,24.6,16,16.3,144,55,66,56,1,1,43.7,35,90.4,1.62
LAP02407,Apple,macOS,Office,32.7,9.9,16,13.2,120,35,35,87,1,0,41.0,10,99.7,2.64
LAP02408,Dell,Windows,Office,42.6,24.3,16,16.1,165,97,29,96,1,1,44.0,12,95.6,2.03
LAP02409,MSI,macOS,Video,41.1,22.5,4,14.2,60,85,73,18,1,1,41.2,34,90.3,1.64
LAP02410,Acer,Linux,Coding,35.3,31.2,8,14.0,60,40,76,89,1,0,45.9,52,87.3,1.35
LAP02411,Acer,macOS,Gaming,30.0,28.2,8,15.7,120,26,21,63,1,1,34.1,20,94.3,1.17
LAP02412,Apple,Windows,Gaming,51.9,27.4,16,14.5,60,30,83,45,1,1,40.1,36,90.8,1.93
LAP02413,Acer,Windows,Office,53.7,36.6,8,15.7,75,75,24,40,1,0,35.0,43,86.7,2.67
LAP02414,HP,Linux,Browsing,53.6,19.8,16,15.5,90,63,49,66,1,1,39.8,11,95.7,3.4
LAP02415,Apple,Windows,Browsing,66.5,31.5,8,16.1,240,73,97,90,1,1,51.2,49,87.6,2.24
LAP02416,Apple,Windows,Video,30.0,28.4,8,16.8,60,76,54,13,1,1,39.9,24,93.4,1.52
LAP02417,ASUS,Windows,Gaming,49.3,26.4,32,12.6,60,77,55,19,1,1,33.4,27,93.6,2.0
LAP02418,Acer,Windows,Browsing,93.4,24.2,32,15.3,144,56,96,34,1,1,40.7,54,81.3,3.74
LAP02419,MSI,Windows,Browsing,68.3,9.7,64,14.0,60,67,76,86,1,1,40.9,43,88.8,5.6
LAP02420,Apple,Windows,Browsing,68.4,22.0,16,15.6,75,81,82,24,1,0,39.7,55,83.9,3.28
LAP02421,MSI,macOS,Video,39.8,22.7,8,13.0,144,58,37,3,1,1,38.0,17,90.7,1.73
LAP02422,HP,Windows,Office,52.1,16.3,32,15.1,60,83,33,56,1,1,39.5,9,100.0,4.14
LAP02423,ASUS,macOS,Office,30.0,8.7,8,12.4,60,87,26,1,1,1,33.7,57,82.4,3.04
LAP02424,Dell,macOS,Coding,63.8,18.3,8,15.1,60,87,71,65,1,1,43.4,38,88.1,3.19
LAP02425,MSI,Windows,Video,76.0,19.3,8,15.0,60,46,91,88,1,0,45.9,2,100.0,3.74
LAP02426,Apple,Windows,Coding,33.3,8.9,16,14.1,120,89,7,86,1,1,40.3,4,100.0,2.49
LAP02427,HP,Linux,Coding,37.6,8.9,8,14.4,60,79,10,20,1,1,34.4,54,86.0,3.61
LAP02428,Lenovo,Windows,Browsing,54.5,8.0,16,14.5,60,63,44,88,1,1,45.2,11,97.6,5.15
LAP02429,HP,Linux,Coding,57.3,28.5,4,12.8,90,49,91,90,1,0,45.3,13,95.5,2.31
LAP02430,HP,Windows,Video,46.9,36.7,8,13.2,165,77,80,51,0,1,42.8,44,91.1,1.54
LAP02431,ASUS,Windows,Gaming,42.8,25.2,16,15.3,165,55,73,74,1,1,40.8,40,91.2,1.11
LAP02432,Dell,Windows,Browsing,42.9,20.1,8,16.5,144,24,9,77,0,1,34.7,31,92.5,3.31
LAP02433,Lenovo,Windows,Browsing,54.3,8.3,64,16.1,90,38,7,80,1,1,35.0,41,83.5,4.25
LAP02434,Acer,Windows,Browsing,63.8,8.0,32,12.2,60,31,8,14,1,1,33.6,32,92.0,8.57
LAP02435,Acer,Windows,Office,54.3,24.6,8,16.7,120,79,67,45,1,1,42.9,5,100.0,2.71
LAP02436,MSI,Linux,Video,52.8,32.4,32,16.8,60,30,92,30,1,1,47.0,29,89.9,1.71
LAP02437,HP,Windows,Browsing,30.0,15.0,16,14.0,144,72,9,61,0,1,29.3,5,100.0,2.46
LAP02438,ASUS,macOS,Office,68.0,37.7,8,14.0,60,39,65,33,1,0,39.6,30,93.8,3.31
LAP02439,ASUS,Windows,Office,54.2,16.7,16,14.3,75,92,99,35,1,1,54.0,1,100.0,3.51
LAP02440,Acer,Linux,Browsing,48.5,38.0,32,15.5,60,46,61,43,1,1,42.5,25,93.2,2.51
LAP02441,MSI,Windows,Office,58.8,15.6,8,14.6,60,77,46,62,1,0,39.9,47,88.3,4.16
LAP02442,MSI,macOS,Office,42.3,8.0,8,15.5,120,24,87,76,1,1,48.9,31,88.0,2.7
LAP02443,MSI,Windows,Office,48.8,32.5,8,13.2,120,93,60,17,1,1,36.0,56,83.8,1.92
LAP02444,Lenovo,Windows,Video,56.6,13.9,8,13.5,60,28,76,80,0,0,42.3,4,99.0,3.93
LAP02445,Dell,macOS,Coding,44.8,8.0,8,13.8,165,96,32,44,1,1,37.2,45,89.9,2.69
LAP02446,Lenovo,Windows,Browsing,30.3,30.8,16,13.9,60,51,59,38,1,1,41.0,47,87.5,1.99
LAP02447,Apple,Windows,Gaming,30.0,14.3,16,15.6,165,91,42,91,1,1,44.5,40,86.5,1.0
LAP02448,Apple,Windows,Coding,61.7,8.0,8,15.3,90,73,27,25,1,0,37.5,42,90.6,4.67
LAP02449,Dell,Linux,Video,54.5,40.7,8,15.9,120,64,11,77,1,1,35.0,15,93.6,2.48
LAP02450,Acer,Windows,Browsing,54.0,22.5,16,16.5,165,46,42,100,0,0,44.0,51,88.6,3.04
LAP02451,Dell,Windows,Browsing,37.6,8.0,8,15.6,144,47,81,74,1,1,48.6,11,97.5,2.59
LAP02452,ASUS,Linux,Browsing,54.7,19.4,16,12.5,60,37,61,95,1,1,47.4,14,94.3,3.84
LAP02453,Apple,Linux,Browsing,49.0,50.6,64,14.4,60,50,89,23,1,0,44.5,20,92.9,1.89
LAP02454,HP,Windows,Office,46.0,26.3,64,14.6,60,60,41,57,1,1,41.1,36,92.1,2.69
LAP02455,HP,Windows,Gaming,53.9,17.3,16,15.4,75,53,10,94,1,1,40.1,20,95.9,2.82
LAP02456,Acer,Windows,Office,59.4,31.0,8,13.7,144,26,14,49,1,1,35.5,24,93.5,3.59
LAP02457,ASUS,Linux,Office,81.2,19.5,4,17.1,120,24,31,71,1,1,44.7,16,91.1,5.03
LAP02458,Lenovo,Linux,Coding,63.5,18.9,16,14.4,60,40,94,38,1,1,46.9,7,93.8,3.27
LAP02459,ASUS,Windows,Browsing,67.9,17.1,64,14.5,90,25,61,71,1,1,42.1,54,82.0,3.76
LAP02460,HP,Windows,Coding,71.6,35.2,4,14.7,120,64,96,30,1,1,38.9,29,89.7,2.0
LAP02461,HP,Windows,Coding,43.5,27.3,4,14.3,75,54,20,82,0,1,45.5,32,94.4,2.56
LAP02462,Apple,Windows,Video,50.2,42.1,32,12.6,120,22,63,35,1,1,38.0,1,96.7,1.61
LAP02463,ASUS,Windows,Gaming,41.4,28.7,8,16.7,75,52,32,38,1,1,32.6,32,93.7,1.76
LAP02464,ASUS,Windows,Office,44.8,43.3,8,14.1,75,57,7,95,1,1,41.4,51,88.2,2.38
LAP02465,HP,Windows,Coding,48.6,32.8,32,15.9,165,99,61,20,1,1,38.9,27,91.6,1.65
LAP02466,Lenovo,Windows,Gaming,44.4,21.9,4,14.4,60,35,69,22,1,1,41.7,25,93.0,1.84
LAP02467,Acer,Windows,Video,58.4,23.4,8,14.1,144,90,71,53,1,1,39.0,40,88.8,2.06
LAP02468,MSI,Windows,Office,61.5,46.9,16,13.3,60,27,34,35,1,0,39.4,0,100.0,3.81
LAP02469,Acer,macOS,Gaming,35.4,40.6,16,12.5,60,22,23,14,1,1,38.4,34,91.4,1.64
LAP02470,ASUS,Windows,Browsing,50.3,43.6,8,14.4,165,88,12,1,1,1,31.5,47,90.1,2.82
LAP02471,Acer,Windows,Gaming,50.5,12.9,8,14.3,120,38,66,75,1,1,42.2,42,85.4,1.92
LAP02472,HP,macOS,Browsing,32.9,8.0,16,17.0,165,26,23,69,1,1,35.7,38,94.2,2.27
LAP02473,HP,Windows,Coding,43.5,14.9,16,15.1,240,69,40,37,1,1,40.1,19,93.2,1.94
LAP02474,ASUS,Windows,Gaming,68.1,27.0,4,16.6,60,25,73,64,1,1,47.3,12,97.6,2.63
LAP02475,ASUS,Windows,Office,67.9,17.3,8,12.9,240,24,64,49,1,1,40.5,30,95.0,3.14
LAP02476,MSI,Linux,Office,30.6,25.3,16,15.1,60,80,38,89,1,1,40.1,37,88.2,1.74
LAP02477,MSI,Windows,Office,62.1,19.6,16,15.8,60,77,59,86,1,1,44.1,22,92.0,3.22
LAP02478,Apple,Linux,Gaming,32.9,8.0,16,15.2,144,41,31,0,1,1,32.9,11,97.6,1.86
LAP02479,ASUS,Windows,Video,49.0,30.1,16,15.2,60,76,43,20,1,1,32.6,5,95.1,2.56
LAP02480,Lenovo,Windows,Video,53.5,25.4,16,14.7,165,94,46,56,1,0,34.4,23,95.3,2.11
LAP02481,Acer,Linux,Coding,66.3,41.0,4,13.3,90,51,46,18,1,1,36.1,33,87.6,3.02
LAP02482,ASUS,macOS,Video,52.4,26.9,32,13.1,60,36,92,28,1,0,41.0,32,88.1,1.96
LAP02483,Dell,Windows,Office,39.8,34.4,32,16.0,60,77,52,49,1,1,42.1,6,100.0,2.18
LAP02484,Apple,Linux,Office,37.2,15.2,16,14.1,75,60,35,89,1,1,38.5,50,80.1,2.27
LAP02485,Dell,Windows,Video,57.5,29.2,8,14.4,60,41,26,33,0,1,28.2,13,95.8,3.6
LAP02486,HP,Windows,Office,45.5,34.7,16,14.1,60,99,91,80,1,1,46.4,35,89.0,1.68
LAP02487,MSI,Windows,Browsing,48.9,31.7,16,13.7,120,61,45,81,1,1,43.9,15,99.1,2.84
LAP02488,Acer,Windows,Browsing,69.6,22.3,8,13.0,240,98,28,53,1,1,43.0,45,82.8,3.5
LAP02489,ASUS,Windows,Browsing,61.5,29.2,16,17.2,60,27,44,31,1,1,43.8,22,94.0,4.59
LAP02490,Dell,Windows,Gaming,78.8,32.5,16,12.1,60,65,36,3,1,1,33.0,17,96.7,3.67
LAP02491,Acer,Windows,Office,39.7,39.4,16,16.0,60,67,55,29,1,1,36.0,28,91.7,1.93
LAP02492,HP,Windows,Video,44.4,18.3,4,16.5,60,22,37,94,1,1,42.0,6,98.9,2.58
LAP02493,MSI,macOS,Office,57.8,11.6,8,15.2,60,96,32,17,1,1,36.5,3,97.8,5.57
LAP02494,Lenovo,macOS,Office,82.3,15.0,16,14.8,60,49,85,68,1,1,43.8,24,95.9,5.18
LAP02495,Apple,Linux,Office,43.1,26.7,32,15.3,120,47,94,95,1,1,47.3,32,88.0,1.75
LAP02496,Acer,Windows,Video,55.6,25.1,16,14.4,60,92,86,28,1,0,46.1,50,82.5,2.38
LAP02497,Acer,Windows,Coding,74.8,32.5,16,16.4,60,95,83,11,1,1,37.5,23,92.6,2.96
LAP02498,Lenovo,Linux,Gaming,55.7,35.0,4,16.6,165,44,67,14,1,1,39.1,22,92.3,1.28
LAP02499,Acer,macOS,Coding,70.3,8.0,16,15.8,144,56,26,78,1,1,42.4,49,89.3,3.85
LAP02500,HP,Windows,Coding,84.4,19.2,32,12.7,60,70,22,98,1,1,43.6,20,97.2,6.25
LAP02501,HP,Linux,Coding,59.4,27.5,16,15.9,120,58,89,52,1,1,47.9,38,89.5,2.21
LAP02502,Lenovo,macOS,Gaming,61.9,38.4,32,16.8,90,91,87,34,1,0,49.8,20,96.8,1.67
LAP02503,Apple,Linux,Video,66.1,24.4,16,15.9,144,86,6,51,1,1,36.3,57,91.4,3.36
LAP02504,ASUS,Windows,Browsing,41.4,41.4,32,16.4,144,20,98,52,1,1,45.5,47,85.6,1.36
LAP02505,Dell,Windows,Coding,32.8,31.6,8,14.0,60,57,93,13,1,1,39.1,26,88.7,1.35
LAP02506,ASUS,Windows,Coding,57.4,29.6,8,14.3,120,71,30,17,1,1,33.1,16,94.2,3.18
LAP02507,Acer,Windows,Video,45.6,23.7,8,16.8,144,82,43,37,1,1,31.6,52,85.5,1.88
LAP02508,Dell,Windows,Browsing,70.8,24.7,16,15.9,120,71,21,85,1,1,40.1,25,90.1,4.46
LAP02509,Lenovo,Windows,Gaming,59.7,29.0,8,14.7,165,79,20,37,1,1,36.3,18,94.0,2.34
LAP02510,Lenovo,Linux,Gaming,70.5,22.7,16,14.6,75,32,31,54,1,0,37.1,32,93.1,3.41
LAP02511,Apple,Windows,Browsing,37.0,38.4,32,15.0,144,36,53,10,1,1,34.2,57,86.5,1.61
LAP02512,Dell,Windows,Gaming,70.0,35.6,16,14.6,165,49,7,66,1,0,36.2,58,86.4,2.72
LAP02513,HP,Windows,Browsing,30.0,39.4,8,15.0,90,57,46,52,1,0,39.1,47,87.8,1.53
LAP02514,Dell,Windows,Browsing,38.2,12.5,32,17.3,60,30,67,77,1,0,42.1,51,83.8,2.96
LAP02515,Acer,Linux,Browsing,64.5,12.1,16,14.0,144,46,33,43,1,1,37.5,6,97.3,5.21
LAP02516,HP,Windows,Browsing,47.5,30.9,16,12.5,144,57,6,24,0,1,35.3,30,88.1,3.44
LAP02517,MSI,Linux,Video,48.9,24.0,32,14.1,60,47,18,61,1,1,35.8,38,89.8,2.92
LAP02518,MSI,Windows,Browsing,56.6,28.1,64,15.8,60,45,16,13,1,1,31.2,14,98.0,5.65
LAP02519,MSI,Windows,Office,76.3,11.6,16,15.8,240,52,28,46,1,1,35.9,1,97.1,4.18
LAP02520,Lenovo,Linux,Browsing,30.0,8.0,16,13.5,90,51,32,94,1,0,40.2,44,89.0,2.36
LAP02521,Dell,Windows,Office,73.7,27.8,16,14.5,75,73,22,88,1,1,41.0,1,98.8,4.81
LAP02522,MSI,Windows,Browsing,74.6,15.9,16,16.2,165,44,93,54,1,1,46.7,16,94.1,4.42
LAP02523,ASUS,Windows,Coding,47.4,33.6,16,14.8,60,43,10,82,1,1,39.1,33,85.4,2.65
LAP02524,Apple,Windows,Browsing,44.6,17.6,16,13.6,144,59,34,11,1,1,34.7,46,88.3,2.78
LAP02525,ASUS,Windows,Gaming,53.2,14.4,8,13.9,120,46,99,6,1,1,42.9,45,84.5,2.21
LAP02526,MSI,Linux,Video,44.3,8.0,16,17.0,165,65,38,48,0,1,33.3,24,93.7,2.44
LAP02527,Apple,Windows,Browsing,60.2,40.0,8,14.4,60,88,87,13,1,0,38.5,47,83.7,2.39
LAP02528,Acer,macOS,Gaming,62.1,33.4,16,15.1,165,88,62,28,1,1,39.6,10,98.1,1.78
LAP02529,ASUS,Windows,Browsing,31.7,8.0,16,12.8,90,58,32,46,0,0,37.8,43,86.4,3.5
LAP02530,Dell,Windows,Browsing,41.2,8.0,32,14.7,75,100,76,13,1,1,42.9,8,91.4,3.56
LAP02531,Dell,Windows,Browsing,37.2,17.8,8,17.3,60,48,79,86,1,1,44.9,6,100.0,2.78
LAP02532,ASUS,Windows,Office,58.2,36.4,32,17.3,90,94,57,50,1,1,35.2,10,94.8,2.64
LAP02533,MSI,Windows,Coding,68.1,18.7,32,15.4,90,50,20,13,1,0,35.0,50,82.9,4.44
LAP02534,Dell,Windows,Video,38.9,22.5,16,17.3,165,84,30,86,1,0,34.9,55,85.7,1.44
LAP02535,Acer,Windows,Office,68.0,36.9,16,15.8,120,34,69,7,1,1,37.6,3,95.3,2.86
LAP02536,HP,Linux,Video,41.1,13.1,8,17.3,144,93,61,76,0,1,38.3,60,86.1,1.82
LAP02537,MSI,Windows,Browsing,65.8,16.8,32,15.9,144,28,35,99,1,1,47.9,36,87.8,3.72
LAP02538,Acer,Linux,Video,50.7,27.6,16,16.9,60,32,31,64,1,1,35.2,25,92.1,2.38
LAP02539,Apple,Windows,Browsing,48.4,21.6,8,12.0,60,64,53,36,1,1,39.4,52,83.2,3.4
LAP02540,Acer,Windows,Browsing,72.1,14.5,8,15.5,60,25,13,89,1,1,38.1,33,91.1,6.96
LAP02541,MSI,Windows,Browsing,81.8,33.5,16,14.1,60,63,30,67,1,0,33.9,15,93.3,5.77
LAP02542,Apple,Windows,Browsing,30.0,31.2,8,15.8,60,21,10,15,1,1,36.8,40,86.1,2.57
LAP02543,MSI,Linux,Coding,64.0,35.0,16,15.7,120,48,11,88,1,1,40.3,46,91.8,3.09
LAP02544,Dell,Windows,Video,57.7,23.2,8,16.9,90,67,17,82,0,1,37.1,29,92.9,3.34
LAP02545,HP,Windows,Browsing,64.9,8.0,16,16.5,120,31,53,19,1,1,34.0,53,85.0,4.96
LAP02546,MSI,Windows,Video,33.4,25.1,16,13.0,60,86,14,89,1,1,35.6,45,88.0,1.78
LAP02547,MSI,Windows,Coding,38.7,10.9,32,12.4,60,69,47,95,1,1,38.0,15,94.5,2.7
LAP02548,Dell,Windows,Gaming,44.9,8.0,16,14.7,60,30,53,66,1,0,40.8,5,100.0,3.42
LAP02549,Lenovo,Linux,Browsing,58.2,21.7,16,16.1,90,24,99,70,1,1,48.2,32,91.8,2.77
LAP02550,Dell,Windows,Office,44.0,26.2,32,15.9,60,64,22,31,1,0,38.8,49,85.7,3.1
LAP02551,Apple,macOS,Gaming,50.2,44.2,16,15.1,60,93,15,68,1,1,39.7,14,95.6,1.84
LAP02552,Dell,Linux,Coding,67.5,10.5,32,15.9,60,66,14,84,1,1,40.9,19,97.4,5.37
LAP02553,Dell,Windows,Office,85.7,33.1,8,16.2,120,25,32,29,1,1,37.4,11,91.8,4.4
LAP02554,HP,Windows,Browsing,66.4,8.0,16,15.1,120,99,89,19,1,0,43.1,60,85.5,4.12
LAP02555,Dell,Windows,Office,67.9,40.2,8,15.9,60,88,57,57,1,1,40.8,23,93.1,3.05
LAP02556,MSI,Windows,Coding,52.3,16.6,32,16.0,60,82,58,28,1,1,41.4,39,90.3,3.11
LAP02557,HP,Windows,Video,41.6,21.0,8,15.0,60,86,29,23,1,1,33.5,31,89.0,2.13
LAP02558,ASUS,macOS,Browsing,50.1,21.1,8,17.1,75,66,10,0,1,1,31.0,40,85.2,4.46
LAP02559,Lenovo,Windows,Coding,54.1,34.1,8,13.3,240,53,15,88,1,1,39.3,32,90.1,2.3
LAP02560,HP,Windows,Coding,37.6,8.0,8,17.3,60,31,37,26,1,1,38.7,47,85.5,3.27
LAP02561,Apple,Windows,Coding,67.2,22.9,16,16.5,60,46,73,88,1,0,44.2,45,88.6,3.21
LAP02562,ASUS,Windows,Coding,77.8,17.3,16,17.3,60,88,100,20,1,1,48.8,11,98.6,4.28
LAP02563,HP,Linux,Video,56.8,51.4,32,12.9,120,87,50,16,1,1,45.1,14,100.0,2.09
LAP02564,HP,Windows,Office,71.3,12.0,8,14.5,165,47,92,91,1,1,43.6,58,85.8,3.71
LAP02565,Lenovo,Windows,Gaming,73.1,8.0,8,15.7,60,90,81,31,1,1,43.7,59,85.7,4.03
LAP02566,MSI,Windows,Browsing,39.5,45.3,16,15.4,144,64,59,43,1,1,44.3,7,97.1,1.58
LAP02567,Apple,Linux,Browsing,30.0,30.9,8,14.4,75,21,74,97,1,1,45.0,3,100.0,1.67
LAP02568,Acer,Windows,Office,47.5,15.6,32,15.4,144,28,55,21,1,1,40.1,26,94.5,2.99
LAP02569,Acer,macOS,Browsing,56.4,24.6,8,16.7,60,98,29,41,1,1,34.9,36,87.3,3.53
LAP02570,HP,Windows,Browsing,37.1,15.4,16,15.2,60,50,27,82,1,1,38.0,57,86.6,3.09
LAP02571,Dell,Windows,Browsing,76.3,8.0,8,13.1,120,55,54,61,1,1,41.0,52,88.2,6.8
LAP02572,Apple,Windows,Video,84.2,23.0,8,17.3,144,34,50,47,0,1,36.7,13,91.9,3.71
LAP02573,ASUS,Windows,Browsing,57.7,22.9,16,13.7,165,81,81,7,1,1,39.6,58,79.0,2.77
LAP02574,Dell,Windows,Video,40.3,29.1,8,13.3,90,50,96,1,0,0,38.6,38,89.7,1.55
LAP02575,Dell,Windows,Browsing,62.3,13.3,64,14.0,60,46,48,4,1,1,36.1,14,94.0,6.21
LAP02576,Apple,Windows,Gaming,40.2,15.7,16,14.1,60,21,17,27,1,0,34.4,18,93.4,2.83
LAP02577,MSI,Windows,Video,72.1,20.5,32,15.4,144,92,75,3,1,1,39.9,52,83.8,2.51
LAP02578,HP,Windows,Browsing,51.5,13.2,64,17.3,75,62,52,52,1,0,41.7,13,97.4,4.13
LAP02579,HP,Windows,Video,65.9,38.6,8,13.7,120,20,21,99,1,0,41.2,6,97.7,3.24
LAP02580,HP,Linux,Coding,68.5,35.2,16,16.5,60,28,77,0,1,0,41.7,5,98.0,3.32
LAP02581,HP,Windows,Video,63.1,18.8,4,17.3,60,79,18,78,1,0,36.6,33,89.6,3.51
LAP02582,Acer,Windows,Coding,81.8,31.4,16,14.4,120,21,34,76,1,0,43.0,23,93.2,4.2
LAP02583,HP,Windows,Coding,57.7,10.1,16,14.9,60,77,34,94,1,1,42.8,60,82.4,3.61
LAP02584,Acer,Linux,Video,47.5,19.5,16,15.4,60,84,37,80,1,1,40.5,24,94.6,2.69
LAP02585,Acer,Linux,Office,30.0,42.6,8,14.4,120,31,58,5,1,0,35.7,40,90.4,1.28
LAP02586,MSI,Windows,Browsing,30.0,32.8,16,12.5,60,74,61,87,1,0,39.5,24,91.0,1.72
LAP02587,HP,Windows,Video,64.8,28.5,32,16.9,144,29,93,54,1,1,42.0,49,86.5,1.9
LAP02588,Lenovo,Linux,Office,52.2,20.7,32,15.2,60,84,35,51,1,1,43.1,46,88.6,3.74
LAP02589,ASUS,macOS,Office,42.8,24.5,16,14.2,144,84,27,76,1,0,35.9,14,90.2,2.33
LAP02590,Dell,Windows,Browsing,38.3,8.0,8,14.9,60,80,56,84,1,0,41.4,41,83.0,3.26
LAP02591,Acer,macOS,Office,66.1,21.1,32,14.6,60,94,95,23,1,1,42.5,2,100.0,3.64
LAP02592,Apple,Windows,Gaming,40.2,29.5,32,15.8,144,88,58,61,1,1,41.8,35,90.8,1.32
LAP02593,Apple,Linux,Office,79.5,24.7,8,13.7,90,54,51,55,1,0,39.3,1,96.1,4.95
LAP02594,ASUS,Windows,Office,90.3,24.7,8,14.5,60,30,53,85,1,0,45.0,21,96.2,5.88
LAP02595,Apple,Windows,Coding,41.5,17.1,32,15.2,60,87,88,92,1,1,48.6,27,94.5,1.91
LAP02596,Lenovo,Windows,Video,65.0,14.1,32,12.2,240,57,60,23,1,1,40.7,31,90.9,2.62
LAP02597,Apple,Linux,Office,61.6,13.0,8,14.7,60,58,96,75,1,1,51.6,38,87.7,4.01
LAP02598,Dell,macOS,Office,40.2,22.0,32,14.0,60,40,12,19,1,1,33.6,24,95.8,3.74
LAP02599,Dell,Windows,Gaming,40.3,33.8,16,15.9,60,55,26,33,1,0,35.0,0,97.9,1.69
LAP02600,Acer,Windows,Coding,53.2,14.7,64,15.3,165,91,66,14,1,1,32.4,43,84.1,2.48
LAP02601,HP,Windows,Browsing,37.9,25.5,16,16.8,60,39,58,50,1,1,47.8,22,95.9,2.45
LAP02602,MSI,Windows,Browsing,71.4,25.2,16,12.2,60,62,39,3,0,0,40.0,4,100.0,7.47
LAP02603,Lenovo,Windows,Office,51.3,36.2,8,14.1,60,40,99,52,1,1,49.8,47,85.2,1.8
LAP02604,Acer,Windows,Browsing,38.2,25.2,32,15.3,144,54,92,13,1,1,42.6,34,92.0,1.85
LAP02605,Lenovo,macOS,Office,53.7,8.0,16,16.8,60,83,19,64,1,1,37.1,10,100.0,5.41
LAP02606,HP,Windows,Gaming,62.0,50.5,16,13.5,90,51,99,32,1,1,44.4,14,96.5,1.26
LAP02607,Apple,Windows,Browsing,44.1,36.7,4,13.9,60,55,9,49,1,0,36.1,4,99.6,3.63
LAP02608,Apple,Windows,Video,30.0,30.8,16,16.8,60,88,90,62,1,1,48.2,37,92.2,1.01
LAP02609,MSI,Windows,Office,56.9,18.1,16,17.3,165,71,21,49,1,0,34.2,3,96.8,3.48
LAP02610,HP,Linux,Video,36.7,21.2,4,17.3,144,23,96,92,1,1,47.8,43,88.5,1.1
LAP02611,Acer,Windows,Video,43.1,8.0,8,17.3,60,26,7,73,1,0,35.8,9,94.7,3.18
LAP02612,MSI,Windows,Browsing,62.0,21.0,8,15.6,90,90,23,35,1,1,37.2,8,100.0,5.35
LAP02613,HP,Windows,Coding,46.2,27.1,16,15.2,144,43,95,77,1,1,50.5,32,97.0,1.63
LAP02614,ASUS,Windows,Browsing,52.9,24.7,16,17.3,90,40,85,85,1,1,50.9,59,81.6,2.32
LAP02615,Dell,Windows,Gaming,76.8,46.0,8,14.5,75,76,100,96,1,0,50.4,41,92.4,1.43
LAP02616,MSI,Windows,Gaming,49.7,33.1,8,13.6,60,92,41,91,1,1,47.6,5,100.0,1.87
LAP02617,MSI,Windows,Office,85.3,36.7,16,15.4,60,38,25,70,1,1,38.9,45,90.1,4.91
LAP02618,Acer,Windows,Office,66.1,31.5,4,14.5,60,47,55,99,1,1,49.8,57,79.5,3.0
LAP02619,Lenovo,Windows,Office,41.0,27.0,8,13.9,75,51,58,99,1,1,47.9,26,91.0,1.98
LAP02620,ASUS,Windows,Video,47.9,30.5,16,16.2,240,53,15,49,1,1,34.7,42,92.9,1.89
LAP02621,Acer,Windows,Office,36.1,8.0,16,14.6,144,35,69,40,0,1,48.4,27,93.4,2.51
LAP02622,HP,Windows,Office,64.6,21.9,16,15.3,60,57,34,97,1,1,37.6,45,87.6,3.79
LAP02623,HP,macOS,Office,74.9,8.2,8,15.8,120,100,94,100,1,1,53.8,42,91.5,4.62
LAP02624,HP,Windows,Browsing,49.6,10.8,8,12.5,144,94,47,69,1,1,40.6,33,91.6,3.56
LAP02625,HP,Windows,Video,30.0,39.3,16,16.7,60,23,40,98,1,0,37.2,28,94.5,1.22
LAP02626,Lenovo,Windows,Browsing,60.4,12.1,32,17.3,60,75,94,26,1,1,50.7,31,87.5,4.34
LAP02627,ASUS,Windows,Coding,42.1,9.1,16,16.8,90,59,61,29,1,1,40.7,54,85.3,2.82
LAP02628,Apple,Windows,Browsing,44.3,29.7,8,11.6,75,69,95,31,1,1,43.2,56,88.4,2.3
LAP02629,Dell,Linux,Browsing,59.7,24.2,16,15.3,60,59,30,82,1,1,39.5,59,83.1,3.74
LAP02630,Lenovo,Windows,Coding,73.5,30.4,32,12.4,60,68,86,21,1,0,45.2,21,93.1,3.2
LAP02631,Lenovo,Windows,Gaming,66.1,46.1,16,16.7,90,67,64,84,1,1,44.7,58,85.6,1.52
LAP02632,Apple,Windows,Video,61.4,31.9,32,16.7,90,25,94,68,1,1,53.1,14,94.8,1.9
LAP02633,Apple,macOS,Browsing,52.6,8.0,8,15.5,90,24,26,20,1,1,33.4,26,92.6,5.42
LAP02634,Dell,Windows,Browsing,35.2,36.2,16,11.6,144,98,28,55,1,1,34.4,9,98.9,2.13
LAP02635,Dell,Windows,Gaming,60.2,22.4,16,15.0,60,64,16,83,1,1,39.6,58,84.5,2.95
LAP02636,Apple,macOS,Office,65.8,27.0,16,13.4,60,35,79,30,1,1,43.2,24,93.6,3.78
LAP02637,HP,Linux,Browsing,46.1,8.0,16,15.2,144,36,64,100,1,1,42.8,59,91.1,3.04
LAP02638,Lenovo,Linux,Gaming,49.5,31.0,16,15.0,120,78,25,58,1,1,33.7,10,97.6,1.92
LAP02639,Acer,Windows,Video,71.7,9.4,32,16.5,165,75,84,69,1,1,43.1,7,95.7,3.32
LAP02640,Dell,Windows,Gaming,49.1,31.4,32,14.8,90,98,40,94,1,1,41.2,20,95.3,1.67
LAP02641,Dell,Windows,Gaming,50.9,16.3,8,17.3,120,54,11,42,1,1,32.5,7,95.6,2.56
LAP02642,Apple,Windows,Gaming,53.7,33.7,16,15.6,120,27,65,87,1,1,48.8,36,93.2,1.53
LAP02643,ASUS,Windows,Browsing,65.0,9.5,32,14.3,60,80,57,53,1,0,40.3,23,97.6,6.07
LAP02644,Acer,Linux,Browsing,59.4,8.0,8,14.9,144,46,32,17,1,1,39.5,45,91.1,4.59
LAP02645,Acer,Linux,Coding,58.3,18.5,8,16.8,60,97,28,54,1,1,31.1,47,86.4,3.8
LAP02646,Dell,Windows,Coding,77.8,28.2,8,17.0,60,39,57,28,1,1,40.5,22,92.8,3.92
LAP02647,HP,Windows,Office,48.9,11.3,8,11.6,60,76,17,60,0,1,37.6,59,86.7,5.07
LAP02648,ASUS,Windows,Office,40.7,27.4,32,13.3,144,89,82,50,1,1,47.6,52,85.1,1.52
LAP02649,Acer,Linux,Office,70.3,35.5,16,14.1,165,42,99,75,1,1,47.7,23,94.3,2.38
LAP02650,Dell,Windows,Coding,58.5,9.1,16,17.0,60,95,76,11,1,1,37.2,12,97.5,5.06
LAP02651,Acer,Windows,Browsing,46.2,27.5,8,16.8,120,21,5,92,1,1,38.7,53,86.5,2.77
LAP02652,MSI,Windows,Office,49.6,31.5,4,16.4,165,46,85,60,1,1,45.7,38,89.0,1.52
LAP02653,ASUS,Windows,Coding,35.9,22.7,32,16.6,90,51,45,70,1,1,39.1,58,89.3,1.92
LAP02654,ASUS,Linux,Video,58.5,24.0,16,17.3,144,69,63,15,0,1,38.3,4,100.0,2.42
LAP02655,MSI,Windows,Browsing,33.1,8.1,4,15.8,60,83,17,11,1,1,31.7,14,96.6,3.89
LAP02656,Lenovo,Windows,Coding,65.2,30.2,64,16.5,60,59,58,61,1,1,47.0,23,91.8,2.88
LAP02657,MSI,Linux,Video,47.2,25.7,16,15.6,60,52,51,84,0,0,42.6,10,96.6,2.51
LAP02658,Apple,Windows,Office,34.1,26.8,16,16.5,240,48,31,67,1,0,38.9,55,82.5,1.2
LAP02659,Apple,Windows,Browsing,71.5,49.8,16,14.3,144,52,81,59,0,1,43.8,16,94.1,2.51
LAP02660,Dell,Windows,Office,88.8,22.5,4,13.8,144,36,44,80,1,1,40.7,7,100.0,5.23
LAP02661,ASUS,Windows,Office,61.6,28.9,16,14.1,75,93,95,27,1,0,44.3,41,91.0,2.53
LAP02662,Lenovo,Linux,Gaming,50.7,40.5,16,14.6,120,84,36,63,1,0,37.2,23,88.6,1.47
LAP02663,Lenovo,Windows,Browsing,40.6,24.4,8,16.1,144,62,62,94,1,1,44.6,54,86.1,1.84
LAP02664,Acer,Linux,Coding,58.9,16.4,16,17.3,90,82,80,71,1,1,40.8,37,86.2,2.44
LAP02665,Acer,Windows,Browsing,64.6,29.8,8,14.2,144,100,47,49,1,0,40.3,26,98.6,3.57
LAP02666,MSI,Windows,Office,55.1,16.8,16,17.3,60,77,56,25,1,1,39.5,41,91.5,3.79
LAP02667,Lenovo,Windows,Coding,68.4,39.4,8,14.7,60,62,81,39,0,1,39.5,50,86.5,2.33
LAP02668,MSI,Linux,Office,77.7,31.2,32,15.0,60,56,84,54,1,1,46.3,6,96.7,3.57
LAP02669,MSI,Windows,Office,36.1,14.7,32,15.4,60,65,38,30,1,1,36.0,58,87.3,2.74
LAP02670,Acer,Windows,Browsing,59.4,10.0,8,14.1,60,44,10,82,1,1,42.1,51,85.8,5.45
LAP02671,ASUS,Linux,Office,30.0,26.9,32,14.3,60,86,52,70,1,1,41.2,23,93.8,1.75
LAP02672,MSI,Windows,Coding,42.8,28.1,16,14.6,60,70,22,4,1,1,37.0,26,90.8,3.04
LAP02673,HP,Windows,Office,65.8,10.1,16,13.4,144,93,85,12,1,1,43.1,36,90.3,3.92
LAP02674,ASUS,Windows,Gaming,54.3,34.4,32,13.9,90,57,43,17,1,0,33.1,44,90.4,2.07
LAP02675,Lenovo,Linux,Coding,30.8,33.0,8,14.9,60,57,82,81,0,1,44.8,2,99.4,1.3
LAP02676,Lenovo,Windows,Office,70.7,29.1,8,14.4,60,20,11,49,1,1,40.2,21,90.5,5.49
LAP02677,MSI,macOS,Browsing,46.9,34.1,8,14.1,90,73,10,83,1,1,40.5,47,89.0,3.4
LAP02678,ASUS,Windows,Office,67.8,13.1,16,16.4,60,84,80,86,1,1,43.5,37,89.8,4.27
LAP02679,Acer,macOS,Video,62.7,13.8,8,12.5,60,41,57,35,1,1,41.2,21,96.5,3.84
LAP02680,Acer,Windows,Office,42.5,21.9,16,15.8,120,80,5,51,1,1,32.8,39,85.7,2.66
LAP02681,Apple,Windows,Video,68.0,17.4,8,15.2,75,77,33,32,1,1,35.6,47,88.5,4.18
LAP02682,Lenovo,Linux,Office,59.8,31.0,16,15.4,60,73,96,63,1,0,50.9,48,84.0,2.25
LAP02683,Dell,Linux,Video,57.6,34.7,4,13.3,60,38,73,70,1,1,45.9,28,90.9,2.2
LAP02684,Apple,Windows,Browsing,48.0,16.6,8,14.2,75,89,89,68,1,1,42.6,9,100.0,3.15
LAP02685,Acer,Windows,Gaming,38.5,14.6,8,15.5,144,53,89,95,1,1,48.6,16,94.1,1.21
LAP02686,ASUS,Linux,Office,48.7,35.3,16,14.2,60,98,92,72,1,1,50.3,41,90.2,1.84
LAP02687,Acer,Windows,Office,48.4,13.2,32,12.8,144,63,53,29,1,0,39.9,6,98.5,3.07
LAP02688,ASUS,Windows,Office,67.8,21.6,4,14.6,60,86,63,95,1,1,45.1,42,90.7,3.65
LAP02689,Apple,Linux,Office,30.3,12.9,16,14.7,144,71,17,67,1,1,35.8,34,83.4,1.91
LAP02690,Lenovo,Windows,Gaming,77.1,17.9,32,16.0,165,41,49,88,1,1,43.0,39,88.1,2.24
LAP02691,Acer,Windows,Browsing,77.9,8.0,64,16.6,60,48,50,21,1,0,28.8,2,97.0,8.14
LAP02692,MSI,Linux,Browsing,45.4,40.4,16,15.2,60,33,27,58,1,1,38.2,12,97.6,2.87
LAP02693,ASUS,Windows,Coding,76.0,37.1,8,15.6,60,81,36,7,1,1,31.8,5,99.0,4.14
LAP02694,Lenovo,Windows,Office,39.9,15.3,8,16.5,60,34,76,65,1,1,40.9,16,100.0,2.75
LAP02695,Dell,macOS,Coding,71.9,30.6,8,14.7,75,33,79,36,1,1,43.3,1,98.9,3.51
LAP02696,ASUS,Windows,Coding,42.7,8.0,16,15.8,144,86,17,98,1,1,40.5,38,92.7,2.55
LAP02697,Apple,Linux,Office,70.5,32.5,16,13.0,165,41,57,100,1,0,44.3,59,85.0,2.8
LAP02698,Dell,Linux,Gaming,33.4,14.4,16,14.2,60,26,24,55,1,1,37.0,37,91.5,2.02
LAP02699,Dell,Windows,Office,71.2,39.6,4,17.3,120,26,5,60,1,1,33.5,32,95.3,4.28
LAP02700,HP,Windows,Browsing,74.3,31.1,8,16.4,120,36,61,85,1,1,38.8,41,89.7,3.3
LAP02701,Acer,Windows,Video,33.0,20.6,64,16.2,60,51,70,64,1,0,43.2,22,91.8,1.68
LAP02702,ASUS,Windows,Coding,81.4,20.1,64,13.8,120,98,15,41,1,0,36.9,51,89.2,4.51
LAP02703,Dell,Windows,Office,70.3,26.7,16,12.9,90,96,50,96,1,0,40.4,32,90.0,3.77
LAP02704,HP,Windows,Coding,30.0,13.9,8,13.7,144,75,34,48,1,1,36.4,24,93.3,1.86
LAP02705,Apple,Windows,Browsing,47.7,38.5,32,15.1,60,81,73,67,1,0,43.7,13,96.6,2.34
LAP02706,Lenovo,Windows,Office,70.6,28.7,8,15.7,60,77,11,8,0,0,31.4,34,95.7,6.28
LAP02707,MSI,Windows,Gaming,65.8,36.6,16,17.2,120,77,28,7,1,1,33.9,29,93.6,2.4
LAP02708,MSI,Windows,Browsing,56.7,8.0,8,13.3,60,22,99,57,1,1,46.6,8,93.4,4.38
LAP02709,ASUS,Windows,Office,68.9,25.2,16,14.2,144,99,52,85,1,0,40.1,29,93.7,3.36
LAP02710,Dell,Windows,Video,41.9,28.0,16,17.3,60,20,98,53,1,1,47.4,6,97.2,1.6
LAP02711,MSI,Windows,Gaming,55.7,25.0,32,12.8,60,86,47,84,1,1,41.0,7,99.5,2.42
LAP02712,Acer,Windows,Office,42.3,25.3,16,15.3,60,39,83,47,1,1,45.8,6,100.0,2.46
LAP02713,MSI,Windows,Coding,57.0,21.1,32,12.3,60,81,40,53,1,1,39.5,41,90.2,3.44
LAP02714,MSI,Windows,Coding,70.0,52.1,16,14.5,60,75,78,27,1,1,42.6,26,89.4,1.91
LAP02715,MSI,Windows,Gaming,66.7,27.9,16,17.3,165,72,5,100,1,1,41.5,24,90.4,2.25
LAP02716,HP,Windows,Gaming,58.3,26.5,8,15.8,60,84,11,65,1,1,37.9,46,90.6,2.83
LAP02717,Dell,Windows,Browsing,69.8,36.2,4,16.9,60,75,48,80,1,0,44.4,50,87.6,3.64
LAP02718,Acer,Windows,Office,71.3,18.3,16,15.8,120,97,65,30,1,1,44.8,23,96.7,4.07
LAP02719,Dell,Windows,Office,82.0,9.5,32,15.7,60,64,30,12,1,1,30.9,27,93.8,8.48
LAP02720,ASUS,macOS,Video,72.5,35.9,8,12.7,60,98,34,58,1,0,36.8,33,89.3,3.03
LAP02721,ASUS,Windows,Coding,64.8,21.0,4,17.3,75,37,5,81,1,1,35.5,51,85.2,4.05
LAP02722,ASUS,macOS,Coding,69.0,41.3,8,17.3,60,67,67,87,1,1,48.9,9,94.3,2.68
LAP02723,Apple,Windows,Gaming,58.7,40.6,32,14.0,60,57,19,30,1,0,34.6,60,77.2,1.96
LAP02724,MSI,Windows,Browsing,50.8,8.0,8,17.1,120,41,67,32,0,0,38.4,35,89.6,4.24
LAP02725,Apple,Windows,Browsing,68.0,25.9,8,16.5,60,99,59,52,1,1,38.3,14,93.8,4.03
LAP02726,HP,Windows,Office,66.4,37.9,4,15.9,165,94,61,94,1,0,47.0,60,78.1,1.95
LAP02727,ASUS,Windows,Office,59.4,8.0,8,15.3,60,90,24,90,1,1,41.1,37,92.1,4.62
LAP02728,Acer,Windows,Browsing,52.1,29.4,16,14.9,144,92,26,35,1,1,31.5,2,96.0,3.17
LAP02729,Dell,Windows,Browsing,51.2,32.9,32,17.3,120,20,93,84,1,1,46.1,11,98.3,2.44
LAP02730,MSI,Windows,Coding,48.9,24.3,8,15.2,60,61,54,68,0,1,36.0,32,89.5,2.43
LAP02731,Lenovo,Windows,Gaming,73.8,24.4,8,15.7,60,91,40,74,0,1,43.2,25,95.0,3.12
LAP02732,Acer,Windows,Coding,72.7,39.4,32,17.3,144,94,41,97,1,1,42.8,55,80.9,2.04
LAP02733,MSI,Windows,Coding,72.0,8.0,32,16.6,120,88,50,33,1,1,38.1,40,87.7,4.65
LAP02734,Apple,Windows,Office,39.2,35.0,8,13.3,60,48,31,60,1,1,34.2,54,85.1,2.08
LAP02735,Apple,Linux,Video,49.6,30.5,4,14.2,60,25,23,59,1,1,35.6,40,88.9,2.65
LAP02736,Acer,Windows,Video,51.1,40.6,64,13.8,165,75,87,2,1,1,42.5,5,91.7,1.35
LAP02737,Apple,Windows,Coding,45.9,13.6,16,15.6,60,31,20,5,1,1,31.9,2,99.6,4.12
LAP02738,ASUS,Windows,Browsing,82.9,42.7,32,14.3,60,58,58,19,1,1,36.9,26,96.8,4.33
LAP02739,HP,Linux,Browsing,61.0,8.3,8,14.5,165,90,89,3,1,1,45.9,40,90.1,4.69
LAP02740,Dell,Windows,Browsing,59.9,21.0,16,14.7,60,31,99,100,1,0,45.0,13,93.8,3.8
LAP02741,HP,Windows,Coding,48.0,11.0,16,15.5,75,52,38,52,0,0,36.8,48,81.9,3.25
LAP02742,MSI,Windows,Video,67.9,33.7,32,14.6,120,72,83,70,1,0,43.0,48,84.8,2.03
LAP02743,Dell,Windows,Gaming,87.9,15.9,64,16.4,144,38,55,61,1,1,43.1,49,90.2,3.08
LAP02744,Dell,Windows,Office,56.2,38.6,8,13.5,60,77,40,80,1,1,42.0,10,99.0,2.7
LAP02745,HP,Windows,Video,51.5,8.0,16,12.9,165,62,57,37,1,1,39.5,51,86.8,2.81
LAP02746,Acer,Linux,Gaming,53.6,19.7,8,14.1,165,92,94,35,1,1,40.7,50,85.3,1.63
LAP02747,Dell,Windows,Office,50.2,46.4,16,13.6,60,64,98,33,1,1,45.2,16,95.5,1.8
LAP02748,HP,Windows,Office,55.0,15.9,16,15.1,75,38,66,5,1,1,32.7,54,82.5,3.41
LAP02749,Dell,Windows,Gaming,45.8,37.7,32,14.4,144,56,35,65,1,1,38.3,59,85.3,1.32
LAP02750,Lenovo,Windows,Office,41.7,33.4,8,13.2,75,30,93,17,1,1,40.8,45,87.6,1.76
LAP02751,Acer,Windows,Gaming,54.7,9.3,8,13.2,75,75,8,26,1,0,35.7,47,88.5,3.76
LAP02752,ASUS,Windows,Gaming,56.2,27.5,4,15.3,120,44,16,38,1,1,36.7,51,85.0,2.18
LAP02753,Dell,Windows,Coding,50.9,43.3,8,16.3,144,88,57,50,1,1,42.5,15,97.8,1.57
LAP02754,Lenovo,Windows,Video,76.9,20.1,8,14.0,120,64,65,18,1,1,39.7,59,82.5,3.19
LAP02755,ASUS,Windows,Video,61.2,16.7,32,14.9,120,81,23,95,1,1,44.1,42,86.5,3.05
LAP02756,ASUS,Windows,Coding,66.1,28.9,16,14.1,60,33,60,87,1,0,46.5,0,98.6,3.14
LAP02757,MSI,Windows,Office,66.5,22.4,16,14.8,120,96,13,33,1,1,31.0,47,88.0,4.28
LAP02758,Dell,Windows,Browsing,56.6,8.0,32,17.3,60,53,29,88,1,0,39.2,53,81.8,4.94
LAP02759,HP,macOS,Office,58.3,22.3,32,17.3,60,79,58,23,1,1,40.7,5,98.1,3.94
LAP02760,Dell,Windows,Coding,42.1,19.2,16,14.4,60,83,51,24,1,1,38.7,14,93.5,2.79
LAP02761,Lenovo,Windows,Browsing,64.8,23.4,8,14.3,90,89,45,75,0,1,41.3,32,85.9,3.86
LAP02762,ASUS,macOS,Browsing,50.0,8.0,8,15.6,60,70,55,93,1,1,45.1,6,94.1,4.02
LAP02763,Dell,Windows,Browsing,45.4,29.4,16,15.2,75,61,54,69,1,0,36.3,7,98.9,2.77
LAP02764,HP,macOS,Video,74.5,8.0,16,16.0,144,40,11,29,1,1,34.8,52,82.4,4.22
LAP02765,MSI,Windows,Gaming,35.0,34.0,16,14.8,60,24,31,96,1,1,44.8,41,82.6,1.2
LAP02766,Dell,Windows,Gaming,80.8,37.9,16,14.7,60,85,52,78,1,1,44.7,58,78.7,2.1
LAP02767,Acer,Windows,Office,79.6,8.0,32,15.6,60,89,59,92,1,1,52.4,29,94.8,5.49
LAP02768,MSI,Linux,Gaming,51.7,40.5,16,15.3,165,80,67,53,0,1,43.7,6,99.4,1.52
LAP02769,HP,Windows,Video,81.8,23.6,64,14.3,144,27,10,77,1,1,36.9,39,86.6,4.06
LAP02770,Lenovo,macOS,Coding,41.7,37.9,32,15.2,60,85,39,24,1,0,41.2,60,80.3,1.87
LAP02771,ASUS,Windows,Coding,69.9,36.2,8,15.2,165,81,36,4,1,1,32.0,44,86.1,2.83
LAP02772,Dell,Linux,Browsing,55.3,8.0,4,11.6,60,39,82,1,1,1,38.5,13,95.7,6.49
LAP02773,HP,Windows,Gaming,30.0,14.8,8,14.9,120,23,10,79,1,1,37.3,60,79.2,1.25
LAP02774,MSI,Windows,Office,45.5,44.4,16,16.3,90,34,67,62,1,0,40.5,54,85.5,1.58
LAP02775,Acer,macOS,Office,52.4,10.1,16,14.4,60,75,22,53,1,1,38.9,2,98.2,4.84
LAP02776,HP,macOS,Coding,66.7,29.3,8,14.0,60,39,35,37,1,1,39.8,25,92.5,4.51
LAP02777,Apple,Windows,Office,47.8,15.9,32,14.0,144,43,56,16,1,1,36.5,43,90.5,2.96
LAP02778,Acer,Windows,Office,50.9,14.2,8,15.5,60,28,20,30,1,1,35.8,57,82.7,4.08
LAP02779,MSI,Windows,Coding,63.1,24.8,32,13.6,75,40,60,0,1,0,38.1,33,92.7,3.69
LAP02780,Lenovo,Windows,Browsing,62.3,51.3,16,15.3,120,60,71,5,1,1,40.0,29,88.6,2.1
LAP02781,ASUS,Windows,Video,53.6,34.2,4,15.2,60,32,99,94,1,1,48.6,29,94.0,1.85
LAP02782,MSI,Windows,Coding,50.5,12.4,8,13.1,144,24,66,69,1,0,41.3,56,86.7,2.57
LAP02783,Lenovo,Windows,Coding,69.1,27.3,8,16.3,60,83,85,35,1,1,47.2,28,92.6,3.06
LAP02784,Dell,Windows,Coding,50.4,8.0,4,16.8,60,65,56,7,1,1,35.0,36,86.7,4.14
LAP02785,HP,Windows,Coding,37.2,8.0,16,15.4,144,97,9,92,1,1,37.4,43,88.7,2.1
LAP02786,Apple,Windows,Coding,49.1,27.0,8,15.1,165,90,57,72,1,0,45.6,24,93.3,1.94
LAP02787,Acer,Windows,Coding,63.2,33.6,32,14.3,144,89,84,85,1,0,46.8,3,97.7,2.18
LAP02788,Acer,Windows,Video,52.8,43.7,8,14.4,60,78,21,9,1,1,40.0,58,84.6,2.36
LAP02789,HP,Windows,Video,47.5,29.5,4,14.4,240,95,35,23,1,0,33.2,0,100.0,1.75
LAP02790,Apple,Windows,Gaming,36.2,25.1,16,16.0,60,70,20,62,1,1,35.0,7,98.2,1.8
LAP02791,HP,Windows,Browsing,52.8,20.9,16,15.8,60,35,61,39,0,1,39.7,52,85.9,4.09
LAP02792,Dell,Linux,Office,58.4,31.3,16,12.2,144,70,25,1,1,1,35.7,51,86.8,3.2
LAP02793,Lenovo,Windows,Gaming,39.9,10.4,8,12.9,60,61,45,19,0,1,37.1,56,84.5,2.44
LAP02794,MSI,macOS,Office,52.2,16.9,4,13.8,90,30,43,80,1,1,43.2,56,84.5,3.09
LAP02795,Acer,Windows,Browsing,38.6,10.8,8,14.3,165,87,41,32,1,1,42.3,1,100.0,3.11
LAP02796,Dell,Linux,Coding,53.1,18.7,16,15.6,60,71,45,13,1,0,30.0,16,96.0,3.89
LAP02797,Lenovo,Windows,Browsing,80.9,16.3,4,14.2,90,92,57,95,1,1,39.4,55,83.2,4.98
LAP02798,Dell,Windows,Browsing,57.6,15.5,16,15.6,60,29,78,53,1,0,41.7,40,85.6,4.04
LAP02799,Apple,Windows,Gaming,31.3,17.3,32,17.2,144,91,36,54,1,1,38.2,60,84.6,1.11
LAP02800,Acer,Windows,Coding,60.0,27.5,8,14.2,90,82,29,36,1,1,32.4,58,81.0,2.8
LAP02801,MSI,Windows,Office,74.7,40.2,32,13.7,60,55,57,87,1,1,47.7,51,84.6,2.95
LAP02802,HP,Windows,Gaming,34.2,28.5,8,13.4,60,64,68,83,1,1,45.2,42,91.7,1.24
LAP02803,HP,Windows,Gaming,39.3,18.1,16,13.6,75,25,37,5,1,1,38.7,48,85.3,2.14
LAP02804,Lenovo,Windows,Office,58.9,30.3,32,15.8,120,25,42,32,1,1,37.3,22,93.0,2.9
LAP02805,MSI,Windows,Office,53.7,26.3,8,16.1,75,85,96,49,0,1,45.1,20,92.9,2.36
LAP02806,ASUS,macOS,Video,73.2,27.0,32,15.9,60,92,83,91,1,1,44.1,28,93.7,2.77
LAP02807,Apple,Windows,Video,52.3,24.7,8,13.5,120,83,12,74,1,1,37.3,4,100.0,3.19
LAP02808,Lenovo,Windows,Coding,67.4,45.7,8,14.5,60,57,5,99,1,0,42.0,31,95.8,3.51
LAP02809,ASUS,Windows,Gaming,77.9,26.2,16,14.5,144,88,78,83,0,1,47.7,20,93.7,2.38
LAP02810,Dell,Linux,Coding,42.0,18.3,64,17.3,60,80,63,69,0,1,45.0,57,81.8,1.97
LAP02811,Apple,Windows,Office,66.2,15.7,32,15.4,120,97,39,71,1,1,39.0,8,96.3,3.92
LAP02812,Dell,Windows,Coding,49.0,35.8,8,15.2,60,93,20,82,1,1,36.2,6,96.7,2.63
LAP02813,MSI,Windows,Office,30.0,10.8,16,15.4,120,82,18,78,1,0,36.6,17,91.4,2.01
LAP02814,Acer,Windows,Video,62.1,41.3,8,14.4,144,90,9,85,1,1,39.3,14,94.9,2.53
LAP02815,Apple,Windows,Coding,64.0,8.0,16,15.6,120,39,84,50,1,0,40.9,57,84.5,3.62
LAP02816,ASUS,Linux,Browsing,31.8,39.7,16,14.3,120,94,25,65,1,1,37.5,24,88.6,1.61
LAP02817,Acer,Linux,Coding,48.2,34.6,8,17.0,144,96,62,60,1,0,39.9,47,88.0,1.46
LAP02818,HP,Windows,Office,45.7,19.7,16,13.8,75,83,61,27,1,1,36.6,15,97.5,3.17
LAP02819,ASUS,Linux,Office,67.1,16.0,32,15.3,60,100,15,99,1,1,42.3,60,80.1,4.47
LAP02820,Lenovo,Windows,Coding,31.8,39.8,16,15.9,144,56,75,99,1,1,47.1,19,99.2,1.08
LAP02821,HP,Windows,Office,56.6,46.6,32,14.9,120,55,12,43,1,1,38.0,44,90.1,2.65
LAP02822,HP,Windows,Video,30.0,17.6,8,15.2,60,29,85,81,1,1,45.6,36,91.6,1.46
LAP02823,Lenovo,Windows,Browsing,60.7,32.0,64,14.7,60,53,98,11,1,1,45.7,33,93.6,3.1
LAP02824,Apple,Windows,Coding,56.9,36.8,8,13.7,75,64,18,82,1,0,40.8,50,85.7,2.69
LAP02825,HP,Windows,Video,47.3,32.2,16,17.3,60,82,53,56,1,1,38.5,4,94.0,1.97
LAP02826,MSI,Windows,Coding,76.4,25.7,16,14.5,144,32,37,25,1,0,39.5,32,91.8,3.85
LAP02827,ASUS,Windows,Office,30.0,20.3,16,13.2,144,44,28,24,1,1,33.0,0,100.0,2.32
LAP02828,Acer,Windows,Gaming,54.7,28.3,8,14.0,60,63,75,91,1,1,50.3,47,90.5,1.97
LAP02829,HP,Linux,Office,73.0,8.0,8,16.9,60,93,42,14,1,1,40.6,48,85.4,5.46
LAP02830,ASUS,Windows,Browsing,56.9,41.1,16,17.3,60,43,83,73,1,0,46.7,6,98.4,2.93
LAP02831,Dell,Windows,Office,75.5,8.0,8,15.5,60,88,54,97,1,1,43.9,41,86.3,5.05
LAP02832,ASUS,Linux,Browsing,48.2,14.9,16,16.1,60,93,93,76,0,1,44.1,59,82.7,3.17
LAP02833,Acer,Windows,Gaming,52.5,21.0,8,17.3,144,66,68,79,1,1,51.0,3,100.0,1.88
LAP02834,ASUS,Windows,Browsing,73.5,13.0,8,13.7,60,69,85,52,1,0,40.2,3,100.0,5.93
LAP02835,Lenovo,Windows,Video,68.4,11.5,8,15.5,60,55,6,94,1,1,34.1,44,89.9,4.79
LAP02836,Acer,macOS,Video,91.0,41.9,4,17.3,60,52,43,64,1,1,38.1,12,96.5,3.64
LAP02837,Apple,Windows,Browsing,56.5,46.6,32,16.2,144,22,78,53,1,1,44.9,58,87.8,1.97
LAP02838,Dell,Windows,Coding,58.0,43.6,16,14.6,144,50,18,86,1,1,31.8,34,94.0,2.53
LAP02839,Lenovo,Windows,Browsing,48.1,35.0,16,15.5,60,79,16,77,1,1,35.5,42,88.6,3.43
LAP02840,Apple,Windows,Office,51.9,54.6,8,17.3,60,48,85,38,1,1,42.8,17,96.3,1.67
LAP02841,ASUS,macOS,Browsing,71.2,21.8,8,15.2,165,63,82,93,1,1,52.5,51,84.6,3.03
LAP02842,Acer,Windows,Gaming,55.0,20.7,16,13.7,60,64,55,50,1,0,39.6,60,83.8,2.44
LAP02843,Dell,Windows,Gaming,42.9,25.1,8,15.9,144,61,14,19,1,0,32.5,42,89.3,1.84
LAP02844,Lenovo,Windows,Browsing,49.4,42.1,32,13.7,75,40,48,63,1,1,44.7,49,85.3,2.46
LAP02845,Apple,Linux,Browsing,53.6,32.0,64,14.0,144,51,44,88,1,0,41.7,45,87.2,2.53
LAP02846,Apple,Windows,Video,43.9,45.7,32,14.3,75,47,97,10,1,1,38.0,10,96.8,1.17
LAP02847,Dell,macOS,Office,48.1,25.8,16,15.0,165,66,64,89,1,1,46.1,12,100.0,2.11
LAP02848,MSI,Windows,Gaming,40.0,8.0,16,13.8,144,66,74,51,1,1,37.5,42,89.2,1.67
LAP02849,ASUS,Windows,Coding,48.7,16.9,32,15.6,60,36,35,84,1,1,41.1,30,92.1,3.33
LAP02850,Dell,Windows,Office,72.5,37.3,16,14.5,60,48,41,53,0,0,41.9,38,88.2,4.19
LAP02851,Apple,Linux,Video,55.7,19.1,16,16.1,60,67,77,68,1,1,43.4,41,84.9,2.38
LAP02852,HP,Linux,Office,91.9,26.1,16,15.1,165,21,62,6,1,0,36.3,5,100.0,5.22
LAP02853,Lenovo,Windows,Gaming,43.5,28.0,16,14.8,60,52,47,11,1,1,39.6,37,91.5,2.01
LAP02854,Dell,Windows,Gaming,62.3,46.7,16,14.8,60,82,75,1,1,1,38.7,49,83.4,1.49
LAP02855,MSI,Linux,Browsing,58.3,35.6,16,17.0,75,87,42,20,1,1,35.2,10,97.6,3.38
LAP02856,Apple,Windows,Browsing,64.8,33.2,16,16.2,90,58,12,95,1,1,39.5,20,93.7,4.74
LAP02857,ASUS,Windows,Gaming,45.9,26.9,16,13.0,60,24,38,68,1,1,44.7,25,95.8,2.12
LAP02858,Apple,Windows,Gaming,49.5,15.0,8,14.3,90,87,21,90,1,1,37.8,14,97.5,2.53
LAP02859,ASUS,Windows,Browsing,61.1,27.9,16,15.1,165,71,21,94,1,1,39.8,23,94.2,3.38
LAP02860,Dell,Windows,Video,47.4,51.1,8,12.0,120,71,98,75,1,1,41.7,59,79.0,1.0
LAP02861,ASUS,Windows,Office,30.0,31.2,32,15.6,75,48,86,35,1,1,46.7,17,93.2,1.21
LAP02862,Acer,Windows,Office,74.7,18.4,8,13.8,60,56,57,20,1,1,36.0,7,99.3,5.93
LAP02863,Acer,Linux,Gaming,68.3,20.0,8,14.0,60,27,19,52,1,0,37.3,40,89.3,3.7
LAP02864,Acer,Windows,Browsing,48.7,42.0,16,14.0,75,39,68,18,1,0,44.5,34,90.5,2.71
LAP02865,MSI,Linux,Gaming,58.3,18.6,16,16.8,75,60,61,2,0,0,37.9,27,93.4,2.74
LAP02866,MSI,Windows,Browsing,70.1,22.6,8,15.9,75,89,24,59,1,1,41.6,28,92.3,4.81
LAP02867,HP,Windows,Coding,75.2,11.3,8,14.4,75,55,65,80,0,1,47.4,46,82.3,4.69
LAP02868,MSI,Windows,Browsing,56.6,21.7,32,14.2,60,51,29,93,1,0,42.1,51,83.1,4.38
LAP02869,Dell,Linux,Coding,46.2,30.7,8,15.2,120,24,82,99,1,1,41.0,45,87.7,1.57
LAP02870,Apple,Windows,Coding,77.0,21.4,4,17.2,60,39,31,72,1,0,32.2,55,81.5,4.46
LAP02871,Apple,Linux,Browsing,56.4,25.3,16,14.6,144,87,51,33,1,1,42.6,1,100.0,3.02
LAP02872,HP,Windows,Coding,52.8,11.2,16,12.4,60,41,32,28,1,0,37.2,17,93.0,4.59
LAP02873,MSI,Windows,Office,58.9,18.3,16,15.2,60,50,10,73,1,1,38.0,0,100.0,4.86
LAP02874,ASUS,macOS,Browsing,72.3,50.6,16,15.4,60,60,45,56,1,1,38.5,59,88.3,2.92
LAP02875,HP,Windows,Video,54.4,23.4,32,15.5,120,24,63,72,1,1,42.1,1,99.5,2.41
LAP02876,ASUS,Windows,Office,69.8,29.4,32,14.9,75,29,99,39,1,1,44.4,44,87.5,2.47
LAP02877,ASUS,macOS,Coding,51.9,15.4,16,15.2,60,94,82,49,0,0,42.4,44,85.9,2.73
LAP02878,Lenovo,Windows,Coding,64.1,25.6,8,13.6,75,56,65,74,0,1,44.8,13,94.5,3.16
LAP02879,Apple,Windows,Coding,40.8,21.8,16,16.5,60,75,84,18,1,1,43.6,27,88.8,1.86
LAP02880,Acer,macOS,Browsing,71.0,38.2,16,14.3,144,43,53,21,1,1,35.2,43,88.0,3.33
LAP02881,MSI,Windows,Office,44.9,37.6,16,14.6,60,35,9,50,1,1,37.5,56,84.3,2.93
LAP02882,ASUS,Linux,Office,61.9,38.9,8,15.6,144,21,100,48,1,0,46.2,59,80.6,1.84
LAP02883,Lenovo,Windows,Video,32.7,26.0,16,15.3,120,34,15,51,0,1,35.6,20,97.4,1.98
LAP02884,Apple,Linux,Video,55.4,49.5,32,17.2,60,60,90,21,1,1,43.2,19,95.0,1.61
LAP02885,Acer,Windows,Coding,57.8,34.6,8,16.8,165,82,44,61,1,1,37.0,33,92.6,2.11
LAP02886,ASUS,macOS,Browsing,44.8,8.0,16,14.3,60,68,96,59,1,1,44.3,33,93.3,3.99
LAP02887,ASUS,Windows,Browsing,53.4,43.5,16,17.3,60,45,74,79,1,0,38.2,45,86.2,2.18
LAP02888,HP,Windows,Browsing,58.9,24.9,8,16.3,60,85,43,80,1,1,42.6,53,87.3,3.67
LAP02889,HP,Windows,Browsing,63.4,38.7,16,15.2,120,48,74,6,1,1,39.3,38,90.7,2.67
LAP02890,Apple,Windows,Office,56.5,12.4,8,14.1,165,89,24,52,1,1,36.6,3,99.1,3.67
LAP02891,Acer,Linux,Browsing,75.0,24.1,16,14.9,90,79,8,30,1,0,32.8,42,87.4,5.74
LAP02892,ASUS,Linux,Browsing,72.4,34.0,16,12.3,144,84,93,3,1,1,42.6,27,89.3,3.05
LAP02893,Apple,Windows,Browsing,54.5,27.9,16,15.8,165,59,17,92,1,1,37.4,38,87.1,2.87
LAP02894,Apple,Linux,Browsing,35.0,23.2,8,13.2,75,30,53,6,1,1,37.6,0,98.0,2.67
LAP02895,Dell,Windows,Browsing,47.7,8.0,8,15.7,75,71,80,93,1,0,50.2,44,89.9,3.6
LAP02896,MSI,Windows,Browsing,30.0,16.1,16,14.3,60,98,13,2,1,1,28.0,7,93.3,2.89
LAP02897,HP,Windows,Office,52.3,13.3,8,15.2,90,92,63,24,1,0,38.7,60,84.0,3.48
LAP02898,Acer,Windows,Coding,76.0,8.0,4,14.1,60,83,7,33,1,1,31.0,59,85.4,6.41
LAP02899,ASUS,Windows,Browsing,66.9,16.5,16,14.0,120,100,100,32,1,0,47.9,15,97.7,3.95
LAP02900,Apple,Linux,Office,56.3,47.3,16,16.0,165,22,15,94,1,1,40.5,50,91.3,2.56
LAP02901,ASUS,Windows,Office,44.1,38.9,16,14.1,144,30,9,87,1,1,40.2,47,85.7,2.12
LAP02902,Dell,Windows,Browsing,56.8,15.0,64,13.7,120,47,39,37,1,1,39.8,44,92.1,4.0
LAP02903,Acer,Windows,Browsing,87.0,17.9,8,13.5,144,81,28,3,1,1,38.7,30,95.2,7.05
LAP02904,Apple,Linux,Office,77.3,18.0,8,16.2,120,67,74,47,1,0,43.6,6,93.9,4.06
LAP02905,ASUS,Windows,Coding,52.7,34.1,16,13.4,75,47,86,73,1,1,43.6,54,81.2,1.66
LAP02906,HP,Windows,Browsing,32.8,29.9,16,15.0,75,65,10,88,1,1,39.6,50,89.0,2.33
LAP02907,MSI,Windows,Browsing,88.1,16.5,8,17.3,60,83,90,100,1,1,47.5,4,100.0,6.23
LAP02908,Dell,Linux,Gaming,44.1,17.8,8,14.0,60,74,46,60,0,1,41.5,1,97.6,2.41
LAP02909,Acer,Windows,Office,63.0,38.0,8,13.9,75,21,47,64,1,1,40.8,40,92.9,2.9
LAP02910,Dell,Linux,Browsing,31.6,43.3,16,16.5,75,94,18,80,1,1,36.0,47,88.1,1.83
LAP02911,HP,Windows,Gaming,50.2,14.2,8,13.3,144,35,80,70,1,0,44.5,52,86.2,1.79
LAP02912,Acer,Linux,Video,31.6,23.6,32,16.5,60,30,29,77,1,1,34.5,3,100.0,2.11
LAP02913,Dell,Windows,Office,37.6,26.5,16,14.5,144,22,88,60,0,1,44.3,9,100.0,1.77
LAP02914,Lenovo,Windows,Office,41.1,22.7,8,16.3,144,74,22,0,1,0,32.1,34,95.3,2.25
LAP02915,HP,Windows,Browsing,62.2,38.6,8,15.6,165,61,28,5,1,0,29.9,0,98.9,3.65
LAP02916,HP,Windows,Browsing,53.6,23.2,4,15.8,60,48,67,73,1,1,42.5,38,90.9,3.68
LAP02917,HP,Windows,Coding,95.7,47.9,16,14.4,60,88,83,20,1,0,47.3,2,100.0,3.58
LAP02918,Lenovo,macOS,Browsing,72.0,39.4,16,14.5,144,50,99,66,0,1,48.7,42,86.2,2.72
LAP02919,Lenovo,macOS,Office,72.3,16.8,4,14.3,90,96,5,82,1,1,33.2,44,85.7,4.59
LAP02920,ASUS,Linux,Gaming,62.6,25.8,16,16.9,120,44,19,27,1,0,33.2,25,92.2,2.86
LAP02921,Apple,Windows,Gaming,59.1,13.3,16,15.0,240,25,58,65,1,1,39.1,16,92.1,1.84
LAP02922,MSI,Windows,Browsing,72.8,20.3,8,17.3,60,79,38,26,1,1,39.2,57,81.7,5.12
LAP02923,Dell,Windows,Coding,30.0,35.4,16,15.3,60,86,56,31,1,1,36.7,41,87.4,1.15
LAP02924,ASUS,Windows,Office,45.7,27.9,8,14.7,60,41,6,11,1,1,30.1,7,99.9,4.09
LAP02925,Dell,macOS,Gaming,34.6,50.4,8,14.7,144,60,40,64,0,0,42.8,29,89.5,1.0
LAP02926,MSI,Windows,Office,30.0,10.3,16,14.0,60,72,27,45,1,1,37.8,7,98.6,3.03
LAP02927,Apple,macOS,Browsing,43.5,24.6,8,15.3,60,79,28,39,1,1,36.0,28,94.6,3.62
LAP02928,Lenovo,Windows,Browsing,37.8,18.9,16,14.9,60,58,36,92,1,0,41.8,50,85.4,2.79
LAP02929,Apple,Linux,Office,72.9,21.2,32,14.1,144,74,55,8,1,0,35.1,57,83.9,3.4
LAP02930,Lenovo,Windows,Office,56.4,25.5,4,14.9,120,49,50,81,1,1,47.1,50,85.4,2.57
LAP02931,MSI,Linux,Video,30.0,16.9,8,14.3,60,90,17,61,1,1,33.8,17,94.8,1.9
LAP02932,Apple,Windows,Coding,59.7,36.5,16,15.4,60,21,18,99,1,1,41.3,23,95.9,3.58
LAP02933,ASUS,Windows,Office,39.8,46.0,8,16.0,60,27,21,15,1,1,35.5,8,100.0,2.74
LAP02934,Acer,Linux,Office,55.9,8.0,8,14.1,144,82,20,98,1,0,45.1,19,92.7,3.99
LAP02935,ASUS,Windows,Browsing,60.9,41.7,16,14.4,60,78,36,99,1,1,41.7,51,85.9,2.92
LAP02936,Dell,Windows,Gaming,43.7,55.2,32,13.7,75,47,83,67,1,1,42.2,43,91.9,1.0
LAP02937,ASUS,Windows,Gaming,58.3,27.3,8,16.6,90,93,99,39,1,0,46.1,12,99.0,1.63
LAP02938,MSI,Windows,Gaming,61.0,17.7,32,12.5,165,57,16,34,1,1,32.0,36,93.8,3.08
LAP02939,HP,Windows,Gaming,52.5,18.1,16,14.1,60,37,7,82,1,1,35.2,18,94.1,3.04
LAP02940,Dell,Windows,Browsing,44.2,21.3,16,16.0,60,81,79,59,1,1,40.2,4,97.9,2.73
LAP02941,Apple,Windows,Browsing,55.0,30.2,16,14.1,60,96,57,69,1,1,39.9,35,93.5,3.48
LAP02942,Dell,Windows,Coding,52.9,19.9,4,14.1,75,42,47,94,1,1,42.5,23,96.1,3.32
LAP02943,Acer,Windows,Gaming,59.7,24.0,8,15.9,120,84,9,90,1,1,35.1,52,84.7,2.25
LAP02944,Lenovo,Windows,Browsing,51.0,13.5,8,11.8,75,59,51,2,1,0,34.6,54,86.4,4.58
LAP02945,Apple,Linux,Browsing,37.1,19.5,4,15.0,144,79,31,52,1,1,39.9,51,88.9,2.27
LAP02946,Dell,Linux,Video,52.5,20.1,64,14.2,90,24,56,99,1,1,45.5,33,88.9,2.42
LAP02947,Apple,Windows,Browsing,59.9,24.6,16,14.3,60,37,60,58,1,1,44.3,46,87.6,4.1
LAP02948,Apple,Windows,Office,57.8,8.0,16,16.5,144,57,84,35,1,0,45.1,7,100.0,4.02
LAP02949,Apple,Windows,Coding,53.3,21.0,16,15.0,60,48,84,65,1,0,45.8,45,87.9,2.68
LAP02950,Lenovo,Windows,Browsing,47.7,22.4,64,13.4,75,45,84,36,1,1,42.0,3,93.7,3.18
LAP02951,MSI,Windows,Browsing,46.9,27.2,32,12.9,240,79,90,78,1,1,47.0,43,87.1,1.62
LAP02952,ASUS,Windows,Video,48.5,41.8,16,14.9,144,55,72,100,1,1,44.5,56,84.1,1.27
LAP02953,Apple,Windows,Coding,71.1,23.8,8,13.1,144,48,100,86,1,1,45.6,37,88.9,2.5
LAP02954,HP,Windows,Gaming,40.8,10.4,4,16.7,90,50,95,43,1,0,47.4,7,99.5,1.73
LAP02955,MSI,Windows,Office,56.4,26.6,8,13.5,60,82,19,63,1,0,39.5,8,99.6,3.79
LAP02956,Acer,Windows,Browsing,36.1,16.5,4,15.0,240,32,23,50,1,1,37.8,40,93.0,1.94
LAP02957,Lenovo,Windows,Video,66.5,16.2,4,12.3,60,90,30,5,1,1,33.4,47,89.8,4.72
LAP02958,Dell,Windows,Coding,47.0,21.4,32,12.3,144,59,83,96,1,1,48.4,40,85.7,1.82
LAP02959,Lenovo,Windows,Browsing,42.6,18.8,32,14.7,165,89,49,68,1,1,44.0,54,85.6,2.25
LAP02960,Dell,macOS,Video,58.2,12.2,16,17.3,144,21,14,20,0,1,29.6,30,89.2,3.82
LAP02961,Lenovo,Windows,Browsing,30.0,19.2,16,14.2,60,27,30,56,1,1,37.6,30,97.1,2.54
LAP02962,Dell,Windows,Office,35.5,30.5,16,16.0,144,93,12,27,1,0,37.2,59,83.9,1.83
LAP02963,Apple,Windows,Browsing,60.4,25.5,8,14.3,120,62,84,84,1,1,47.2,50,80.9,2.62
LAP02964,ASUS,Windows,Office,70.2,13.1,32,16.4,120,68,97,23,1,1,45.8,39,89.4,3.64
LAP02965,Dell,Windows,Office,61.8,14.7,8,14.9,144,41,36,91,1,1,46.7,6,97.3,3.82
LAP02966,Dell,Windows,Coding,57.1,26.5,16,13.3,75,93,25,74,1,1,42.6,24,95.5,3.02
LAP02967,HP,Linux,Video,91.2,13.2,8,14.7,60,54,100,62,1,0,43.2,12,97.7,5.63
LAP02968,Dell,Windows,Gaming,62.4,14.2,32,12.5,90,38,49,21,1,0,40.9,4,99.6,3.58
LAP02969,HP,Windows,Browsing,39.3,18.1,16,13.8,60,23,59,33,1,1,40.9,60,84.2,3.25
LAP02970,Acer,Windows,Browsing,70.4,13.3,16,15.5,120,38,16,36,1,1,38.1,51,87.6,5.55
LAP02971,Apple,Windows,Browsing,45.4,26.2,8,14.1,75,39,52,40,1,1,31.6,17,94.5,3.26
LAP02972,HP,macOS,Browsing,44.4,21.3,8,14.4,75,23,63,80,1,1,46.1,6,100.0,3.14
LAP02973,ASUS,Windows,Coding,34.3,41.9,16,16.3,60,68,78,78,0,1,46.6,37,84.9,1.09
LAP02974,MSI,Windows,Video,48.8,11.1,8,14.3,60,45,74,92,1,0,47.5,53,86.1,2.63
LAP02975,Apple,Linux,Video,36.6,38.8,32,15.7,120,22,41,97,1,0,39.4,41,91.4,1.33
LAP02976,HP,Linux,Browsing,63.4,27.8,32,14.2,120,71,86,42,1,1,44.5,14,97.4,3.27
LAP02977,Apple,Windows,Office,53.1,42.9,16,16.3,75,55,35,21,1,0,37.8,55,87.3,2.47
LAP02978,Apple,Windows,Office,34.6,41.3,8,16.8,144,60,7,90,1,0,42.7,48,89.0,1.66
LAP02979,Apple,Windows,Browsing,53.8,19.9,16,12.2,90,89,73,14,1,0,41.4,44,88.3,3.39
LAP02980,Acer,Windows,Coding,69.9,8.1,8,13.6,144,70,63,20,1,1,40.9,32,88.9,4.8
LAP02981,ASUS,Linux,Gaming,79.3,23.2,4,14.7,60,35,37,51,1,1,38.6,51,82.7,3.37
LAP02982,Lenovo,Windows,Office,30.0,8.0,4,14.0,60,66,40,3,1,1,31.1,30,90.4,3.24
LAP02983,Lenovo,Windows,Video,43.3,32.9,4,16.2,60,99,78,46,1,1,45.3,55,86.8,1.43
LAP02984,HP,Windows,Coding,35.7,26.8,16,15.3,60,65,7,17,1,0,32.3,52,85.7,2.57
LAP02985,Apple,Windows,Browsing,60.3,17.8,8,13.7,165,74,79,70,1,1,49.2,8,100.0,3.22
LAP02986,HP,Windows,Coding,33.9,19.6,16,17.0,240,58,7,79,1,1,35.0,18,94.7,1.4
LAP02987,Acer,macOS,Office,70.9,12.7,16,17.0,144,25,96,34,1,1,46.0,59,82.3,3.43
LAP02988,Acer,Windows,Browsing,73.1,24.6,16,13.1,60,80,63,75,1,0,43.0,5,96.0,5.26
LAP02989,Dell,Windows,Coding,67.3,13.1,8,14.2,60,28,58,6,1,1,41.4,53,84.6,4.81
LAP02990,Acer,macOS,Gaming,44.2,24.6,32,16.2,144,30,32,40,1,1,35.2,35,91.1,1.79
LAP02991,Dell,Windows,Office,45.2,29.2,16,16.3,75,84,13,9,1,1,32.8,31,90.7,3.26
LAP02992,ASUS,Linux,Office,48.2,32.8,8,17.0,165,78,30,61,1,1,38.0,27,93.6,2.37
LAP02993,HP,Windows,Gaming,71.6,30.3,16,17.3,60,89,33,64,1,1,42.7,58,84.5,2.59
LAP02994,MSI,Windows,Video,30.0,21.4,8,15.6,60,26,14,11,1,1,34.0,49,84.3,2.27
LAP02995,ASUS,Windows,Video,60.8,30.3,8,16.8,240,80,31,90,1,1,35.5,37,88.5,1.75
LAP02996,Acer,Linux,Browsing,41.0,26.6,64,17.3,240,76,67,27,1,1,37.3,9,98.0,1.67
LAP02997,ASUS,Windows,Gaming,48.7,26.5,8,15.0,144,53,66,57,0,1,35.5,34,91.0,1.44
LAP02998,ASUS,Windows,Browsing,66.0,12.7,16,13.9,60,64,100,55,1,1,48.4,45,88.9,5.36
LAP02999,ASUS,Linux,Coding,32.3,10.0,8,15.4,144,64,22,17,1,1,28.0,23,90.3,2.11
LAP03000,Acer,Windows,Browsing,50.8,28.1,32,17.2,60,34,57,64,1,1,43.6,33,88.1,2.88
LAP03001,MSI,Windows,Coding,53.1,30.8,8,17.3,60,28,86,56,1,0,43.9,50,83.1,2.09
LAP03002,Apple,Windows,Office,54.4,17.5,8,15.2,90,65,90,49,1,1,48.4,8,98.1,3.29
LAP03003,ASUS,Windows,Office,53.5,39.1,16,14.8,144,65,21,86,1,1,36.6,26,91.9,2.81
LAP03004,Dell,Windows,Office,63.3,51.6,16,13.2,60,55,53,80,1,1,41.3,33,89.9,2.19
LAP03005,Acer,Windows,Browsing,48.2,46.0,16,15.1,90,65,93,44,0,1,45.1,14,94.9,1.8
LAP03006,ASUS,macOS,Coding,60.5,21.8,16,13.4,90,61,30,61,1,1,35.2,26,95.3,3.6
LAP03007,MSI,Windows,Gaming,59.9,19.8,8,13.6,90,49,9,64,1,0,36.0,26,88.0,2.74
LAP03008,Apple,Windows,Gaming,59.3,34.4,16,15.3,60,30,77,54,1,1,40.7,31,97.3,2.04
LAP03009,Acer,Linux,Browsing,62.9,33.1,16,13.2,60,52,48,37,1,0,40.4,44,90.6,3.87
LAP03010,Lenovo,Windows,Video,59.2,11.6,16,15.5,165,59,28,3,1,1,35.7,26,96.8,3.47
LAP03011,Apple,Windows,Coding,53.7,22.1,8,16.3,90,89,61,14,1,1,41.4,25,93.4,3.14
LAP03012,Dell,Windows,Office,36.0,32.9,16,13.5,144,62,11,20,1,0,29.8,43,87.4,2.06
LAP03013,ASUS,Windows,Browsing,75.4,14.2,32,14.2,60,58,24,20,1,0,37.2,16,95.5,8.03
LAP03014,MSI,Linux,Coding,80.4,16.1,16,13.0,60,58,60,50,1,1,36.7,15,100.0,5.6
LAP03015,Lenovo,Windows,Gaming,49.6,17.9,8,15.8,60,72,76,85,1,1,42.1,34,88.8,2.02
LAP03016,MSI,Windows,Coding,61.8,20.2,16,12.9,60,50,23,77,1,1,39.8,25,93.8,4.12
LAP03017,Lenovo,Windows,Office,46.8,8.0,16,16.0,60,82,68,34,1,0,36.9,37,89.5,3.74
LAP03018,Acer,Windows,Coding,44.2,33.3,8,15.4,60,44,47,3,1,1,39.4,55,78.8,2.07
LAP03019,Lenovo,Windows,Browsing,55.8,16.2,16,17.3,120,60,48,98,1,0,46.1,29,92.5,3.57
LAP03020,Dell,Windows,Video,97.1,27.4,16,17.3,144,69,29,31,1,0,42.7,41,88.4,3.49
LAP03021,Dell,Windows,Video,78.9,26.1,4,13.3,144,78,21,91,1,1,38.5,36,92.0,3.25
LAP03022,HP,Linux,Browsing,76.7,12.9,8,17.3,165,68,43,11,0,1,37.6,13,93.3,5.76
LAP03023,Dell,Windows,Gaming,62.8,8.0,8,14.3,120,49,29,53,1,0,38.0,17,92.4,3.5
LAP03024,Apple,Windows,Office,41.2,26.1,8,13.9,60,64,43,29,1,0,37.2,27,91.5,2.56
LAP03025,Lenovo,Windows,Gaming,70.6,19.8,8,14.3,60,87,43,8,1,0,40.2,39,89.8,3.53
LAP03026,Dell,Linux,Office,30.0,30.5,4,14.6,60,72,63,18,1,1,38.1,15,96.0,1.64
LAP03027,Acer,Windows,Browsing,60.9,34.7,8,17.3,144,45,70,79,1,1,44.9,1,94.6,2.69
LAP03028,MSI,Linux,Office,71.5,8.0,32,11.6,60,90,20,29,1,0,36.4,19,93.1,6.98
LAP03029,MSI,macOS,Office,57.3,22.2,16,17.3,60,59,57,64,1,1,44.9,29,94.8,3.28
LAP03030,HP,macOS,Browsing,79.9,37.5,16,16.2,60,31,82,44,1,1,41.4,8,96.9,3.92
LAP03031,MSI,Linux,Coding,33.6,42.2,32,15.2,165,20,33,22,1,1,38.8,54,84.9,1.23
LAP03032,Lenovo,Linux,Coding,79.0,8.0,8,14.2,144,89,70,75,1,0,46.5,50,85.7,4.26
LAP03033,HP,Windows,Video,52.6,38.8,16,14.9,60,20,14,4,1,1,32.2,0,100.0,3.12
LAP03034,Lenovo,Linux,Browsing,76.8,12.9,8,16.2,60,27,6,83,1,1,36.2,26,92.0,7.75
LAP03035,Acer,Windows,Coding,70.3,33.5,32,16.3,60,52,95,66,1,1,50.9,53,85.2,2.47
LAP03036,HP,macOS,Browsing,77.7,18.4,8,13.8,60,87,17,65,1,0,41.4,8,98.5,7.69
LAP03037,ASUS,Windows,Video,69.6,34.0,4,16.1,60,69,58,42,1,0,37.5,19,93.9,2.91
LAP03038,Apple,Windows,Browsing,65.4,20.7,8,14.2,60,25,6,83,1,1,33.3,26,92.5,6.08
LAP03039,Apple,Windows,Gaming,75.5,8.0,32,14.8,120,79,46,1,1,0,35.7,38,85.4,3.65
LAP03040,Lenovo,Windows,Video,55.8,18.0,8,16.8,60,82,18,47,0,0,32.4,34,90.9,3.88
LAP03041,MSI,Windows,Coding,64.0,31.5,8,16.1,165,71,85,57,1,0,42.7,32,94.2,2.28
LAP03042,ASUS,Windows,Office,54.9,19.9,8,12.7,60,22,55,39,1,1,36.2,12,94.8,3.95
LAP03043,HP,Linux,Browsing,44.7,12.1,16,15.2,165,98,53,98,0,1,47.1,13,94.0,2.65
LAP03044,ASUS,Windows,Office,62.9,9.7,8,15.6,120,89,42,52,1,0,37.0,52,89.8,4.07
LAP03045,ASUS,Windows,Gaming,58.0,15.3,16,15.2,165,25,38,58,1,1,38.1,0,99.6,2.53
LAP03046,MSI,Linux,Gaming,73.9,15.2,8,11.6,120,56,33,67,1,1,41.4,49,86.9,3.26
LAP03047,HP,Windows,Browsing,52.1,31.9,16,13.1,90,70,68,62,1,1,46.6,6,97.0,2.88
LAP03048,Acer,Windows,Coding,43.6,20.3,4,12.5,75,46,27,35,1,1,34.7,46,85.9,2.91
LAP03049,MSI,Windows,Video,73.6,21.4,8,14.1,60,65,27,39,1,1,38.8,32,89.9,4.64
LAP03050,ASUS,Linux,Coding,56.0,22.8,32,15.2,60,88,20,5,1,1,35.8,53,83.0,3.87
LAP03051,ASUS,Windows,Browsing,43.1,31.5,16,14.3,60,36,48,13,0,1,33.7,38,88.0,3.07
LAP03052,Acer,Windows,Browsing,75.8,32.6,64,14.1,60,36,64,78,1,0,47.1,51,81.9,3.51
LAP03053,ASUS,Windows,Office,68.9,18.7,16,12.6,60,42,75,100,1,1,48.9,51,85.9,3.58
LAP03054,ASUS,Windows,Video,82.7,21.8,16,13.3,60,58,69,32,1,1,37.5,33,90.9,4.05
LAP03055,ASUS,Windows,Office,49.9,32.7,16,13.7,144,52,23,18,1,1,35.0,45,88.6,2.61
LAP03056,Apple,macOS,Office,47.8,16.7,16,16.2,144,85,49,75,1,0,38.4,52,86.7,2.23
LAP03057,MSI,Linux,Gaming,38.7,18.4,8,15.6,120,29,5,42,1,1,32.2,27,92.6,1.91
LAP03058,Dell,Windows,Coding,46.5,32.7,4,16.1,60,59,16,53,1,1,35.2,6,95.9,2.81
LAP03059,MSI,Windows,Gaming,49.2,18.1,8,15.6,60,92,29,72,1,0,42.0,45,87.7,2.25
LAP03060,Acer,Linux,Office,65.2,28.0,8,16.2,60,34,91,82,1,1,48.2,51,85.2,2.64
LAP03061,ASUS,Windows,Browsing,41.1,8.0,8,13.1,75,62,93,95,1,1,49.9,23,90.1,3.43
LAP03062,MSI,Windows,Gaming,45.0,32.0,32,16.9,240,31,99,91,1,0,47.4,14,93.6,1.0
LAP03063,Apple,Windows,Office,80.4,22.6,32,16.5,60,41,92,91,1,1,47.8,23,95.8,4.71
LAP03064,Acer,Windows,Browsing,30.0,29.9,16,14.5,75,37,14,94,0,1,34.8,26,96.2,2.47
LAP03065,Lenovo,macOS,Office,62.2,38.4,8,16.4,120,85,70,60,0,0,44.6,38,94.7,2.43
LAP03066,MSI,Windows,Browsing,35.6,21.0,8,16.7,60,81,37,99,1,1,43.2,2,97.1,2.61
LAP03067,Lenovo,Windows,Office,42.9,8.0,16,14.9,165,80,91,12,1,1,44.6,9,100.0,2.85
LAP03068,ASUS,Windows,Gaming,76.4,20.7,16,15.8,60,79,6,41,1,1,36.3,11,98.4,4.78
LAP03069,Apple,Linux,Gaming,56.1,39.6,16,14.3,165,98,8,96,1,1,32.4,40,90.3,2.06
LAP03070,Apple,Windows,Gaming,94.9,27.0,32,16.8,90,58,27,17,1,1,32.5,28,91.6,3.91
LAP03071,MSI,Windows,Browsing,64.4,12.2,8,14.4,60,92,45,92,1,1,49.3,7,99.0,5.89
LAP03072,Acer,Windows,Office,42.6,22.7,8,15.4,60,41,42,71,1,1,41.1,9,100.0,3.01
LAP03073,Acer,Windows,Browsing,63.4,30.9,8,14.9,60,100,91,85,1,0,52.1,16,94.4,2.74
LAP03074,Apple,Windows,Gaming,71.9,23.5,16,14.2,60,33,60,64,1,1,42.4,8,96.3,3.23
LAP03075,Acer,Windows,Office,62.8,23.2,4,12.6,165,26,80,47,1,1,42.4,54,85.3,2.91
LAP03076,Apple,Windows,Coding,51.8,16.4,32,16.2,144,54,48,94,0,1,40.0,41,91.4,2.43
LAP03077,MSI,Windows,Video,30.0,17.4,64,15.0,120,53,68,83,1,1,45.4,57,83.1,1.18
LAP03078,Dell,macOS,Office,50.2,27.7,32,17.3,90,86,28,35,1,1,34.7,14,96.4,2.75
LAP03079,Apple,Windows,Office,80.0,30.9,32,16.7,60,82,97,86,1,0,50.8,3,99.3,3.2
LAP03080,Lenovo,Windows,Gaming,43.0,22.9,64,16.7,60,21,45,80,1,1,45.3,20,94.2,2.02
LAP03081,Acer,Windows,Gaming,48.8,19.1,32,16.0,60,64,32,44,1,1,34.6,6,100.0,2.61
LAP03082,Apple,Windows,Office,69.9,34.1,16,16.1,60,82,66,9,1,1,36.2,47,92.0,3.12
LAP03083,Apple,Windows,Office,64.3,19.9,8,15.2,60,21,19,8,1,1,32.9,7,99.3,6.27
LAP03084,MSI,macOS,Gaming,35.4,28.5,8,16.2,75,73,66,45,0,1,40.2,45,84.5,1.12
LAP03085,Acer,Linux,Browsing,53.4,31.4,4,14.4,60,70,14,16,1,1,32.7,19,97.4,4.55
LAP03086,Dell,Windows,Office,76.1,9.8,8,11.6,240,60,33,66,1,1,39.5,6,95.4,4.76
LAP03087,MSI,Windows,Browsing,55.4,26.7,16,16.0,60,24,35,32,1,1,41.5,45,85.9,3.64
LAP03088,Dell,Windows,Coding,76.5,8.0,16,16.0,60,90,67,64,1,1,45.2,5,92.7,5.07
LAP03089,MSI,Windows,Browsing,77.3,23.8,8,13.1,120,44,91,19,1,0,46.7,8,97.1,4.52
LAP03090,Acer,Windows,Office,41.1,32.0,8,15.7,144,20,22,65,1,0,35.1,13,97.7,2.46
LAP03091,HP,Windows,Browsing,50.6,29.0,4,15.7,240,28,11,15,1,1,34.4,47,89.9,2.88
LAP03092,Acer,macOS,Coding,64.9,34.6,8,16.5,90,85,31,72,0,0,44.0,35,88.8,2.95
LAP03093,Acer,Windows,Gaming,31.9,29.2,8,14.9,60,86,13,13,1,1,32.5,51,86.7,1.65
LAP03094,Dell,Windows,Video,51.7,18.5,8,12.9,165,23,24,0,0,0,33.0,28,93.8,3.08
LAP03095,Dell,Linux,Video,63.2,8.0,8,14.3,240,40,89,34,1,1,42.3,2,100.0,3.22
LAP03096,Acer,Windows,Coding,45.7,26.4,16,14.3,165,80,96,81,1,1,48.9,44,89.3,1.38
LAP03097,Acer,Windows,Browsing,63.8,30.7,8,14.8,144,45,54,0,1,1,31.7,30,93.6,3.76
LAP03098,Acer,Windows,Browsing,46.0,8.0,16,15.2,60,63,65,42,1,0,42.9,23,95.2,4.51
LAP03099,Dell,Windows,Gaming,45.8,29.8,8,14.7,144,56,71,68,1,1,43.9,23,88.6,1.4
LAP03100,Acer,macOS,Office,66.2,26.1,8,15.6,165,97,78,74,1,1,40.4,47,88.2,2.55
LAP03101,Acer,macOS,Browsing,75.5,20.6,16,13.5,90,29,21,87,1,1,41.6,35,89.6,5.38
LAP03102,ASUS,macOS,Video,44.3,30.3,8,15.5,144,93,25,95,1,0,44.4,34,91.2,1.7
LAP03103,HP,Linux,Office,36.8,21.7,4,13.9,120,100,77,54,1,1,43.1,53,88.1,1.78
LAP03104,Lenovo,Windows,Office,54.4,20.9,32,14.7,60,93,85,15,1,1,41.6,24,91.9,3.27
LAP03105,HP,macOS,Gaming,62.0,9.7,16,12.4,90,94,36,66,1,1,35.5,55,83.5,2.98
LAP03106,ASUS,macOS,Gaming,44.2,29.9,16,16.3,144,66,52,62,1,1,37.5,38,90.2,1.31
LAP03107,Lenovo,Windows,Office,79.9,9.3,32,14.6,75,99,42,71,1,1,41.4,54,83.2,5.7
LAP03108,MSI,Windows,Gaming,52.8,16.8,32,15.5,90,42,32,95,1,0,36.4,20,94.9,2.55
LAP03109,Acer,Windows,Coding,44.1,30.5,8,13.9,90,95,86,21,1,0,40.0,14,95.9,1.67
LAP03110,ASUS,Windows,Video,84.0,23.0,16,14.2,60,73,64,55,1,1,38.1,33,88.6,3.62
LAP03111,MSI,Windows,Browsing,74.0,45.5,32,13.6,120,78,74,51,1,1,41.7,8,98.7,3.09
LAP03112,Acer,macOS,Browsing,44.1,32.1,4,15.2,75,38,62,80,0,1,46.4,2,95.6,2.72
LAP03113,Dell,macOS,Coding,71.0,34.0,16,15.8,60,44,74,26,0,1,40.5,56,86.2,3.17
LAP03114,Apple,Windows,Gaming,45.2,35.2,4,13.6,165,86,85,63,0,0,47.9,9,95.5,1.23
LAP03115,ASUS,Windows,Coding,66.5,22.1,16,15.2,165,32,57,44,1,1,39.9,49,86.0,2.78
LAP03116,Dell,Linux,Browsing,81.7,18.6,16,14.7,60,40,14,66,1,0,39.5,14,95.7,8.43
LAP03117,ASUS,Windows,Browsing,36.9,10.4,8,15.3,120,41,6,25,0,1,31.2,60,81.2,3.09
LAP03118,ASUS,Windows,Video,46.9,8.0,32,13.7,60,66,29,98,1,1,45.5,15,94.2,3.28
LAP03119,Dell,Linux,Browsing,47.3,38.8,16,15.7,75,82,42,12,1,1,34.4,12,99.3,2.75
LAP03120,Lenovo,Linux,Coding,59.0,17.5,32,14.6,60,48,5,80,1,1,37.4,43,89.3,4.0
LAP03121,HP,macOS,Browsing,62.1,35.7,8,14.8,75,68,84,29,1,1,37.5,43,88.8,2.8
LAP03122,Acer,Windows,Browsing,53.7,8.0,4,17.3,60,44,94,92,1,1,51.3,0,100.0,4.75
LAP03123,ASUS,Windows,Coding,30.0,22.8,16,12.5,60,42,80,77,1,1,41.2,46,85.4,1.41
LAP03124,Acer,macOS,Coding,36.5,40.2,8,15.8,60,95,77,29,1,1,44.2,57,87.8,1.27
LAP03125,Apple,Windows,Office,41.7,28.2,16,15.6,120,68,17,100,1,0,38.2,54,83.5,2.14
LAP03126,Dell,Linux,Browsing,63.4,28.5,16,15.9,60,42,75,43,1,1,38.9,32,90.2,3.6
LAP03127,Acer,Windows,Video,34.1,18.0,8,15.8,60,24,5,47,1,0,34.8,7,95.5,2.71
LAP03128,Dell,Windows,Browsing,41.3,14.2,8,15.3,60,48,35,8,1,1,32.0,15,98.8,4.48
LAP03129,Acer,Windows,Coding,38.0,24.5,16,15.6,60,24,92,47,0,1,46.9,47,86.7,1.64
LAP03130,HP,Windows,Gaming,60.1,11.5,8,17.3,60,58,71,95,1,1,44.9,34,89.8,2.78
LAP03131,HP,macOS,Browsing,72.0,23.7,16,14.8,60,54,60,55,1,1,41.3,50,90.0,4.82
LAP03132,HP,Windows,Gaming,57.3,36.8,4,14.7,144,100,23,67,0,1,37.3,59,84.7,1.74
LAP03133,HP,Linux,Browsing,84.9,9.8,8,13.5,120,49,8,5,1,1,28.0,13,98.9,9.08
LAP03134,HP,Linux,Coding,57.3,32.7,32,13.8,120,75,32,64,1,1,39.8,40,90.4,2.49
LAP03135,HP,Windows,Office,53.6,37.0,8,15.3,75,21,48,88,1,1,41.3,26,90.1,2.41
LAP03136,Dell,Windows,Gaming,43.2,21.9,16,15.5,165,34,34,66,1,1,37.1,43,85.6,1.35
LAP03137,ASUS,Windows,Office,58.0,25.4,8,14.8,90,70,40,20,1,1,35.7,47,87.3,3.59
LAP03138,Acer,Linux,Office,42.6,19.2,16,15.9,60,42,57,77,0,1,48.6,0,96.2,3.17
LAP03139,HP,Windows,Gaming,40.3,21.3,64,14.4,165,45,63,29,1,1,36.5,38,89.9,1.4
LAP03140,Dell,Windows,Coding,39.9,34.8,16,17.3,60,30,72,56,1,1,37.6,49,89.0,1.72
LAP03141,Dell,Windows,Coding,51.6,33.7,16,15.2,240,43,91,54,1,0,47.4,42,86.7,1.36
LAP03142,Dell,Windows,Office,47.5,29.7,8,15.9,60,28,79,1,1,1,38.0,29,90.8,2.81
LAP03143,ASUS,macOS,Video,94.8,32.3,8,15.2,60,97,8,47,0,0,32.8,34,90.8,5.84
LAP03144,Acer,Windows,Browsing,58.1,27.4,32,14.2,144,90,15,21,1,1,31.4,9,98.1,4.19
LAP03145,ASUS,Windows,Browsing,57.9,10.3,32,14.3,60,29,57,12,1,0,40.8,30,91.8,6.02
LAP03146,Lenovo,Windows,Coding,46.7,37.8,16,13.4,60,91,92,88,1,1,48.0,11,95.6,1.62
LAP03147,MSI,Linux,Office,100.0,14.3,32,12.6,60,97,58,42,1,1,37.8,39,87.8,7.3
LAP03148,Dell,Windows,Gaming,41.1,23.8,8,16.3,120,90,88,74,0,1,46.6,34,88.8,1.2
LAP03149,Lenovo,Windows,Gaming,47.9,35.2,16,14.1,60,76,49,73,1,1,42.8,33,91.4,1.8
LAP03150,Apple,Windows,Video,70.0,8.2,8,14.9,120,34,21,48,1,1,35.4,38,89.8,4.42
LAP03151,HP,Windows,Video,58.0,32.5,16,17.1,144,52,68,36,1,1,41.8,31,91.3,1.9
LAP03152,MSI,Linux,Coding,35.9,10.7,8,16.6,60,30,62,88,0,0,45.5,11,99.0,2.7
LAP03153,HP,Linux,Browsing,55.4,32.1,32,15.2,120,38,17,34,1,1,28.0,44,90.4,3.73
LAP03154,ASUS,Linux,Video,65.2,39.4,16,14.7,165,61,85,18,1,1,46.3,27,89.5,1.73
LAP03155,MSI,Windows,Browsing,62.7,16.1,8,14.8,165,77,55,27,1,0,39.8,18,95.0,3.89
LAP03156,Acer,Linux,Office,64.9,14.6,16,17.3,60,37,56,56,1,1,36.1,23,95.7,4.59
LAP03157,Lenovo,Windows,Video,87.8,25.9,16,15.2,144,37,19,60,0,1,39.8,19,96.2,5.24
LAP03158,Acer,macOS,Coding,59.1,14.2,8,17.3,144,41,8,42,1,1,39.3,21,95.5,3.54
LAP03159,ASUS,Windows,Gaming,66.9,8.0,8,13.2,144,71,86,59,1,1,45.8,10,95.9,2.78
LAP03160,HP,Windows,Browsing,30.0,24.7,8,15.1,60,63,13,9,1,1,31.7,27,89.0,2.56
LAP03161,MSI,Windows,Coding,83.0,29.0,8,16.6,60,50,71,78,1,1,47.5,44,88.7,3.43
LAP03162,Acer,Windows,Browsing,56.0,21.1,16,16.5,60,28,95,95,1,1,48.2,39,93.9,3.34
LAP03163,Acer,Windows,Coding,42.0,26.4,8,15.9,60,69,86,66,1,1,44.2,19,93.9,1.87
LAP03164,HP,Linux,Video,52.1,37.6,16,14.1,60,80,85,23,1,1,41.7,4,100.0,1.94
LAP03165,MSI,Windows,Coding,64.9,20.7,16,13.2,144,38,78,73,1,1,46.2,50,87.1,2.57
LAP03166,Lenovo,macOS,Office,70.5,22.3,64,14.7,60,71,61,43,1,1,41.3,51,81.9,3.84
LAP03167,HP,Windows,Browsing,53.6,24.8,16,16.5,144,74,33,29,1,1,37.1,57,87.6,2.86
LAP03168,Acer,Windows,Browsing,64.0,21.2,16,17.3,60,44,51,96,1,1,38.9,39,90.7,4.06
LAP03169,Lenovo,Linux,Coding,51.1,21.2,8,15.2,75,98,9,44,1,0,32.8,6,100.0,3.64
LAP03170,Lenovo,Windows,Gaming,62.4,45.5,4,14.9,60,88,74,88,1,1,48.9,21,97.6,1.51
LAP03171,HP,Windows,Browsing,58.1,26.5,8,15.3,90,94,68,59,1,1,40.9,36,91.4,3.29
LAP03172,Acer,Linux,Video,59.5,21.4,16,15.3,75,32,63,52,1,1,36.9,40,89.5,2.91
LAP03173,ASUS,Windows,Gaming,50.3,41.6,8,16.7,90,53,39,24,1,1,42.6,28,89.3,1.7
LAP03174,Acer,Windows,Coding,61.1,38.0,8,14.5,60,91,9,75,1,1,42.9,11,98.2,3.73
LAP03175,Dell,Linux,Coding,42.6,32.5,32,14.8,60,44,54,3,1,1,40.7,28,90.9,2.21
LAP03176,MSI,Windows,Video,57.9,17.7,16,15.6,75,94,64,91,1,0,44.8,35,85.9,2.29
LAP03177,Apple,Linux,Office,45.5,57.8,32,14.1,60,83,19,83,1,0,40.5,34,85.5,2.17
LAP03178,ASUS,Windows,Office,40.1,8.0,32,13.7,60,29,95,73,1,1,44.7,42,89.7,3.11
LAP03179,Lenovo,Windows,Browsing,44.4,8.0,8,17.0,60,36,28,30,1,1,34.5,21,90.2,4.92
LAP03180,ASUS,Windows,Gaming,51.9,29.6,32,15.0,144,24,25,18,1,1,31.9,17,93.8,2.12
LAP03181,MSI,Windows,Gaming,47.1,20.7,4,16.2,90,86,6,1,1,1,32.9,56,81.2,2.12
LAP03182,Lenovo,Windows,Video,60.9,8.0,32,16.0,60,29,87,3,1,1,50.6,21,96.9,4.28
LAP03183,MSI,Linux,Browsing,56.2,23.3,16,13.1,60,46,49,78,1,1,41.6,18,95.9,3.9
LAP03184,Lenovo,Windows,Office,70.2,25.9,16,14.1,60,75,86,37,0,0,46.4,33,89.7,3.78
LAP03185,ASUS,Windows,Browsing,53.7,23.0,16,15.1,60,26,14,32,0,1,37.9,8,100.0,6.19
LAP03186,Lenovo,Windows,Browsing,57.7,28.6,16,14.7,144,48,49,17,1,0,38.3,9,99.2,3.24
LAP03187,Lenovo,Windows,Coding,83.0,19.4,16,15.3,165,68,41,31,1,0,39.5,18,98.0,4.09
LAP03188,Dell,Windows,Gaming,48.4,23.3,32,15.3,60,58,27,95,1,1,41.8,37,90.6,2.07
LAP03189,Acer,Windows,Gaming,50.7,40.7,32,16.1,120,89,49,76,0,1,45.0,8,98.3,1.51
LAP03190,Acer,Windows,Coding,73.1,36.5,16,14.9,120,28,45,79,1,1,37.2,50,79.0,2.33
LAP03191,Apple,Windows,Browsing,40.6,22.5,16,15.1,60,91,69,32,1,1,41.7,27,91.8,2.38
LAP03192,Apple,Windows,Office,74.7,31.6,8,13.0,60,80,65,33,1,0,40.6,29,95.5,3.77
LAP03193,Dell,Windows,Office,51.4,35.5,16,14.2,75,97,10,50,1,1,35.0,24,92.9,3.35
LAP03194,Apple,Windows,Video,42.5,13.7,16,14.2,60,73,69,62,1,0,41.2,17,100.0,2.49
LAP03195,MSI,Windows,Video,68.6,29.0,16,14.4,90,28,22,77,1,1,43.1,51,83.8,3.14
LAP03196,ASUS,Windows,Office,51.2,26.9,16,14.5,60,79,95,46,0,1,45.8,25,90.9,2.58
LAP03197,HP,macOS,Office,82.4,32.9,8,15.8,120,71,44,65,0,1,44.0,18,98.6,3.92
LAP03198,MSI,Linux,Browsing,56.2,13.7,8,17.3,144,94,42,12,1,0,36.7,54,83.8,3.42
LAP03199,HP,Windows,Office,56.1,24.6,4,13.1,60,30,49,51,1,1,43.4,26,93.4,3.86
LAP03200,HP,Windows,Office,46.2,15.9,16,14.7,60,54,21,92,1,0,41.8,35,92.2,3.57
LAP03201,Dell,macOS,Browsing,52.8,29.0,8,13.8,120,94,94,51,1,1,45.0,3,95.5,2.35
LAP03202,MSI,Windows,Office,50.9,15.1,16,13.1,165,55,17,42,1,1,39.4,48,87.8,3.42
LAP03203,Dell,Windows,Gaming,75.0,18.5,4,14.3,120,74,14,97,1,1,41.3,25,92.2,3.21
LAP03204,Lenovo,Windows,Coding,59.3,26.5,8,13.5,60,22,94,60,1,1,45.8,44,88.5,2.63
LAP03205,HP,Linux,Browsing,65.6,13.7,8,15.3,60,91,35,80,1,1,35.5,2,96.0,5.77
LAP03206,ASUS,Windows,Browsing,56.5,8.0,8,14.8,165,72,91,2,1,1,43.0,52,86.1,3.59
LAP03207,Apple,Linux,Office,48.8,37.5,4,14.6,120,47,54,93,1,0,50.0,52,87.1,1.98
LAP03208,ASUS,Linux,Office,60.6,17.3,16,15.4,60,72,88,67,1,1,48.4,35,90.2,3.48
LAP03209,Apple,Windows,Office,78.9,8.2,8,13.0,120,73,27,94,1,1,41.7,6,100.0,6.48
LAP03210,HP,Linux,Coding,39.3,11.7,4,13.6,60,72,49,58,1,1,38.3,9,92.7,2.72
LAP03211,HP,Windows,Coding,61.3,23.8,32,15.5,75,84,95,53,1,0,40.7,44,84.0,2.4
LAP03212,HP,Windows,Video,77.4,43.9,8,13.6,60,72,83,68,1,0,48.3,57,84.6,2.09
LAP03213,Dell,Windows,Office,42.8,23.3,16,12.1,120,59,42,1,1,0,36.2,3,100.0,3.14
LAP03214,MSI,Windows,Video,68.8,32.0,32,17.2,60,60,15,67,1,1,33.8,6,99.5,3.71
LAP03215,Apple,Windows,Office,68.8,20.4,16,15.5,60,57,12,43,1,0,33.9,21,97.0,6.5
LAP03216,MSI,Windows,Browsing,35.6,27.2,16,16.4,144,94,82,37,1,0,41.9,29,93.4,1.7
LAP03217,Dell,Windows,Coding,71.7,22.5,8,14.0,120,48,17,59,1,1,38.3,21,95.5,3.99
LAP03218,Dell,Windows,Coding,46.1,31.8,8,13.1,60,50,90,26,1,1,43.1,52,88.5,1.91
LAP03219,Acer,Windows,Gaming,60.4,11.4,16,15.4,60,80,38,90,1,1,45.1,28,89.4,3.45
LAP03220,ASUS,Linux,Video,70.4,25.9,8,13.5,60,93,69,14,1,1,45.1,10,97.5,3.58
LAP03221,ASUS,Windows,Gaming,73.0,26.8,8,16.4,90,59,100,38,1,1,46.4,15,94.5,2.39
LAP03222,Lenovo,Windows,Gaming,32.0,29.8,16,15.3,60,21,79,37,1,1,36.2,60,84.0,1.0
LAP03223,Dell,Windows,Coding,81.8,8.9,8,15.3,60,67,14,53,1,1,38.3,55,87.4,5.84
LAP03224,Apple,Windows,Coding,76.3,19.3,16,15.3,60,20,98,62,1,1,48.9,56,85.6,3.14
LAP03225,Acer,Windows,Coding,70.8,32.2,16,17.3,165,78,80,57,1,1,46.7,43,89.5,2.2
LAP03226,Acer,Windows,Gaming,60.4,27.7,4,15.9,165,51,93,61,1,1,50.6,56,81.9,1.33
LAP03227,MSI,Windows,Video,48.5,45.8,4,14.7,60,21,40,77,1,1,44.6,5,95.3,1.83
LAP03228,ASUS,Windows,Browsing,38.8,18.6,8,15.2,60,78,8,17,1,1,33.5,36,93.1,3.9
LAP03229,Dell,macOS,Video,30.6,8.0,16,13.8,60,22,25,28,1,1,29.4,12,97.0,2.9
LAP03230,Lenovo,macOS,Browsing,64.7,19.4,8,14.3,60,92,65,70,1,1,45.3,32,91.1,3.9
LAP03231,Dell,Windows,Office,70.8,8.0,16,16.8,120,68,98,56,1,1,49.0,46,88.5,4.03
LAP03232,MSI,Linux,Browsing,53.7,33.4,16,15.1,144,95,42,23,1,0,42.2,50,87.0,2.91
LAP03233,HP,Windows,Coding,48.1,25.0,16,16.1,144,53,80,37,1,1,46.7,7,98.0,1.86
LAP03234,Dell,Windows,Gaming,56.0,29.8,8,13.8,165,81,43,5,1,1,39.6,10,100.0,2.16
LAP03235,MSI,Linux,Office,45.4,31.7,16,16.2,165,53,93,19,1,1,40.5,32,90.6,1.55
LAP03236,HP,Windows,Browsing,55.3,37.5,4,14.7,60,42,58,41,1,1,40.8,32,90.2,3.0
LAP03237,HP,Windows,Office,44.5,8.0,8,15.3,240,38,66,99,0,1,40.0,43,91.0,2.35
LAP03238,Lenovo,Windows,Coding,64.2,8.0,8,15.1,60,71,23,73,1,1,35.8,47,83.3,4.79
LAP03239,Apple,Windows,Office,73.7,15.9,16,15.3,144,79,6,21,1,0,33.3,39,89.4,5.29
LAP03240,ASUS,Windows,Office,62.6,21.4,64,14.8,60,47,26,32,1,1,34.7,26,89.3,4.36
LAP03241,Dell,Windows,Browsing,53.8,27.4,8,16.8,60,68,98,86,1,1,48.0,45,87.0,2.59
LAP03242,HP,Windows,Office,69.8,26.5,16,12.9,60,64,61,45,1,1,45.5,38,89.4,3.63
LAP03243,Dell,Windows,Office,55.3,27.1,8,15.7,60,95,7,53,1,0,28.0,17,92.8,4.27
LAP03244,Apple,Linux,Video,69.4,8.0,16,14.1,120,79,27,41,1,1,39.4,53,84.4,4.02
LAP03245,ASUS,Windows,Browsing,45.5,15.5,8,13.7,165,94,8,50,1,0,40.0,44,90.8,3.37
LAP03246,Apple,Linux,Coding,47.4,21.1,16,17.3,60,75,32,67,1,1,40.3,31,91.1,2.86
LAP03247,ASUS,Windows,Browsing,40.2,23.2,16,13.7,60,23,82,84,1,1,47.3,44,86.5,2.14
LAP03248,Acer,Linux,Office,48.0,19.0,16,12.5,60,37,74,55,1,1,46.2,40,90.5,2.74
LAP03249,ASUS,Linux,Office,69.7,28.1,4,16.3,60,48,74,76,1,1,45.9,23,90.4,3.47
LAP03250,Lenovo,Windows,Video,41.9,11.3,16,14.3,60,58,45,41,1,1,37.3,21,94.7,3.0
LAP03251,Apple,Windows,Gaming,30.0,19.2,16,16.8,60,74,41,12,1,1,40.2,49,85.8,1.5
LAP03252,HP,Windows,Gaming,48.8,31.0,8,11.8,60,77,11,53,1,1,31.3,58,84.0,2.24
LAP03253,Acer,macOS,Coding,37.4,27.5,8,17.3,165,66,81,11,1,0,39.2,2,97.1,1.3
LAP03254,Lenovo,Windows,Office,47.4,20.5,32,16.3,165,50,5,87,1,1,36.3,2,97.4,2.97
LAP03255,Dell,Windows,Video,86.6,20.8,32,14.7,60,47,92,34,1,1,43.3,13,96.7,4.05
LAP03256,Apple,Windows,Coding,41.7,19.3,4,12.6,240,46,38,82,1,0,40.1,31,93.4,1.9
LAP03257,MSI,macOS,Browsing,64.5,21.0,16,13.1,60,49,56,8,0,1,32.4,8,100.0,5.66
LAP03258,MSI,Windows,Video,53.8,19.0,16,14.0,120,68,14,12,1,1,35.3,15,96.8,3.7
LAP03259,HP,Windows,Office,60.6,20.6,32,16.0,120,61,64,21,1,1,41.9,24,93.1,3.11
LAP03260,ASUS,Windows,Browsing,47.4,28.5,32,13.8,60,94,10,39,1,1,33.1,4,99.3,4.19
LAP03261,HP,macOS,Office,72.4,28.3,16,12.1,60,97,72,35,1,0,43.6,12,97.3,4.01
LAP03262,MSI,Windows,Office,61.4,9.2,8,15.3,165,87,76,91,1,1,50.7,58,85.7,2.83
LAP03263,Dell,Windows,Coding,61.8,46.5,16,16.4,60,20,52,40,1,0,39.1,30,95.4,2.61
LAP03264,Acer,Windows,Browsing,56.5,18.5,16,17.3,60,63,83,6,1,1,43.1,20,94.7,4.4
LAP03265,Acer,Windows,Browsing,73.8,30.6,32,13.6,240,56,49,93,1,0,42.7,39,91.8,3.12
LAP03266,Apple,Linux,Browsing,63.4,12.1,8,13.7,60,52,16,94,1,1,41.6,60,83.2,5.54
LAP03267,Acer,Windows,Coding,60.6,42.6,16,11.6,60,40,74,54,1,0,49.6,50,85.3,1.72
LAP03268,Apple,Windows,Video,64.8,31.5,16,12.8,165,59,25,74,1,1,41.4,8,94.8,2.75
LAP03269,Apple,Linux,Office,30.0,29.6,4,13.5,165,80,100,93,1,0,48.6,20,95.7,1.08
LAP03270,Apple,macOS,Browsing,57.8,22.9,16,13.7,240,32,100,78,1,1,48.4,8,100.0,2.44
LAP03271,MSI,Windows,Browsing,54.0,8.0,8,14.3,75,57,95,12,1,0,40.7,9,98.3,5.78
LAP03272,MSI,Windows,Gaming,72.5,45.0,16,15.8,60,48,79,98,1,1,47.4,40,88.6,1.65
LAP03273,ASUS,Linux,Office,44.5,35.2,16,15.7,144,72,90,98,1,1,46.8,43,85.0,1.34
LAP03274,Lenovo,Windows,Office,58.0,21.1,64,14.3,120,83,40,19,1,0,36.1,11,94.3,3.58
LAP03275,Apple,macOS,Browsing,83.9,30.7,32,15.0,90,55,91,57,1,1,39.9,10,97.8,3.63
LAP03276,Apple,macOS,Video,54.6,9.3,4,13.1,144,24,27,22,1,1,33.7,19,95.5,3.39
LAP03277,Lenovo,Windows,Coding,35.0,8.0,8,14.2,165,39,59,52,1,1,40.9,49,89.5,2.06
LAP03278,HP,macOS,Browsing,87.6,25.2,16,13.2,120,30,31,36,1,1,41.2,38,90.5,5.25
LAP03279,Apple,Windows,Browsing,44.3,15.4,16,14.0,60,91,24,19,1,1,37.2,32,90.0,3.96
LAP03280,ASUS,Windows,Office,39.4,19.2,16,17.3,60,47,19,18,1,1,33.8,6,95.2,3.29
LAP03281,Acer,Windows,Video,40.0,24.4,8,15.2,60,68,46,17,1,1,33.2,0,98.5,2.51
LAP03282,Acer,Linux,Gaming,65.9,10.8,32,14.2,60,60,8,67,1,0,36.1,13,98.1,4.84
LAP03283,Dell,Windows,Coding,74.5,24.0,16,15.7,60,37,33,60,1,1,37.7,44,91.3,4.33
LAP03284,Dell,Windows,Video,81.4,11.8,8,14.4,120,49,59,71,1,1,40.7,20,93.9,4.64
LAP03285,Acer,macOS,Browsing,55.2,37.1,4,17.3,120,33,79,45,1,0,45.4,44,88.7,2.13
LAP03286,Acer,Windows,Coding,40.2,23.8,32,15.5,120,75,53,93,1,1,42.1,48,85.3,1.73
LAP03287,MSI,Windows,Coding,46.5,31.3,16,13.4,60,92,75,47,1,1,42.0,7,100.0,1.94
LAP03288,ASUS,Linux,Browsing,55.5,8.0,64,16.8,60,93,79,19,1,1,36.8,16,91.5,5.34
LAP03289,Lenovo,Linux,Gaming,54.7,32.1,16,15.9,60,71,58,71,1,1,42.9,44,88.9,1.74
LAP03290,Dell,macOS,Browsing,74.6,43.0,8,15.7,90,85,37,68,0,1,42.5,53,81.3,3.26
LAP03291,MSI,macOS,Office,35.2,26.4,16,16.2,90,86,98,33,1,1,42.6,48,84.9,1.37
LAP03292,MSI,Windows,Coding,38.3,31.3,4,16.0,75,48,100,6,1,1,45.7,14,94.8,1.51
LAP03293,Lenovo,Windows,Coding,50.4,22.1,16,15.7,60,46,41,49,1,1,41.8,1,100.0,3.21
LAP03294,MSI,Windows,Coding,60.5,29.5,8,14.8,60,87,81,52,1,1,42.8,12,100.0,2.8
LAP03295,ASUS,Windows,Browsing,48.4,44.2,16,16.3,165,54,11,85,1,1,42.0,51,86.2,2.23
LAP03296,Acer,Windows,Video,47.1,52.0,16,14.8,60,29,28,72,1,1,42.5,28,95.3,2.01
LAP03297,Apple,Linux,Coding,72.6,28.8,8,16.9,120,45,59,10,1,1,39.8,27,90.1,3.15
LAP03298,Lenovo,Windows,Office,62.1,12.8,8,15.7,60,90,15,75,1,1,44.2,7,95.8,5.18
LAP03299,Acer,Windows,Gaming,40.2,32.5,8,15.3,60,95,99,7,1,1,45.4,34,89.6,1.08
LAP03300,Acer,Windows,Video,47.4,10.1,64,15.9,60,80,82,31,0,1,45.9,23,95.1,3.28
LAP03301,HP,Windows,Browsing,62.8,17.5,16,15.2,144,88,48,62,1,1,40.6,6,96.1,4.07
LAP03302,Lenovo,Windows,Video,36.1,18.9,16,16.8,60,75,94,54,1,1,43.0,27,92.7,1.81
LAP03303,MSI,Windows,Browsing,62.7,49.5,4,16.3,165,96,69,58,1,1,40.9,21,96.1,2.32
LAP03304,Apple,Windows,Browsing,49.8,42.1,8,15.1,144,83,10,62,1,1,36.1,25,93.7,3.03
LAP03305,Lenovo,Windows,Office,60.4,39.7,16,11.6,120,60,35,16,1,0,38.1,16,95.7,3.9
LAP03306,MSI,Linux,Gaming,56.8,34.8,16,16.2,60,23,47,25,1,1,37.2,37,88.6,2.14
LAP03307,Acer,Linux,Browsing,38.2,14.1,16,15.6,165,85,16,50,1,0,38.7,5,95.7,2.8
LAP03308,Apple,Windows,Coding,45.5,27.8,16,17.3,75,56,69,32,1,1,35.5,57,88.4,2.04
LAP03309,MSI,Linux,Browsing,76.7,47.1,16,13.2,60,53,56,25,1,1,35.9,55,80.2,3.03
LAP03310,ASUS,Windows,Video,90.6,30.4,8,14.7,90,69,74,21,1,1,38.9,10,96.7,3.5
LAP03311,MSI,Windows,Coding,30.0,37.4,8,12.8,60,89,97,66,1,1,44.4,37,88.9,1.0
LAP03312,HP,Windows,Coding,70.6,8.0,8,14.0,60,94,34,94,1,1,43.6,1,98.6,5.71
LAP03313,Acer,Windows,Browsing,59.4,33.7,8,17.2,165,61,81,77,1,1,45.5,31,90.8,2.21
LAP03314,MSI,Linux,Video,86.2,12.3,32,12.7,144,20,98,81,1,1,46.0,25,91.3,3.95
LAP03315,Dell,Windows,Gaming,46.6,22.3,16,13.1,75,53,80,97,1,0,49.3,30,83.9,1.63
LAP03316,Dell,macOS,Coding,68.5,42.1,16,15.8,60,29,78,62,1,1,49.3,31,86.6,2.33
LAP03317,HP,Windows,Office,50.5,29.2,32,15.3,144,24,59,16,1,1,40.5,34,90.8,2.31
LAP03318,ASUS,Windows,Gaming,74.2,34.8,32,14.5,90,63,43,40,1,1,36.7,1,95.4,2.6
LAP03319,Acer,macOS,Browsing,89.7,22.8,8,11.6,60,38,78,75,1,1,46.2,2,97.6,6.34
LAP03320,Lenovo,Windows,Video,58.2,8.0,32,16.8,75,40,86,38,1,0,41.3,32,94.0,4.03
LAP03321,HP,Windows,Gaming,37.9,13.8,4,14.7,60,53,10,32,1,1,36.3,6,100.0,2.43
LAP03322,ASUS,Windows,Browsing,76.2,33.2,32,13.6,60,48,60,31,1,1,40.4,20,94.5,4.44
LAP03323,Lenovo,Windows,Office,63.5,29.0,8,15.5,240,98,12,20,1,0,37.0,47,84.0,2.73
LAP03324,Dell,Windows,Browsing,60.7,44.9,16,16.8,165,59,88,52,1,1,45.1,24,93.1,2.09
LAP03325,Dell,Windows,Coding,78.7,26.5,8,14.6,60,99,59,63,1,1,42.8,15,93.0,4.02
LAP03326,Lenovo,Windows,Coding,37.9,14.3,64,14.1,75,37,20,77,1,1,34.2,22,91.5,2.74
LAP03327,HP,Windows,Office,44.3,24.7,4,15.0,144,68,6,65,1,0,30.4,16,94.3,2.89
LAP03328,Dell,Windows,Office,63.9,37.0,16,15.5,120,80,68,48,1,1,42.9,32,91.6,2.47
LAP03329,Acer,Windows,Office,43.9,8.0,16,15.7,60,84,15,70,1,1,32.6,17,96.4,3.87
LAP03330,Apple,Windows,Office,50.3,29.1,16,14.7,60,94,92,78,1,1,44.8,38,90.3,2.06
LAP03331,MSI,Windows,Browsing,74.1,9.9,16,16.7,60,55,87,30,1,1,44.0,22,91.9,6.34
LAP03332,Lenovo,Windows,Gaming,61.5,27.0,16,13.8,240,89,8,91,0,1,37.2,8,97.5,2.19
LAP03333,Lenovo,Windows,Browsing,37.3,33.7,16,14.8,144,26,7,40,1,1,30.8,2,99.3,2.4
LAP03334,Dell,Windows,Gaming,61.1,31.6,8,14.8,60,80,19,71,1,0,36.1,47,88.5,2.58
LAP03335,HP,Windows,Coding,73.6,41.1,8,12.8,165,83,72,70,1,0,48.8,34,87.6,2.19
LAP03336,Acer,Windows,Office,57.6,28.0,8,15.5,165,93,47,35,1,1,38.8,23,91.5,2.54
LAP03337,HP,Windows,Video,68.1,31.2,32,15.1,60,49,85,73,1,1,47.5,5,91.7,2.38
LAP03338,ASUS,Windows,Coding,47.2,31.6,8,14.7,120,36,13,38,1,1,34.9,18,94.6,2.78
LAP03339,ASUS,Windows,Office,58.9,13.4,8,15.7,120,63,29,93,1,1,45.4,55,80.3,3.0
LAP03340,Apple,Windows,Browsing,31.3,23.5,16,14.7,120,91,69,40,1,0,42.6,13,97.3,1.66
LAP03341,Dell,Windows,Office,64.4,8.0,8,17.0,120,95,70,40,1,1,43.4,2,100.0,4.37
LAP03342,Dell,Windows,Browsing,60.4,29.5,8,15.7,90,45,59,4,1,0,32.3,5,100.0,4.12
LAP03343,Dell,Windows,Browsing,35.6,8.0,16,15.5,165,36,49,84,1,0,42.3,16,93.5,2.73
LAP03344,Apple,Windows,Office,77.8,35.2,8,14.1,75,54,37,5,1,1,34.3,35,93.4,4.78
LAP03345,ASUS,macOS,Browsing,63.6,44.8,16,12.4,60,65,26,61,1,1,34.6,21,94.6,3.62
LAP03346,HP,Windows,Office,44.6,31.0,16,16.1,60,24,46,15,1,1,32.5,52,84.6,2.41
LAP03347,Apple,Linux,Browsing,64.8,32.8,8,12.4,60,64,80,79,1,1,45.0,3,97.1,3.4
LAP03348,Apple,Linux,Browsing,40.2,39.5,32,14.6,60,94,31,87,1,1,48.8,9,99.9,2.54
LAP03349,HP,Windows,Browsing,42.3,19.8,8,16.2,60,35,15,18,1,1,30.2,31,89.3,4.13
LAP03350,Dell,Windows,Gaming,40.3,9.7,8,13.8,165,77,46,82,1,0,42.8,46,87.7,1.52
LAP03351,Acer,Windows,Browsing,39.9,24.0,32,14.4,144,61,82,36,1,1,42.4,48,84.2,1.85
LAP03352,HP,Windows,Coding,61.6,15.8,8,13.0,144,79,82,63,1,1,46.7,51,84.1,2.71
LAP03353,ASUS,Windows,Browsing,56.4,25.9,8,13.7,144,75,26,58,1,0,43.5,48,87.7,3.57
LAP03354,Lenovo,Linux,Gaming,66.2,28.1,8,13.9,60,25,13,96,1,1,33.1,42,90.9,3.05
LAP03355,Lenovo,Linux,Browsing,30.0,19.3,16,14.4,60,39,83,68,1,1,42.6,57,81.6,1.69
LAP03356,MSI,Windows,Gaming,49.1,16.4,8,15.2,60,43,61,72,1,1,47.7,3,100.0,2.06
LAP03357,MSI,Windows,Coding,49.3,8.0,16,15.3,60,86,87,84,1,1,48.3,12,96.5,3.24
LAP03358,Apple,Windows,Browsing,55.8,23.0,8,17.0,165,71,35,6,1,1,33.2,18,95.6,3.25
LAP03359,Lenovo,Linux,Gaming,55.4,19.8,8,14.3,120,29,22,41,1,1,34.7,45,89.7,2.39
LAP03360,Acer,Linux,Coding,58.4,20.6,16,15.8,60,44,16,24,1,1,28.9,54,86.6,4.18
LAP03361,Dell,macOS,Office,56.3,33.8,8,14.1,60,64,44,55,1,1,40.7,42,88.8,2.92
LAP03362,ASUS,Windows,Video,48.1,48.6,8,17.3,75,97,49,46,1,0,39.9,53,85.9,1.28
LAP03363,MSI,Windows,Gaming,49.0,20.7,16,15.2,60,20,53,84,0,1,43.1,37,89.5,2.25
LAP03364,Acer,Windows,Office,54.2,29.6,64,14.7,60,44,5,76,1,1,35.1,47,87.8,3.64
LAP03365,ASUS,Windows,Office,62.6,28.0,4,13.9,120,95,11,49,1,1,35.9,25,90.3,3.9
LAP03366,ASUS,macOS,Video,56.3,38.6,16,16.3,165,92,6,84,1,1,34.7,29,88.6,1.95
LAP03367,Dell,macOS,Coding,43.2,14.1,8,15.2,165,28,90,73,1,1,44.8,42,90.3,1.89
LAP03368,Apple,Windows,Gaming,42.4,13.7,16,15.3,75,61,8,87,1,1,39.0,30,93.2,2.3
LAP03369,Lenovo,Windows,Coding,62.6,15.1,32,13.5,60,82,49,90,1,1,41.9,50,85.6,3.65
LAP03370,Dell,Windows,Browsing,66.4,8.0,32,13.9,165,44,50,32,1,1,38.8,37,91.0,5.0
LAP03371,Acer,Linux,Gaming,71.1,24.4,8,12.5,144,67,88,25,1,1,41.3,11,97.7,2.34
LAP03372,Apple,Windows,Browsing,47.6,12.4,8,14.3,90,74,71,99,1,0,47.9,18,95.4,3.17
LAP03373,Acer,Windows,Office,30.0,28.0,16,14.3,144,85,13,16,1,1,31.3,22,96.3,1.72
LAP03374,Apple,Windows,Coding,60.7,8.0,8,13.1,75,43,86,20,1,1,42.8,49,87.3,4.24
LAP03375,MSI,Windows,Coding,44.3,24.3,16,14.9,60,63,61,1,1,1,39.7,45,90.4,2.41
LAP03376,Acer,macOS,Browsing,53.4,21.9,8,14.5,165,75,20,78,1,1,38.5,40,88.7,3.01
LAP03377,Dell,Windows,Video,57.2,18.5,16,14.0,90,54,55,43,1,1,39.4,9,91.3,3.05
LAP03378,Apple,Windows,Office,63.3,37.0,32,13.8,120,53,56,65,1,1,40.6,14,97.7,2.8
LAP03379,Apple,Windows,Office,68.4,15.3,8,15.2,60,25,13,70,1,1,36.6,49,89.0,5.38
LAP03380,ASUS,Windows,Video,72.5,28.6,16,13.9,60,68,87,35,1,1,47.7,16,100.0,2.99
LAP03381,ASUS,Windows,Office,74.8,17.4,8,17.3,60,35,10,45,1,1,38.1,51,86.6,6.12
LAP03382,HP,Windows,Browsing,56.6,44.9,8,14.7,60,32,48,49,1,1,41.3,12,97.6,3.15
LAP03383,Acer,Windows,Browsing,30.0,23.4,8,16.3,60,31,83,95,1,1,46.1,23,94.8,1.94
LAP03384,ASUS,Linux,Gaming,45.9,33.1,8,13.4,60,30,10,66,1,1,40.5,15,91.6,2.2
LAP03385,HP,Windows,Browsing,76.1,32.3,8,14.8,90,66,9,2,1,0,36.7,38,89.1,6.02
LAP03386,MSI,Windows,Office,57.2,38.7,16,13.7,240,79,97,32,1,1,38.9,37,86.6,1.61
LAP03387,MSI,Windows,Coding,87.7,26.8,16,15.6,144,68,50,44,1,0,39.3,29,89.5,3.7
LAP03388,ASUS,Windows,Office,49.3,9.2,8,14.9,60,71,31,24,1,1,36.2,44,90.6,4.4
LAP03389,Acer,Windows,Browsing,89.7,30.3,32,17.3,144,80,49,36,1,1,37.4,57,81.6,3.57
LAP03390,Apple,Linux,Coding,55.0,28.3,32,14.5,90,59,45,35,1,1,33.6,43,88.1,2.57
LAP03391,Lenovo,Windows,Office,48.7,8.0,16,12.5,120,90,94,34,1,1,41.5,54,88.3,3.0
LAP03392,Acer,Windows,Gaming,44.3,8.0,8,14.9,60,94,32,18,1,1,39.4,14,97.9,2.75
LAP03393,Dell,Windows,Browsing,64.9,33.5,4,15.3,60,72,58,44,1,1,37.6,3,96.3,3.59
LAP03394,MSI,Windows,Office,33.8,42.0,16,14.1,144,80,36,82,1,1,39.0,55,85.1,1.22
LAP03395,ASUS,Windows,Office,46.8,24.0,32,13.9,60,41,93,96,1,1,49.3,43,89.1,2.25
LAP03396,ASUS,Windows,Office,54.2,34.7,8,13.3,60,57,57,17,1,0,38.2,51,83.5,2.69
LAP03397,Apple,Windows,Coding,30.0,26.3,16,15.7,60,80,75,26,1,1,39.5,9,94.2,1.35
LAP03398,Dell,Windows,Browsing,53.5,25.4,4,15.8,60,66,34,93,1,0,43.8,39,88.0,3.51
LAP03399,Apple,Windows,Browsing,80.8,23.3,16,17.3,120,46,57,30,1,1,41.5,45,88.2,3.98
LAP03400,Dell,Windows,Video,61.5,26.0,4,14.8,165,100,35,38,1,0,34.6,58,80.9,2.16
LAP03401,Lenovo,Windows,Coding,45.1,29.7,16,15.2,144,37,16,66,1,1,33.3,45,92.1,2.29
LAP03402,MSI,Windows,Office,47.8,20.2,16,14.7,144,39,13,21,1,1,34.6,31,91.0,3.32
LAP03403,ASUS,Windows,Browsing,60.1,40.0,8,17.3,144,61,71,51,0,1,42.4,20,91.8,2.3
LAP03404,ASUS,macOS,Browsing,47.3,13.0,4,15.9,60,60,41,9,1,0,37.0,28,89.1,4.84
LAP03405,Lenovo,Windows,Browsing,62.0,45.4,32,15.0,60,91,32,7,1,0,34.3,29,87.5,3.21
LAP03406,HP,Windows,Browsing,46.9,22.4,16,17.3,60,77,90,33,1,1,41.9,56,81.2,2.22
LAP03407,MSI,Windows,Coding,39.6,24.4,16,14.9,60,59,30,52,1,1,37.2,6,97.5,2.69
LAP03408,Apple,macOS,Gaming,72.7,17.5,16,17.3,144,94,87,17,1,0,45.8,41,90.7,2.63
LAP03409,Lenovo,macOS,Office,65.6,29.9,32,17.3,60,49,25,11,1,1,31.8,28,92.7,4.65
LAP03410,Apple,Windows,Office,30.0,20.5,4,15.0,60,31,14,63,1,0,36.1,9,98.0,2.65
LAP03411,Acer,Windows,Browsing,49.9,19.3,32,15.7,60,81,84,56,1,1,40.5,53,87.2,2.58
LAP03412,ASUS,macOS,Office,70.6,32.4,8,15.2,90,81,28,95,0,1,36.4,49,93.5,3.5
LAP03413,Apple,Windows,Browsing,52.5,38.9,4,16.1,120,89,29,1,1,1,29.9,21,94.0,3.03
LAP03414,Dell,Windows,Gaming,46.3,12.5,16,14.2,165,34,56,16,1,1,32.6,59,85.9,1.81
LAP03415,Apple,Linux,Coding,51.2,34.9,64,17.3,60,26,94,51,1,1,41.8,16,95.0,1.76
LAP03416,Acer,Windows,Gaming,56.7,40.0,4,14.1,120,25,5,75,1,1,38.0,17,98.5,2.5
LAP03417,MSI,Windows,Gaming,52.3,8.0,8,15.4,60,46,57,70,1,1,44.5,45,90.9,2.99
LAP03418,ASUS,Linux,Office,53.8,14.8,16,15.5,60,21,72,78,1,1,41.2,4,100.0,4.13
LAP03419,Lenovo,Windows,Coding,52.8,39.7,8,14.6,60,25,82,1,1,1,36.2,60,80.9,1.75
LAP03420,Acer,Windows,Browsing,40.4,29.5,64,13.2,60,80,28,26,1,1,35.1,38,88.9,3.15
LAP03421,ASUS,Windows,Office,39.6,45.5,16,15.3,90,51,31,25,1,0,42.6,16,94.0,2.03
LAP03422,Apple,Windows,Gaming,38.7,22.9,32,15.3,60,48,31,24,1,1,33.6,33,93.3,1.98
LAP03423,MSI,Windows,Browsing,56.4,18.7,8,14.5,60,84,92,11,1,1,41.0,3,98.9,4.28
LAP03424,HP,Windows,Gaming,63.7,41.3,8,14.6,60,34,69,16,1,1,43.4,40,91.0,1.77
LAP03425,MSI,Windows,Office,40.9,15.0,16,15.2,120,29,43,64,1,1,43.7,7,95.1,3.13
LAP03426,HP,Linux,Gaming,32.5,22.1,16,16.7,120,29,81,94,1,1,49.5,25,90.0,1.02
LAP03427,Dell,Windows,Gaming,41.9,31.7,16,16.6,144,29,88,39,1,1,46.7,24,94.6,1.14
LAP03428,MSI,Linux,Coding,76.0,32.9,8,15.7,90,56,40,4,1,1,38.8,35,86.3,3.65
LAP03429,ASUS,Linux,Coding,50.3,15.4,16,14.4,120,51,80,91,0,0,45.3,42,88.7,2.8
LAP03430,HP,Windows,Office,51.8,28.1,32,14.5,60,55,73,27,1,1,42.4,38,85.4,2.62
LAP03431,Lenovo,Windows,Video,43.0,21.5,16,14.7,60,83,9,71,1,1,35.6,10,100.0,2.64
LAP03432,ASUS,Linux,Gaming,63.6,8.0,8,14.4,144,34,85,51,1,1,41.8,2,100.0,3.33
LAP03433,Lenovo,Windows,Video,53.1,19.5,32,13.5,120,92,14,13,1,1,34.4,43,86.6,2.86
LAP03434,MSI,Windows,Coding,44.1,8.0,16,13.9,165,35,20,5,1,1,32.1,39,91.1,3.0
LAP03435,Lenovo,Windows,Coding,39.5,17.1,16,15.8,240,65,92,17,1,0,42.0,27,91.4,1.34
LAP03436,HP,Linux,Video,60.7,10.6,8,14.1,144,63,97,36,1,1,48.0,38,91.9,2.99
LAP03437,ASUS,Windows,Coding,59.0,34.3,16,15.1,240,95,57,73,1,1,43.8,55,87.7,1.65
LAP03438,Apple,Windows,Video,36.4,28.6,16,15.0,120,54,18,63,1,0,36.7,24,90.9,1.76
LAP03439,Acer,Windows,Coding,73.4,43.5,8,15.6,60,70,78,98,1,1,46.9,21,89.0,2.23
LAP03440,HP,Linux,Browsing,45.4,13.9,8,14.1,60,77,33,34,1,1,32.6,12,97.0,4.97
LAP03441,HP,Windows,Office,30.0,26.5,8,11.6,144,24,32,16,1,1,37.2,3,97.6,2.2
LAP03442,Apple,Windows,Office,77.9,11.8,4,14.1,60,57,21,90,1,1,39.3,27,92.9,6.5
LAP03443,ASUS,Windows,Browsing,53.5,17.4,16,13.7,60,25,73,87,1,1,45.0,18,93.4,3.84
LAP03444,ASUS,Windows,Browsing,61.5,20.2,8,12.1,75,70,70,9,1,0,43.9,2,100.0,4.76
LAP03445,MSI,Windows,Coding,80.1,48.7,8,14.2,60,33,40,50,1,1,41.2,26,94.2,3.67
LAP03446,Lenovo,Windows,Browsing,40.0,29.4,32,14.0,90,67,50,80,1,0,43.0,60,78.2,1.93
LAP03447,MSI,Windows,Office,62.2,23.5,16,15.0,90,31,49,51,1,1,41.1,58,82.7,3.2
LAP03448,Apple,macOS,Video,72.6,37.9,8,15.7,120,71,13,63,1,0,40.0,10,97.3,3.63
LAP03449,MSI,Windows,Gaming,41.0,33.1,16,17.3,90,87,40,32,1,1,36.7,5,97.1,1.47
LAP03450,Apple,Windows,Video,76.9,24.3,8,15.1,60,78,9,96,1,0,41.0,47,84.6,4.2
LAP03451,ASUS,Linux,Gaming,33.9,33.1,4,15.0,60,37,83,16,1,1,38.1,30,97.0,1.02
LAP03452,Lenovo,Windows,Coding,53.6,21.3,16,17.3,165,72,77,81,1,1,46.4,55,85.3,1.92
LAP03453,MSI,Windows,Office,38.9,60.8,16,13.2,60,50,93,48,1,0,40.1,28,95.3,1.24
LAP03454,HP,Linux,Coding,65.4,39.6,32,13.3,75,54,54,6,1,1,37.4,7,92.7,2.98
LAP03455,Dell,Windows,Video,40.5,20.1,16,15.8,90,23,32,89,1,0,44.7,10,100.0,2.55
LAP03456,Acer,Windows,Office,45.7,34.1,32,16.8,60,28,31,64,1,1,37.3,55,85.1,2.34
LAP03457,HP,Windows,Browsing,41.8,31.6,64,17.0,60,34,51,61,1,1,41.2,8,96.2,2.63
LAP03458,ASUS,Windows,Video,37.0,28.4,16,12.5,60,61,37,74,1,1,38.3,30,90.0,1.7
LAP03459,Acer,Windows,Browsing,43.5,31.2,32,12.5,60,78,42,9,1,0,36.4,0,100.0,3.28
LAP03460,Dell,Linux,Coding,54.3,15.3,16,14.8,60,92,12,30,1,1,30.5,6,100.0,4.84
LAP03461,Dell,Windows,Browsing,53.5,19.8,8,16.0,165,51,8,24,1,1,29.5,9,99.4,4.01
LAP03462,Lenovo,Windows,Coding,51.8,44.9,8,14.5,90,99,40,56,1,1,40.7,8,99.0,2.0
LAP03463,Acer,Windows,Coding,45.0,27.4,8,13.4,60,64,35,64,1,1,36.4,12,97.7,2.48
LAP03464,Lenovo,macOS,Browsing,49.7,16.6,32,13.2,90,24,78,42,1,1,47.3,26,91.1,3.19
LAP03465,HP,macOS,Office,31.2,23.3,16,16.5,60,50,53,2,1,1,40.9,17,96.7,2.2
LAP03466,Apple,Windows,Coding,44.5,18.6,16,16.5,60,44,45,54,1,1,36.8,15,95.1,3.22
LAP03467,Apple,Linux,Video,51.7,35.8,8,15.9,144,75,12,47,1,0,42.0,3,100.0,2.66
LAP03468,Apple,Linux,Gaming,59.4,18.3,16,14.9,144,20,34,64,1,1,39.1,29,90.8,2.13
LAP03469,Acer,Windows,Office,57.6,25.5,4,13.8,120,80,18,70,1,1,37.8,37,88.9,3.61
LAP03470,Apple,Windows,Video,36.6,17.0,32,12.3,165,86,49,59,1,1,43.1,19,95.5,1.82
LAP03471,HP,Windows,Office,61.4,51.5,32,12.9,165,86,50,13,1,1,41.2,40,90.9,1.98
LAP03472,Lenovo,Linux,Office,56.8,32.6,16,12.1,90,61,71,86,1,1,49.5,57,85.4,2.26
LAP03473,Acer,Linux,Browsing,76.6,32.1,4,14.6,165,78,97,80,0,1,54.2,11,98.9,3.42
LAP03474,Lenovo,Windows,Coding,32.6,33.4,8,15.7,90,69,20,13,1,1,34.7,27,92.3,1.88
LAP03475,Acer,Windows,Office,53.0,20.3,8,15.1,60,96,14,8,1,1,33.6,43,86.0,3.8
LAP03476,Lenovo,Windows,Browsing,70.5,43.3,8,17.0,144,53,72,84,1,0,46.7,0,98.8,2.89
LAP03477,Dell,Linux,Coding,50.6,24.2,32,15.3,60,87,56,44,1,0,40.7,8,95.7,2.45
LAP03478,Lenovo,Linux,Video,41.3,46.3,8,12.7,60,73,54,1,1,1,32.4,41,91.1,1.48
LAP03479,Apple,Windows,Office,42.8,21.1,16,14.8,60,33,72,31,1,1,35.0,48,86.6,2.64
LAP03480,Dell,Windows,Browsing,66.8,33.6,16,14.9,144,51,6,7,1,0,28.3,32,92.7,4.79
LAP03481,Lenovo,Windows,Office,31.8,27.0,8,15.7,60,89,79,35,1,1,44.8,52,85.3,1.41
LAP03482,Acer,Windows,Office,50.0,28.2,8,16.2,60,100,83,89,1,1,46.5,0,98.4,2.47
LAP03483,Acer,Windows,Coding,41.9,8.0,32,15.7,60,27,79,36,1,1,39.2,41,89.7,3.35
LAP03484,Acer,Windows,Office,43.0,13.2,8,14.3,90,54,91,14,1,1,45.6,8,100.0,3.31
LAP03485,ASUS,Linux,Coding,61.6,43.1,16,16.9,60,43,98,33,1,0,42.6,21,96.7,2.11
LAP03486,HP,Windows,Gaming,49.1,9.5,8,16.2,90,22,64,20,1,1,32.4,8,100.0,3.08
LAP03487,Acer,Linux,Browsing,58.5,35.7,16,11.6,240,100,54,86,1,1,39.7,4,98.8,2.69
LAP03488,Dell,Windows,Gaming,36.4,56.2,8,16.1,60,55,5,8,1,0,29.6,53,86.2,1.56
LAP03489,Acer,Windows,Office,67.4,31.6,16,13.8,144,70,41,39,1,0,35.7,1,100.0,3.64
LAP03490,ASUS,macOS,Office,58.2,50.5,16,12.5,60,100,27,25,1,1,34.9,13,100.0,3.18
LAP03491,Apple,Windows,Office,73.6,33.3,8,15.4,75,76,53,21,1,0,38.8,11,98.4,3.76
LAP03492,Dell,Windows,Browsing,48.9,28.2,4,17.3,144,78,86,12,1,1,42.2,28,92.5,2.05
LAP03493,ASUS,Windows,Browsing,61.7,29.5,32,14.9,165,41,78,24,1,1,40.9,15,96.4,2.89
LAP03494,Apple,Windows,Office,66.8,22.9,8,14.6,60,56,68,70,1,1,46.6,47,84.6,3.48
LAP03495,MSI,Windows,Video,61.4,22.5,16,15.1,120,94,21,90,1,1,43.0,8,99.9,3.37
LAP03496,MSI,Linux,Gaming,80.5,18.7,16,17.3,60,31,75,14,1,1,41.7,50,86.1,3.34
LAP03497,Dell,macOS,Coding,30.1,30.1,8,14.6,75,40,19,75,1,1,41.4,31,88.6,1.77
LAP03498,Lenovo,Linux,Browsing,57.6,51.4,8,16.4,144,34,55,44,1,1,35.8,52,82.9,2.12
LAP03499,HP,Windows,Coding,48.9,42.1,8,14.4,60,31,31,96,1,1,35.3,23,91.3,2.22
LAP03500,HP,Windows,Coding,47.8,27.5,16,14.2,144,75,13,20,1,1,30.2,52,86.0,2.53
LAP03501,ASUS,Linux,Video,77.4,32.4,16,17.0,60,35,68,88,1,1,46.2,57,84.3,2.6
LAP03502,Apple,Windows,Video,45.7,24.0,32,13.5,120,52,67,39,1,1,44.1,19,95.3,2.14
LAP03503,HP,Windows,Gaming,67.8,42.1,16,16.0,120,62,89,46,1,1,41.2,19,93.0,1.6
LAP03504,Apple,Windows,Office,39.2,8.0,16,14.5,120,68,57,85,1,1,44.8,59,85.9,2.25
LAP03505,Apple,Linux,Coding,70.3,48.2,4,13.9,60,97,97,60,1,1,49.4,52,83.8,1.78
LAP03506,ASUS,Windows,Office,54.7,18.5,16,14.4,60,37,46,13,1,1,35.2,50,88.4,4.43
LAP03507,ASUS,Linux,Gaming,50.8,20.4,8,11.8,144,35,74,71,1,1,43.0,41,87.0,1.68
LAP03508,ASUS,Windows,Browsing,31.9,10.3,8,13.5,165,59,93,87,1,1,50.4,42,86.6,1.86
LAP03509,HP,macOS,Browsing,50.8,26.9,16,15.2,90,86,39,66,1,0,37.6,51,83.6,3.0
LAP03510,MSI,Windows,Browsing,44.7,16.8,16,14.7,90,81,21,75,1,1,36.2,4,97.4,3.44
LAP03511,ASUS,Windows,Video,81.2,39.0,8,13.7,144,98,48,46,0,1,38.5,19,93.6,3.0
LAP03512,HP,Windows,Office,55.8,33.1,16,17.1,60,46,95,85,1,0,47.6,15,90.4,1.99
LAP03513,ASUS,Windows,Office,46.1,16.7,16,13.6,60,100,47,15,1,1,35.6,18,98.3,3.53
LAP03514,Acer,Linux,Gaming,45.4,14.5,32,17.0,144,33,93,70,0,0,38.1,11,93.5,1.79
LAP03515,Apple,macOS,Gaming,34.6,17.3,4,15.2,60,85,80,17,1,1,41.3,16,91.0,1.53
LAP03516,ASUS,Windows,Office,77.8,13.7,8,14.6,144,46,48,44,1,0,43.8,33,91.7,4.79
LAP03517,Dell,Windows,Browsing,73.8,21.6,16,15.1,60,73,42,22,1,1,36.2,26,90.3,5.78
LAP03518,Apple,Windows,Video,54.0,14.9,16,15.4,75,79,45,25,1,1,34.4,40,84.5,2.95
LAP03519,Apple,Windows,Gaming,87.7,39.0,16,13.7,120,59,29,65,1,0,40.8,59,83.6,2.76
LAP03520,ASUS,Windows,Coding,54.8,19.0,16,13.7,60,64,53,1,1,1,35.3,25,93.3,3.81
LAP03521,MSI,Linux,Coding,71.4,31.9,32,14.7,90,87,64,21,1,0,37.3,49,88.3,2.82
LAP03522,Lenovo,macOS,Office,63.5,32.0,16,15.6,120,87,6,37,1,0,36.6,33,85.0,3.66
LAP03523,MSI,Windows,Video,46.4,8.0,16,15.9,60,82,69,41,1,1,40.1,20,91.3,3.01
LAP03524,ASUS,Windows,Coding,57.7,33.6,16,16.7,75,96,7,27,1,1,33.7,41,90.9,3.12
LAP03525,Apple,Windows,Coding,60.6,8.0,32,13.3,60,59,97,62,0,1,49.8,40,86.8,4.09
LAP03526,Dell,Windows,Browsing,35.4,15.0,8,15.5,90,60,18,16,1,1,33.8,2,100.0,3.81
LAP03527,Apple,Windows,Gaming,59.3,33.0,16,15.0,60,80,49,81,1,1,41.1,40,92.5,2.11
LAP03528,MSI,Windows,Coding,72.1,26.5,16,14.3,144,84,38,58,1,1,40.6,35,83.0,2.71
LAP03529,Dell,Windows,Browsing,44.6,20.9,8,17.3,60,20,90,1,1,1,33.8,28,94.3,2.73
LAP03530,HP,Windows,Coding,51.8,8.0,16,15.6,120,28,40,98,1,1,45.0,44,88.6,3.03
LAP03531,Acer,Windows,Coding,38.4,36.6,4,17.0,144,94,19,78,1,1,36.2,59,84.0,1.59
LAP03532,Apple,Windows,Coding,47.8,30.2,8,11.6,144,99,41,78,1,1,41.5,18,96.1,2.14
LAP03533,ASUS,Windows,Video,48.9,14.7,32,16.5,144,34,14,97,1,1,39.6,20,94.6,2.67
LAP03534,HP,Linux,Coding,78.7,13.5,8,15.8,60,78,13,49,1,1,36.5,11,94.3,6.35
LAP03535,Acer,Windows,Gaming,50.2,37.3,16,16.0,165,85,54,14,1,1,38.6,43,88.6,1.35
LAP03536,ASUS,Linux,Browsing,47.0,28.6,8,14.6,60,29,39,17,1,1,33.5,22,92.2,3.2
LAP03537,Lenovo,Windows,Browsing,53.6,8.7,16,17.3,75,68,50,76,1,1,40.4,46,86.7,4.41
LAP03538,ASUS,Windows,Browsing,30.0,16.2,8,14.7,60,30,85,37,0,1,40.8,27,95.5,2.4
LAP03539,Dell,Windows,Coding,30.0,48.5,16,15.0,144,49,51,7,1,1,35.5,54,83.6,1.0
LAP03540,Dell,Windows,Coding,34.3,37.0,32,13.6,144,42,22,79,0,0,34.0,11,97.2,1.67
LAP03541,Lenovo,Linux,Gaming,59.9,25.0,8,14.9,144,41,29,19,1,0,28.0,1,100.0,2.69
LAP03542,HP,Windows,Video,55.0,25.3,8,14.8,60,70,39,59,1,1,40.8,58,86.7,2.7
LAP03543,Acer,Windows,Coding,68.0,8.0,16,16.5,60,61,84,25,1,1,46.5,29,89.9,4.88
LAP03544,ASUS,Windows,Gaming,32.2,40.7,8,15.9,120,48,55,34,1,0,36.0,11,90.7,1.0
LAP03545,Dell,Windows,Office,51.9,19.6,8,16.6,165,64,93,80,1,0,49.6,38,88.9,2.06
LAP03546,HP,macOS,Video,31.1,15.3,4,14.8,60,52,59,25,1,1,35.0,38,97.0,1.92
LAP03547,Lenovo,Windows,Office,59.0,34.0,16,14.5,165,58,20,17,1,1,33.6,17,94.1,3.46
LAP03548,MSI,Windows,Coding,34.3,17.4,32,16.2,90,92,92,43,0,0,46.3,57,87.9,1.78
LAP03549,Apple,Windows,Video,51.3,8.0,16,15.2,144,84,16,6,0,0,37.7,56,85.4,3.06
LAP03550,MSI,macOS,Coding,58.1,29.9,16,11.7,60,69,63,34,0,1,40.5,23,88.8,2.94
LAP03551,MSI,Windows,Browsing,49.1,8.0,4,14.4,144,67,77,11,1,0,36.6,11,98.7,3.91
LAP03552,Dell,Windows,Office,30.0,24.3,32,11.9,240,56,41,43,1,1,38.4,17,94.0,1.35
LAP03553,Lenovo,Windows,Coding,79.9,28.8,8,13.9,60,97,36,40,1,1,38.1,5,98.7,5.0
LAP03554,ASUS,Linux,Video,47.5,21.7,64,16.4,60,52,61,53,1,1,48.9,7,97.4,2.21
LAP03555,MSI,Windows,Office,30.9,21.7,8,14.5,144,25,87,0,1,0,47.2,56,88.5,1.57
LAP03556,MSI,Windows,Gaming,66.4,43.6,32,14.6,60,89,26,24,1,1,37.2,48,85.9,2.34
LAP03557,Acer,Linux,Office,67.0,43.8,16,14.7,60,74,49,79,1,0,40.4,14,93.0,2.95
LAP03558,Dell,macOS,Coding,50.5,14.0,4,15.0,60,63,87,14,1,1,42.0,43,91.2,3.21
LAP03559,Dell,Windows,Video,78.0,17.9,64,14.5,120,69,16,74,1,1,34.3,6,95.1,4.43
LAP03560,ASUS,Linux,Coding,43.9,18.5,4,17.3,60,73,86,100,1,0,45.7,28,94.5,2.08
LAP03561,Apple,Windows,Gaming,57.6,24.6,16,12.6,60,82,9,2,1,1,34.7,57,81.6,3.21
LAP03562,HP,Linux,Coding,62.7,24.0,32,15.3,75,35,30,44,1,0,39.8,52,87.4,3.76
LAP03563,Acer,Windows,Coding,77.7,45.6,8,15.8,60,66,95,44,1,1,46.6,24,96.0,2.21
LAP03564,Dell,Windows,Browsing,30.0,22.8,8,13.7,120,76,24,50,1,0,35.4,12,95.0,2.19
LAP03565,Acer,Linux,Office,89.4,12.6,16,15.9,60,21,65,41,1,1,35.9,60,82.1,6.68
LAP03566,Dell,Linux,Office,72.6,17.9,16,14.1,144,56,12,38,1,0,34.2,31,95.0,5.68
LAP03567,Acer,Windows,Video,61.7,29.5,32,15.7,75,42,66,19,1,1,36.3,11,94.4,2.76
LAP03568,Lenovo,Linux,Browsing,43.0,21.9,16,13.2,90,32,58,86,1,1,41.2,47,90.1,2.49
LAP03569,MSI,Windows,Browsing,41.7,28.8,8,15.1,120,84,84,78,1,1,48.2,24,94.4,1.97
LAP03570,Dell,Linux,Browsing,59.3,22.1,16,17.3,60,67,62,17,1,1,46.0,18,94.4,4.38
LAP03571,Acer,Windows,Browsing,62.4,33.7,32,13.7,144,26,70,38,1,1,41.1,41,90.4,2.98
LAP03572,HP,Windows,Office,60.5,23.9,8,14.4,165,50,49,98,1,0,44.3,54,82.7,2.69
LAP03573,Lenovo,Windows,Gaming,57.4,10.4,4,17.3,75,82,69,28,1,1,37.4,15,94.3,3.0
LAP03574,Lenovo,Windows,Video,61.5,20.8,8,16.7,60,64,9,19,1,1,30.1,11,96.9,4.48
LAP03575,HP,Windows,Video,30.0,51.5,32,17.3,144,75,35,41,1,1,37.1,59,89.2,1.0
LAP03576,Acer,Windows,Video,51.0,39.8,8,14.5,120,83,27,78,1,1,31.8,34,87.4,1.66
LAP03577,ASUS,Windows,Office,34.3,11.1,32,15.5,120,41,25,95,1,1,37.5,35,90.0,2.28
LAP03578,HP,Linux,Gaming,54.4,46.3,64,15.6,165,82,16,11,1,1,34.5,23,94.8,1.82
LAP03579,Acer,Windows,Browsing,74.6,26.6,4,13.9,90,99,8,55,1,1,40.4,32,90.8,5.83
LAP03580,HP,Windows,Office,41.4,19.1,16,13.4,60,47,41,11,1,0,37.0,35,87.6,2.93
LAP03581,HP,Windows,Coding,44.4,21.6,8,13.3,60,63,79,88,1,1,44.4,3,98.3,2.38
LAP03582,Dell,Windows,Browsing,42.3,25.7,8,14.3,75,33,13,52,1,1,32.0,34,89.9,3.88
LAP03583,Acer,Windows,Video,44.3,38.0,16,13.2,120,38,30,97,1,0,40.6,49,90.3,1.77
LAP03584,ASUS,Windows,Office,63.3,27.3,16,14.1,60,79,31,7,1,0,33.7,55,88.8,4.32
LAP03585,MSI,Windows,Video,66.8,29.0,16,13.6,60,96,97,57,1,1,43.8,53,85.7,2.22
LAP03586,Dell,Windows,Office,77.0,39.5,32,15.7,165,21,66,23,1,1,42.1,49,84.8,2.94
LAP03587,HP,Windows,Browsing,39.9,20.2,8,15.6,60,70,54,60,1,1,37.3,7,95.2,2.73
LAP03588,MSI,Windows,Video,65.3,28.6,16,14.2,75,97,93,0,1,0,39.1,60,79.4,2.15
LAP03589,Apple,Linux,Office,67.8,30.3,16,14.5,60,53,86,88,1,1,46.3,7,92.5,2.82
LAP03590,MSI,Windows,Office,79.8,26.6,8,15.8,60,70,98,97,1,1,56.1,6,98.9,3.56
LAP03591,HP,macOS,Browsing,41.0,31.0,16,14.5,60,38,76,77,0,1,48.0,39,88.0,2.12
LAP03592,HP,Windows,Coding,30.0,16.7,16,14.2,165,55,6,99,1,0,40.0,24,92.8,1.8
LAP03593,Acer,Linux,Coding,50.8,36.8,32,13.1,144,45,90,69,1,1,48.7,47,88.2,1.69
LAP03594,Acer,Windows,Office,97.1,18.4,8,16.8,60,54,89,44,1,1,44.9,34,87.6,5.46
LAP03595,Dell,Windows,Gaming,38.6,30.5,16,12.7,90,82,30,8,1,1,35.0,14,93.9,1.66
LAP03596,ASUS,macOS,Gaming,62.3,27.5,64,14.6,144,23,97,0,1,1,41.0,17,95.6,2.15
LAP03597,Dell,Windows,Video,30.0,16.8,4,13.8,60,22,73,72,0,0,48.2,10,99.5,1.85
LAP03598,Lenovo,Windows,Video,82.2,44.5,16,15.2,60,24,50,23,1,0,38.3,29,94.8,3.19
LAP03599,HP,Windows,Office,30.0,45.6,16,14.4,240,48,82,59,1,1,43.2,28,93.9,1.0
LAP03600,MSI,macOS,Coding,30.0,13.9,4,15.1,144,38,67,81,1,0,47.4,22,93.0,1.65
LAP03601,Apple,Windows,Browsing,56.5,34.6,16,13.8,60,36,74,47,1,1,42.0,33,92.3,3.07
LAP03602,HP,Windows,Browsing,56.8,23.5,4,14.4,90,53,27,38,1,1,36.2,18,94.5,5.03
LAP03603,HP,Windows,Gaming,76.3,16.9,32,13.1,120,39,21,17,1,1,33.3,15,96.6,3.85
LAP03604,Dell,Windows,Coding,67.7,29.4,16,13.6,75,47,92,91,1,1,53.1,5,99.2,3.01
LAP03605,Apple,Linux,Office,30.0,35.0,4,14.4,60,92,68,51,1,1,41.9,40,87.9,1.29
LAP03606,Apple,Windows,Office,52.7,26.9,4,15.2,60,86,33,1,1,1,34.8,14,96.5,3.94
LAP03607,Apple,Linux,Coding,44.5,20.6,16,14.8,60,29,56,100,1,1,36.8,8,100.0,2.38
LAP03608,Dell,Windows,Browsing,35.0,41.0,8,16.9,240,40,98,35,1,1,44.2,28,93.4,1.16
LAP03609,HP,Windows,Browsing,61.5,41.4,16,12.9,60,23,28,47,1,1,37.6,41,86.7,3.96
LAP03610,Dell,Windows,Browsing,70.6,16.8,8,14.6,90,41,39,87,1,0,46.0,1,99.0,5.72
LAP03611,Acer,Windows,Office,42.9,26.1,8,11.8,165,90,51,34,1,0,40.8,46,87.0,2.13
LAP03612,Acer,Windows,Coding,50.0,8.0,8,14.8,60,81,55,69,1,1,41.9,32,91.5,3.45
LAP03613,Dell,Windows,Browsing,51.0,35.0,8,14.1,60,31,6,80,1,0,36.5,37,91.8,4.03
LAP03614,Apple,Windows,Video,45.1,40.9,16,14.3,165,30,25,93,1,0,33.3,22,97.5,1.72
LAP03615,HP,Windows,Browsing,48.6,29.7,16,14.0,144,41,44,71,1,0,39.0,55,83.8,2.16
LAP03616,Dell,Windows,Coding,45.1,12.6,16,15.6,120,48,73,41,1,1,42.3,12,97.1,2.75
LAP03617,Dell,Windows,Gaming,56.9,44.4,16,15.4,120,80,39,73,1,1,34.3,19,94.1,1.77
LAP03618,Dell,Windows,Coding,46.2,49.4,16,13.3,60,80,48,79,1,0,43.1,6,96.0,1.73
LAP03619,Lenovo,Windows,Gaming,61.4,19.8,8,14.7,120,46,39,37,1,0,41.5,56,86.9,2.58
LAP03620,Acer,Windows,Gaming,46.1,30.3,8,12.9,120,66,87,25,1,1,46.5,16,100.0,1.44
LAP03621,MSI,Windows,Office,64.7,34.8,8,12.6,60,33,84,30,1,1,40.2,50,84.6,2.67
LAP03622,Apple,macOS,Video,45.8,34.4,16,15.6,60,26,29,51,1,1,42.3,20,91.1,2.17
LAP03623,ASUS,Windows,Gaming,64.1,25.6,16,13.4,60,34,84,59,1,1,44.4,27,92.8,2.16
LAP03624,MSI,Windows,Office,42.3,46.6,16,14.1,60,65,35,7,1,1,32.0,29,92.1,2.32
LAP03625,Apple,Windows,Office,68.3,8.0,16,15.3,165,47,85,60,1,1,43.7,22,94.9,4.05
LAP03626,ASUS,Linux,Gaming,30.0,8.0,8,15.0,120,62,89,34,1,1,43.5,60,81.8,1.39
LAP03627,Lenovo,Windows,Video,54.9,24.8,32,17.0,60,29,56,33,1,1,32.7,20,97.5,2.87
LAP03628,Dell,Linux,Browsing,46.5,45.9,32,13.2,144,70,39,9,1,1,38.5,48,83.4,1.93
LAP03629,Lenovo,Windows,Office,54.3,38.9,8,16.7,60,22,27,39,0,1,30.6,0,99.7,3.95
LAP03630,Lenovo,Linux,Video,37.2,8.0,16,15.8,240,95,53,51,1,1,39.8,16,96.1,1.6
LAP03631,MSI,Windows,Coding,52.1,59.1,16,16.1,144,96,20,11,1,1,36.4,31,92.8,2.05
LAP03632,HP,Windows,Coding,38.4,31.7,16,14.5,144,63,62,26,1,1,39.5,23,91.2,1.59
LAP03633,MSI,Windows,Video,51.4,11.2,32,13.7,60,73,54,18,1,1,39.5,6,98.9,3.68
LAP03634,Acer,macOS,Coding,50.0,23.9,16,15.1,60,53,82,56,1,0,48.2,34,86.8,2.24
LAP03635,ASUS,Linux,Coding,59.9,36.6,16,13.7,60,84,68,89,1,1,47.7,35,88.1,2.16
LAP03636,Dell,Windows,Video,56.0,40.0,16,13.6,60,44,56,53,1,1,41.7,13,93.1,1.97
LAP03637,MSI,Windows,Video,83.2,24.2,8,15.2,144,82,44,14,1,1,44.7,55,85.1,3.25
LAP03638,ASUS,Windows,Coding,47.4,31.3,8,16.5,60,89,58,94,1,1,40.2,11,95.6,2.25
LAP03639,Apple,Windows,Office,53.0,23.5,8,12.8,75,64,89,36,1,1,44.8,38,88.8,2.66
LAP03640,ASUS,Windows,Office,100.0,24.2,8,16.8,120,87,21,60,1,1,39.1,22,94.5,5.34
LAP03641,Apple,Windows,Gaming,51.6,33.7,32,13.3,60,45,8,17,1,0,28.0,60,85.8,2.46
LAP03642,MSI,Linux,Browsing,69.3,42.3,8,14.6,60,45,84,92,1,1,45.6,13,90.8,3.03
LAP03643,Acer,Windows,Office,63.6,11.4,32,14.6,165,45,60,43,1,1,37.5,53,86.5,3.51
LAP03644,MSI,Windows,Office,90.0,22.2,16,14.3,60,97,34,90,1,1,41.4,24,91.6,5.43
LAP03645,Apple,Windows,Video,33.5,17.8,16,14.7,60,81,38,83,0,0,40.0,21,91.4,2.01
LAP03646,ASUS,macOS,Browsing,31.8,12.9,8,15.2,144,80,90,20,1,1,48.3,44,89.5,1.74
LAP03647,ASUS,Linux,Office,38.2,12.3,16,16.8,90,21,48,28,1,1,41.3,48,89.9,3.03
LAP03648,Apple,Windows,Browsing,57.6,25.3,8,14.7,144,60,97,14,1,1,43.7,36,88.9,2.57
LAP03649,Lenovo,macOS,Video,39.9,12.1,64,13.7,144,64,73,85,1,1,45.4,28,93.3,2.01
LAP03650,Acer,Linux,Browsing,30.0,11.7,32,13.5,165,33,69,86,1,1,38.5,7,100.0,2.07
LAP03651,HP,Windows,Office,41.1,22.8,8,15.4,60,56,57,67,1,1,37.0,10,98.5,2.81
LAP03652,Dell,Windows,Office,60.5,13.2,8,16.1,75,21,93,87,0,0,49.4,29,91.0,4.04
LAP03653,ASUS,macOS,Gaming,41.4,31.1,16,14.1,120,24,74,63,1,1,44.5,58,87.5,1.23
LAP03654,Dell,Windows,Office,72.1,19.3,8,16.3,144,21,91,13,1,1,36.7,21,94.6,3.75
LAP03655,HP,Windows,Browsing,38.1,10.7,16,17.3,90,20,37,36,1,1,39.2,14,99.1,3.75
LAP03656,MSI,Windows,Coding,55.2,52.9,16,16.8,75,67,82,53,1,1,42.8,20,90.9,1.54
LAP03657,Dell,Windows,Gaming,49.1,8.0,16,14.0,120,41,40,58,1,1,36.1,46,87.5,2.38
LAP03658,HP,macOS,Coding,57.8,35.3,16,16.4,60,60,22,58,1,1,38.0,24,90.3,3.45
LAP03659,Apple,Windows,Gaming,59.3,29.2,16,16.3,165,44,55,84,1,0,45.0,54,82.4,1.45
LAP03660,Lenovo,Windows,Video,78.8,19.2,8,15.1,60,65,61,54,1,1,39.6,12,96.4,4.26
LAP03661,ASUS,Linux,Browsing,65.3,14.1,32,16.3,144,28,48,42,1,1,41.0,6,96.6,4.59
LAP03662,HP,Windows,Coding,48.7,45.7,32,16.1,120,80,14,51,1,1,33.5,48,85.1,2.06
LAP03663,Dell,Windows,Office,64.2,50.5,4,16.7,90,66,43,38,1,1,36.6,17,92.7,2.56
LAP03664,ASUS,macOS,Coding,66.3,21.5,8,15.8,75,93,60,76,1,1,35.8,11,97.1,3.5
LAP03665,Lenovo,Windows,Office,85.7,19.7,4,16.1,60,98,53,18,1,1,38.8,60,82.5,5.0
LAP03666,Apple,Windows,Office,52.6,38.5,32,13.6,144,22,62,55,1,1,36.9,46,89.7,1.85
LAP03667,MSI,Windows,Gaming,53.8,22.0,8,15.0,60,27,80,89,1,1,43.7,25,95.1,2.07
LAP03668,ASUS,Windows,Browsing,74.7,32.0,16,14.0,60,44,27,35,1,1,34.5,4,97.3,5.45
LAP03669,MSI,macOS,Gaming,30.0,31.7,8,16.7,60,55,11,51,0,1,38.7,50,84.7,1.28
LAP03670,HP,Windows,Browsing,51.9,25.4,16,13.1,60,62,49,43,1,0,37.6,7,100.0,4.05
LAP03671,Lenovo,Windows,Browsing,65.4,27.0,16,11.9,60,69,93,45,1,1,48.3,35,90.1,3.53
LAP03672,Dell,Windows,Gaming,70.7,29.4,8,13.0,60,82,59,96,1,1,40.2,54,88.1,2.41
LAP03673,Lenovo,Windows,Coding,30.0,11.9,8,14.7,90,53,59,39,1,1,41.7,4,100.0,2.18
LAP03674,Lenovo,Linux,Video,34.9,16.8,8,12.2,120,92,81,79,0,0,48.6,21,93.6,1.46
LAP03675,Acer,Linux,Browsing,30.0,27.7,16,12.3,144,29,42,52,1,1,39.0,22,95.5,1.71
LAP03676,Lenovo,macOS,Coding,68.1,19.5,16,15.9,60,46,23,56,1,1,40.5,7,97.4,5.54
LAP03677,Lenovo,Windows,Video,58.1,58.3,8,13.0,60,32,26,18,1,1,33.6,50,87.1,2.11
LAP03678,ASUS,Windows,Coding,76.3,26.6,16,16.4,60,70,15,100,1,1,40.0,18,96.7,4.9
LAP03679,Dell,Windows,Office,55.4,8.0,4,13.1,144,87,7,77,1,1,28.7,33,87.6,3.57
LAP03680,ASUS,Linux,Gaming,88.6,8.0,16,12.0,60,35,23,43,1,1,34.7,5,96.8,6.75
LAP03681,ASUS,Windows,Coding,40.9,34.9,8,13.6,90,31,95,93,1,1,45.5,58,85.2,1.21
LAP03682,HP,Windows,Gaming,49.5,26.7,32,13.2,60,44,11,94,1,1,41.6,49,82.9,2.31
LAP03683,ASUS,Windows,Video,61.2,42.3,16,13.2,60,68,95,19,1,1,45.4,48,89.1,1.75
LAP03684,Acer,Windows,Video,44.3,17.3,16,14.8,60,35,38,43,1,0,41.5,16,98.1,2.99
LAP03685,Acer,Windows,Browsing,61.3,23.6,8,15.2,144,21,15,42,1,0,28.1,56,86.7,3.86
LAP03686,MSI,macOS,Office,53.3,28.4,4,16.9,60,92,9,6,1,0,32.1,16,97.0,4.51
LAP03687,HP,Windows,Gaming,52.5,23.1,16,14.5,165,96,75,41,1,1,43.3,14,98.3,1.57
LAP03688,MSI,Windows,Browsing,53.1,22.1,16,15.4,165,97,40,61,1,1,34.0,38,90.0,2.92
LAP03689,MSI,Windows,Browsing,65.6,33.7,8,13.1,75,95,9,100,1,1,34.7,36,92.1,5.31
LAP03690,Apple,Linux,Office,49.9,15.0,32,13.7,165,54,60,1,1,0,43.7,30,93.0,3.31
LAP03691,Dell,Windows,Browsing,38.2,31.4,8,16.8,60,41,9,85,1,1,40.1,21,94.3,3.13
LAP03692,Dell,Windows,Gaming,56.0,46.9,8,17.0,60,67,31,76,1,0,38.7,57,82.0,1.66
LAP03693,ASUS,Windows,Gaming,45.5,44.9,16,17.2,60,83,97,45,1,1,48.5,24,92.4,1.0
LAP03694,ASUS,Windows,Office,40.0,8.0,32,14.8,60,86,31,37,1,0,33.0,18,91.9,3.49
LAP03695,Apple,Windows,Browsing,30.0,19.1,8,13.1,60,41,36,94,1,1,42.6,53,85.4,2.36
LAP03696,ASUS,Linux,Video,69.0,28.5,16,13.9,75,92,93,0,1,0,43.3,6,98.8,2.68
LAP03697,Dell,Windows,Coding,64.9,40.3,16,14.5,60,66,19,46,1,1,31.7,1,96.0,3.53
LAP03698,MSI,Windows,Gaming,76.1,27.5,64,14.2,90,59,58,12,1,1,35.1,14,94.0,2.9
LAP03699,Lenovo,Windows,Coding,55.0,40.4,8,15.2,60,72,24,59,1,1,37.5,21,91.6,2.59
LAP03700,Acer,Windows,Office,71.2,17.0,32,16.1,60,22,92,80,1,1,51.0,45,82.1,3.42
LAP03701,Lenovo,Windows,Coding,40.8,29.0,8,13.6,144,25,38,63,1,1,44.5,37,91.9,1.88
LAP03702,Lenovo,Windows,Gaming,30.0,29.3,8,17.3,120,33,38,67,1,1,44.7,52,89.6,1.0
LAP03703,Dell,Windows,Coding,43.7,40.8,8,15.1,144,77,50,54,1,0,42.6,6,97.5,1.59
LAP03704,Lenovo,Windows,Coding,51.9,35.9,8,16.9,165,26,95,30,1,1,44.0,40,88.6,1.41
LAP03705,Apple,Windows,Browsing,60.4,33.3,16,15.6,90,48,25,96,1,1,49.2,22,96.1,3.96
LAP03706,HP,Linux,Video,74.2,35.2,16,17.3,144,22,43,13,1,1,36.9,1,99.0,2.93
LAP03707,ASUS,Windows,Video,59.8,10.5,8,13.4,60,32,44,84,1,1,43.8,51,86.2,3.74
LAP03708,HP,Windows,Office,88.9,22.9,8,14.3,60,55,48,85,1,0,46.1,32,90.3,5.62
LAP03709,MSI,Linux,Office,56.8,12.9,8,14.3,90,57,40,4,1,1,32.4,17,93.6,4.6
LAP03710,Acer,Windows,Office,56.5,17.2,8,15.3,90,94,59,53,1,1,44.4,56,82.3,2.96
LAP03711,ASUS,Linux,Office,60.1,22.9,8,15.2,120,79,93,52,1,1,42.8,43,86.3,2.55
LAP03712,Lenovo,Windows,Browsing,60.7,8.0,8,15.5,144,92,75,36,1,0,44.8,6,100.0,4.87
LAP03713,Acer,Windows,Office,60.5,23.3,4,15.2,120,41,54,95,1,0,47.3,58,81.9,2.72
LAP03714,ASUS,Windows,Coding,36.5,15.6,16,15.8,60,40,62,56,1,1,43.9,23,96.1,2.38
LAP03715,Apple,Windows,Browsing,67.8,12.3,32,14.3,60,52,78,2,1,1,40.2,55,84.7,5.29
LAP03716,Apple,Windows,Office,92.6,26.2,8,15.7,90,23,78,76,1,1,49.9,10,96.3,4.31
LAP03717,Apple,Windows,Gaming,41.8,20.3,8,17.3,75,99,42,10,1,1,31.4,11,94.4,2.02
LAP03718,Apple,Windows,Coding,54.4,29.1,16,15.0,60,63,28,41,1,1,35.1,17,96.1,3.43
LAP03719,Lenovo,Windows,Coding,34.4,17.2,8,13.0,240,20,78,54,0,1,41.1,36,89.7,1.47
LAP03720,HP,Windows,Office,66.3,22.9,16,14.1,165,81,63,37,1,1,40.0,0,100.0,3.44
LAP03721,ASUS,Windows,Coding,66.3,54.5,32,14.4,144,98,49,23,1,1,37.3,60,83.2,1.88
LAP03722,Lenovo,Windows,Browsing,32.4,32.5,16,13.8,60,41,30,8,1,0,33.7,56,84.7,2.4
LAP03723,Apple,Windows,Video,35.3,14.8,16,15.2,60,78,98,12,1,1,50.3,52,83.6,1.78
LAP03724,MSI,Windows,Browsing,30.0,39.9,8,16.1,60,56,95,85,1,1,46.6,0,96.5,1.3
LAP03725,HP,Windows,Coding,78.6,43.6,8,13.2,90,42,87,17,1,1,41.4,26,96.4,2.63
LAP03726,MSI,Linux,Office,42.4,32.2,16,12.6,60,52,69,9,1,1,44.8,54,82.2,2.1
LAP03727,Acer,Linux,Video,53.0,15.6,32,17.3,60,41,15,11,1,0,35.3,8,95.3,4.32
LAP03728,MSI,Windows,Coding,49.5,37.4,32,13.7,144,83,54,93,1,1,45.1,0,99.1,1.95
LAP03729,Acer,Linux,Office,69.8,18.1,16,17.0,240,81,62,46,1,1,45.6,27,84.6,2.62
LAP03730,Acer,Windows,Browsing,64.9,41.2,8,16.1,90,73,38,82,1,1,38.2,11,97.6,3.53
LAP03731,Apple,Windows,Coding,64.1,22.1,8,14.2,165,77,20,82,1,1,42.6,48,88.1,2.85
LAP03732,Acer,macOS,Gaming,42.8,21.6,4,13.9,240,31,63,9,1,1,42.5,15,89.7,1.35
LAP03733,Dell,Windows,Video,65.2,31.3,32,14.2,60,37,5,0,1,1,35.4,48,91.0,5.32
LAP03734,ASUS,macOS,Browsing,68.9,41.9,8,14.4,120,86,45,56,1,1,41.7,6,100.0,3.44
LAP03735,ASUS,Windows,Office,64.8,53.4,8,15.9,60,79,32,70,0,1,38.2,57,82.0,2.68
LAP03736,Apple,Windows,Gaming,35.7,25.3,16,13.1,75,20,19,10,1,0,36.7,34,89.8,1.94
LAP03737,Dell,Windows,Coding,38.1,20.1,8,16.8,60,39,84,52,1,1,40.5,56,87.5,1.78
LAP03738,MSI,Windows,Coding,81.1,15.2,16,14.1,60,36,50,3,1,1,38.5,40,86.8,6.27
LAP03739,Lenovo,Windows,Gaming,84.2,8.0,8,13.0,165,68,36,99,1,1,43.7,22,94.7,3.59
LAP03740,MSI,Windows,Gaming,54.0,12.9,16,15.3,144,41,43,60,0,1,40.9,34,95.2,2.43
LAP03741,Lenovo,Linux,Coding,53.9,27.8,4,17.3,60,52,69,84,1,1,44.8,15,94.2,2.19
LAP03742,Acer,Windows,Office,57.4,37.7,16,13.8,75,45,77,85,1,0,50.9,47,84.4,2.02
LAP03743,HP,Windows,Office,63.7,14.2,16,15.2,75,46,97,9,1,1,44.1,41,91.8,3.72
LAP03744,Lenovo,Windows,Video,33.4,34.4,16,15.2,75,79,93,86,0,1,50.8,7,100.0,1.19
LAP03745,HP,Linux,Office,58.5,14.7,16,17.3,60,53,79,4,1,1,40.1,47,93.2,4.85
LAP03746,ASUS,Windows,Browsing,39.5,16.1,16,13.7,144,99,15,60,1,1,40.1,15,96.1,2.87
LAP03747,HP,Windows,Office,54.7,12.2,8,16.3,60,97,74,75,1,0,43.9,5,99.9,3.6
LAP03748,ASUS,macOS,Browsing,41.7,41.0,32,13.0,60,71,38,29,1,0,33.4,35,91.7,2.66
LAP03749,Dell,Windows,Coding,45.3,44.3,8,15.3,120,74,54,56,1,1,39.5,55,82.0,1.32
LAP03750,Dell,Windows,Coding,57.7,16.3,8,16.0,144,80,48,32,1,1,36.5,30,92.9,3.17
LAP03751,Apple,Linux,Office,45.7,15.3,8,16.4,165,69,18,36,1,1,28.2,46,90.5,2.61
LAP03752,Apple,Linux,Office,38.5,32.5,8,13.1,120,82,76,81,1,1,45.6,27,92.8,1.49
LAP03753,Acer,Windows,Gaming,76.8,45.7,32,12.2,60,83,29,67,1,0,34.8,34,89.8,2.67
LAP03754,Lenovo,Windows,Browsing,38.7,44.4,8,14.7,90,33,72,90,1,1,45.0,16,98.4,1.74
LAP03755,Acer,Windows,Video,30.0,20.4,8,14.2,165,70,54,22,1,1,38.4,46,90.1,1.23
LAP03756,ASUS,Windows,Gaming,63.5,22.8,16,13.0,60,46,99,69,1,0,45.4,29,89.3,2.11
LAP03757,Acer,macOS,Office,50.7,10.2,8,13.2,165,59,89,6,1,1,41.7,51,89.8,3.0
LAP03758,HP,Windows,Coding,54.6,20.2,32,14.3,60,87,36,18,1,0,35.2,8,100.0,3.73
LAP03759,ASUS,Windows,Gaming,57.4,26.2,32,17.3,120,28,59,14,0,0,35.2,22,96.0,2.28
LAP03760,Apple,Windows,Browsing,74.1,8.8,8,13.3,60,75,82,85,1,1,44.5,44,88.0,5.26
LAP03761,Dell,Windows,Coding,83.0,18.5,8,16.2,144,58,96,31,0,1,46.0,0,98.6,3.79
LAP03762,Apple,Linux,Office,58.8,27.7,8,12.9,60,34,29,78,1,0,41.1,11,96.2,4.34
LAP03763,Lenovo,Windows,Office,37.4,8.0,16,13.9,60,37,96,58,1,1,53.6,16,95.6,3.16
LAP03764,ASUS,macOS,Video,57.2,30.6,8,12.9,144,71,83,69,1,0,43.4,45,82.4,1.73
LAP03765,ASUS,Windows,Gaming,63.8,37.2,16,17.3,75,80,56,69,1,0,41.6,32,91.9,1.94
LAP03766,HP,Windows,Video,70.1,31.8,16,16.3,144,56,60,5,1,0,35.5,21,98.1,2.9
LAP03767,Lenovo,Linux,Browsing,57.1,19.0,8,16.0,60,99,26,75,1,1,36.0,9,96.2,4.9
LAP03768,Dell,Linux,Browsing,46.6,39.1,8,15.9,240,72,51,65,1,1,39.1,25,93.2,1.81
LAP03769,MSI,Linux,Coding,41.4,41.6,8,13.9,60,31,74,88,1,1,43.3,13,96.6,1.61
LAP03770,ASUS,Linux,Browsing,53.3,28.8,16,15.0,120,100,55,3,1,1,37.4,24,94.2,3.15
LAP03771,ASUS,Windows,Coding,32.5,26.8,8,13.5,165,44,70,69,1,1,42.1,46,86.3,1.15
LAP03772,HP,Windows,Coding,60.9,17.6,8,17.3,90,98,74,56,1,1,41.9,10,93.7,2.76
LAP03773,Acer,macOS,Coding,57.7,20.1,8,13.4,240,44,91,60,1,0,43.8,18,91.2,2.14
LAP03774,Dell,Windows,Coding,57.6,37.9,16,13.8,120,40,94,55,1,1,43.7,42,83.0,1.68
LAP03775,Apple,Windows,Office,65.8,47.2,8,17.2,60,26,79,100,1,1,46.8,50,84.2,2.17
LAP03776,Lenovo,Windows,Browsing,76.8,20.0,64,14.9,75,95,69,13,1,0,46.3,27,88.8,4.8
LAP03777,ASUS,Windows,Office,53.9,22.9,16,15.8,144,68,96,82,1,1,49.3,26,91.3,2.04
LAP03778,ASUS,Linux,Coding,56.2,17.2,16,14.9,165,58,26,6,1,1,35.5,59,84.4,2.94
LAP03779,Apple,Windows,Coding,49.5,19.8,32,14.0,90,94,45,53,1,1,33.8,54,80.2,2.37
LAP03780,Dell,Linux,Video,63.3,9.9,16,14.0,60,68,81,81,1,1,46.2,10,98.4,3.54
LAP03781,Acer,Windows,Video,54.9,30.1,16,16.2,60,53,51,57,1,1,38.5,21,94.9,2.55
LAP03782,ASUS,Windows,Gaming,72.3,9.8,8,15.3,75,94,64,60,1,1,43.5,24,91.9,3.17
LAP03783,Dell,Windows,Office,72.0,18.4,16,16.7,60,35,26,71,1,1,41.6,29,91.6,5.03
LAP03784,Apple,Windows,Browsing,59.7,24.3,4,16.7,60,34,8,27,1,1,33.3,18,97.7,6.44
LAP03785,HP,Windows,Office,53.8,9.2,8,15.8,144,59,48,84,1,1,42.0,38,86.2,3.36
LAP03786,Acer,Windows,Video,50.9,15.7,8,16.5,75,98,45,54,1,0,39.4,6,99.5,2.83
LAP03787,Lenovo,Windows,Office,62.2,11.5,16,15.8,120,26,86,98,1,1,47.3,56,81.3,3.05
LAP03788,ASUS,Windows,Video,62.2,38.2,16,15.5,60,59,42,73,0,1,34.6,5,98.5,2.85
LAP03789,Dell,Windows,Coding,50.9,42.1,16,14.5,144,85,21,52,1,1,35.9,8,97.8,2.54
LAP03790,HP,Windows,Gaming,59.3,15.5,16,12.6,75,89,93,91,1,1,45.4,53,86.3,2.1
LAP03791,Lenovo,Windows,Gaming,43.4,58.2,4,14.1,60,41,21,82,1,1,32.0,17,93.8,1.43
LAP03792,MSI,Windows,Browsing,61.8,13.8,8,17.0,120,78,97,43,1,1,45.7,30,92.9,4.02
LAP03793,Dell,Linux,Office,44.6,19.9,8,15.4,60,24,49,98,1,1,38.9,5,90.6,2.73
LAP03794,Dell,Windows,Coding,66.6,30.9,8,14.4,60,37,50,27,1,1,38.5,60,80.7,3.15
LAP03795,Lenovo,Linux,Office,50.2,32.0,16,16.7,144,30,12,45,1,1,32.8,45,84.6,2.33
LAP03796,HP,Linux,Office,80.1,21.2,16,14.4,60,27,97,48,1,0,41.5,52,88.3,4.19
LAP03797,MSI,Windows,Coding,55.6,38.1,8,16.0,165,39,19,66,1,1,39.7,21,91.9,2.1
LAP03798,Apple,Linux,Browsing,58.6,39.4,16,16.9,90,94,37,26,1,1,38.2,8,96.7,3.12
LAP03799,HP,Windows,Coding,34.0,24.9,32,15.9,90,78,53,80,1,1,44.3,30,93.1,1.67
LAP03800,Acer,Linux,Coding,76.1,23.2,8,16.5,60,44,14,78,1,1,36.5,21,88.9,4.82
LAP03801,ASUS,Linux,Browsing,54.4,17.7,16,15.7,144,77,66,38,1,1,37.8,52,88.5,2.97
LAP03802,Lenovo,Windows,Office,81.1,12.5,8,12.3,90,38,59,85,1,1,42.1,20,96.4,5.64
LAP03803,Apple,Windows,Office,55.7,15.4,16,16.8,144,21,62,83,1,1,43.6,34,90.5,2.83
LAP03804,MSI,Windows,Video,51.8,31.5,8,16.1,60,77,67,26,1,1,36.0,28,88.5,2.03
LAP03805,Lenovo,Windows,Browsing,47.3,25.0,16,14.6,120,85,15,34,1,1,35.7,20,95.6,3.69
LAP03806,Lenovo,Windows,Gaming,64.6,22.1,8,14.2,165,26,39,46,1,1,42.8,52,88.2,1.95
LAP03807,HP,Windows,Office,62.8,18.1,32,15.2,60,70,100,51,1,1,45.0,57,85.5,3.06
LAP03808,ASUS,Windows,Browsing,35.0,18.4,16,13.3,240,52,90,68,1,1,46.2,60,84.7,1.5
LAP03809,Acer,Windows,Office,46.5,24.5,4,16.3,60,94,8,65,0,1,41.8,34,89.9,3.54
LAP03810,Dell,macOS,Office,65.8,23.5,16,14.8,60,32,70,40,1,1,43.6,22,95.4,4.06
LAP03811,Dell,Linux,Office,45.3,25.0,16,13.7,60,29,37,49,1,1,39.2,39,90.5,3.08
LAP03812,Lenovo,Windows,Coding,42.7,19.7,16,15.9,60,78,77,44,1,1,41.0,43,88.4,2.1
LAP03813,ASUS,Windows,Coding,57.9,17.0,32,15.7,60,57,39,19,0,1,39.3,22,97.2,4.5
LAP03814,MSI,Windows,Browsing,56.3,25.1,32,16.1,60,39,42,70,1,1,40.8,17,92.8,3.86
LAP03815,MSI,Windows,Browsing,48.0,32.8,16,13.2,60,33,99,35,1,1,45.5,58,84.2,2.21
LAP03816,Apple,Linux,Video,81.5,18.9,8,16.0,60,59,82,71,1,1,37.6,22,95.6,3.74
LAP03817,HP,Windows,Coding,52.8,8.0,4,17.3,60,26,61,90,1,0,47.7,0,99.3,4.16
LAP03818,ASUS,Windows,Office,36.0,8.6,64,14.9,60,88,99,69,1,1,47.8,50,85.0,2.39
LAP03819,ASUS,Linux,Video,30.7,37.9,32,14.9,165,25,37,23,1,0,34.3,43,88.7,1.22
LAP03820,HP,macOS,Office,70.3,36.9,8,13.1,165,59,48,35,1,0,41.2,57,85.5,2.8
LAP03821,MSI,Windows,Video,38.5,32.8,16,15.1,144,72,57,4,1,1,38.3,19,94.0,1.5
LAP03822,MSI,Windows,Office,55.5,31.2,16,13.6,60,28,84,83,1,1,49.6,53,89.5,2.57
LAP03823,MSI,Windows,Browsing,41.9,37.2,16,16.6,60,84,24,19,1,0,32.2,15,95.5,3.01
LAP03824,Lenovo,Windows,Gaming,53.5,20.9,32,17.3,60,39,67,52,1,1,40.6,8,98.2,2.32
LAP03825,ASUS,macOS,Office,60.2,26.7,4,17.3,60,25,55,39,1,1,38.4,24,91.2,3.39
LAP03826,Dell,Windows,Video,34.5,15.7,32,13.8,240,96,18,97,1,1,37.4,37,88.6,1.29
LAP03827,HP,Windows,Office,48.2,22.9,8,14.0,165,58,39,49,1,1,37.8,24,91.9,2.64
LAP03828,MSI,Linux,Coding,44.9,47.8,16,15.8,60,40,49,73,1,0,44.0,37,92.9,1.77
LAP03829,Apple,Linux,Gaming,40.5,15.1,16,14.7,60,56,37,66,1,1,37.4,6,94.1,2.21
LAP03830,MSI,macOS,Browsing,49.4,11.0,16,15.0,144,31,65,97,1,1,46.5,45,86.4,2.79
LAP03831,MSI,Windows,Video,45.6,22.7,16,17.3,144,89,97,34,1,1,38.1,15,99.5,1.54
LAP03832,Acer,Windows,Coding,68.1,20.2,16,13.5,60,34,76,63,0,1,45.4,53,88.4,4.2
LAP03833,Lenovo,Windows,Coding,44.3,28.2,16,15.4,60,40,57,36,1,1,41.0,34,90.5,2.18
LAP03834,HP,Windows,Coding,61.8,34.5,16,15.5,90,100,82,44,1,1,41.9,58,85.0,1.92
LAP03835,Acer,Windows,Gaming,61.2,20.5,8,16.5,60,65,82,37,1,0,41.1,30,87.8,2.53
LAP03836,Acer,Windows,Browsing,32.5,50.3,32,13.8,144,90,54,86,1,0,46.2,60,81.7,1.13
LAP03837,Apple,Windows,Office,47.4,39.8,4,17.1,60,29,19,100,1,1,36.9,0,100.0,3.02
LAP03838,ASUS,Linux,Gaming,53.3,15.8,16,15.4,60,85,46,84,1,1,47.1,19,96.7,2.59
LAP03839,Apple,Windows,Video,59.0,24.1,8,13.8,60,95,24,26,1,1,34.7,48,88.6,3.32
LAP03840,ASUS,Linux,Browsing,51.5,31.3,16,14.7,60,58,96,64,1,1,45.0,57,85.7,2.21
LAP03841,ASUS,Windows,Coding,70.6,15.1,8,16.4,120,41,72,72,1,1,39.2,26,94.5,3.28
LAP03842,HP,Linux,Coding,56.6,8.0,32,17.3,60,61,11,2,1,1,33.4,0,100.0,5.76
LAP03843,MSI,Windows,Office,61.7,48.2,4,14.5,60,25,70,58,1,1,43.3,36,91.1,2.32
LAP03844,HP,Linux,Office,46.1,11.7,8,17.3,144,71,77,99,1,1,49.0,23,89.4,2.51
LAP03845,Lenovo,Windows,Coding,61.9,35.2,16,16.7,60,56,27,97,1,1,45.2,48,87.0,2.92
LAP03846,ASUS,Windows,Browsing,84.0,33.4,8,14.3,60,25,40,29,1,1,34.8,4,100.0,5.26
LAP03847,Acer,Linux,Video,62.9,15.2,16,15.8,60,92,16,94,1,0,38.2,10,97.7,4.17
LAP03848,MSI,Windows,Video,71.5,48.5,32,16.2,60,48,27,93,1,0,37.7,55,85.3,3.11
LAP03849,Dell,Windows,Office,50.6,25.8,16,14.7,90,88,99,15,1,0,40.8,34,89.7,2.36
LAP03850,Lenovo,Linux,Office,68.9,26.7,8,14.1,60,70,15,28,1,1,37.2,28,89.9,4.88
LAP03851,HP,Linux,Office,70.2,8.0,8,14.8,120,96,5,69,1,1,38.5,53,86.9,5.01
LAP03852,Apple,Windows,Office,58.7,8.0,8,14.5,75,46,81,77,1,1,46.2,22,95.2,4.33
LAP03853,Lenovo,Windows,Video,53.9,22.1,8,15.4,120,56,43,73,1,1,42.7,9,100.0,2.39
LAP03854,Lenovo,Windows,Office,32.6,40.6,4,17.3,240,65,97,87,1,1,54.0,29,89.3,1.0
LAP03855,MSI,Windows,Coding,54.5,8.0,32,15.6,60,44,74,99,1,1,45.6,30,87.2,3.53
LAP03856,Lenovo,macOS,Office,63.5,26.7,16,17.3,120,56,35,23,1,0,38.6,23,93.8,3.19
LAP03857,Lenovo,Windows,Office,43.5,26.0,8,15.8,144,42,13,6,1,1,33.9,13,94.7,2.6
LAP03858,Dell,Windows,Browsing,35.9,39.9,8,17.3,165,45,60,48,0,1,38.7,50,85.4,1.38
LAP03859,Apple,macOS,Browsing,56.5,37.2,16,13.9,120,95,22,62,1,1,37.3,60,84.9,2.93
LAP03860,Apple,Windows,Browsing,58.5,26.7,8,12.1,60,71,63,100,1,1,43.6,10,98.3,3.73
LAP03861,Apple,Windows,Office,34.8,23.9,32,15.4,60,22,71,45,1,1,46.7,0,99.6,1.99
LAP03862,ASUS,Windows,Gaming,55.6,16.4,8,15.6,60,92,100,47,1,1,42.4,43,86.1,2.14
LAP03863,Acer,Windows,Video,59.3,11.3,32,17.2,165,98,7,24,1,1,28.0,25,94.4,2.84
LAP03864,Apple,Windows,Office,74.8,17.5,16,17.3,90,91,34,42,1,0,32.7,55,79.6,4.7
LAP03865,Lenovo,Windows,Browsing,47.9,11.7,32,12.8,90,47,68,54,1,1,40.8,19,96.7,3.62
LAP03866,Lenovo,Windows,Browsing,86.3,23.7,4,14.8,120,99,74,33,1,1,42.3,1,100.0,4.68
LAP03867,Apple,Windows,Office,55.8,24.6,4,15.2,60,53,95,64,0,0,42.1,32,89.9,2.86
LAP03868,MSI,Windows,Office,37.0,21.7,16,13.4,60,84,6,27,1,1,33.6,46,90.6,3.46
LAP03869,Apple,Windows,Office,50.0,26.3,32,14.8,165,48,24,40,1,1,37.2,44,89.5,2.67
LAP03870,Lenovo,Windows,Browsing,38.3,19.5,16,16.5,144,23,85,28,0,0,41.3,53,86.1,2.15
LAP03871,ASUS,Windows,Browsing,52.5,35.1,16,16.6,75,87,85,31,1,1,42.2,44,87.1,2.22
LAP03872,HP,Windows,Browsing,62.0,27.7,4,15.5,60,81,33,68,1,1,40.9,44,83.1,3.58
LAP03873,HP,Windows,Browsing,59.0,19.2,8,17.3,75,57,13,33,0,1,35.0,16,95.3,5.58
LAP03874,Apple,Windows,Video,38.0,11.0,8,15.5,60,86,8,58,1,1,36.0,5,99.3,2.75
LAP03875,Dell,Windows,Browsing,36.2,24.0,16,16.8,60,21,44,60,1,0,34.1,11,96.0,2.55
LAP03876,Apple,Linux,Office,61.3,38.7,8,13.8,60,95,59,51,1,1,39.3,14,94.9,2.89
LAP03877,MSI,Windows,Coding,64.7,32.1,8,13.9,60,63,17,62,1,0,33.5,55,85.2,3.45
LAP03878,Apple,Linux,Gaming,47.7,34.1,16,17.3,60,98,10,25,1,1,35.0,2,98.0,2.44
LAP03879,HP,Linux,Gaming,30.0,33.7,32,14.3,60,51,77,76,1,1,43.9,21,93.5,1.0
LAP03880,Lenovo,Windows,Video,37.6,39.6,16,16.4,144,22,30,11,1,0,38.8,37,90.8,1.51
LAP03881,Apple,Windows,Browsing,69.8,35.3,16,14.3,165,36,45,21,1,0,40.7,20,95.1,3.59
LAP03882,Lenovo,macOS,Coding,43.9,26.8,64,15.5,60,31,46,72,0,1,45.3,34,88.9,2.59
LAP03883,Lenovo,Windows,Video,49.8,20.1,8,14.8,60,83,82,55,0,1,43.1,43,85.7,2.28
LAP03884,Dell,Linux,Browsing,63.3,35.5,4,16.0,144,82,65,5,1,1,36.3,42,90.7,3.0
LAP03885,Lenovo,Windows,Coding,50.4,8.0,16,16.0,144,97,66,35,1,1,39.6,26,90.8,2.63
LAP03886,HP,Windows,Gaming,76.0,40.2,16,14.1,75,91,72,73,1,1,47.3,5,97.3,2.15
LAP03887,ASUS,Windows,Office,49.4,33.3,8,16.0,120,60,25,100,1,1,44.5,10,98.7,2.46
LAP03888,ASUS,Windows,Browsing,42.1,44.7,8,13.4,60,21,35,58,1,1,38.1,16,91.8,2.37
LAP03889,Acer,Windows,Browsing,72.7,11.6,16,17.3,144,72,47,58,0,1,43.7,35,86.9,4.61
LAP03890,MSI,Windows,Office,55.7,38.9,16,15.5,144,53,25,95,1,1,39.9,30,92.4,2.42
LAP03891,Apple,macOS,Browsing,38.8,33.0,8,11.6,120,93,33,67,1,1,39.9,42,89.6,2.04
LAP03892,MSI,Linux,Coding,62.1,17.7,16,13.2,165,59,59,51,1,1,39.8,12,97.4,2.89
LAP03893,HP,Windows,Video,50.6,23.4,8,16.0,60,90,62,67,0,0,48.8,55,84.5,1.94
LAP03894,Lenovo,Linux,Browsing,37.8,22.5,32,16.3,60,84,28,76,1,1,45.1,47,90.6,2.57
LAP03895,ASUS,Linux,Gaming,56.4,20.6,64,14.5,60,74,49,79,1,1,44.6,28,94.0,2.58
LAP03896,MSI,macOS,Office,52.6,8.8,32,15.2,60,93,84,50,1,1,43.4,37,89.3,3.46
LAP03897,HP,Windows,Browsing,30.0,39.1,64,16.0,144,70,13,89,1,1,33.5,19,92.0,1.49
LAP03898,ASUS,Linux,Video,39.1,13.6,8,16.8,144,24,89,96,1,1,48.6,37,91.7,1.75
LAP03899,Lenovo,Windows,Video,83.0,12.4,32,16.3,144,75,70,67,1,1,45.5,48,89.5,3.41
LAP03900,MSI,Windows,Coding,56.2,39.4,8,14.2,60,40,6,25,1,1,28.5,34,90.3,3.75
LAP03901,ASUS,macOS,Gaming,75.2,8.2,16,16.9,144,77,41,72,1,0,45.9,38,91.2,3.32
LAP03902,Apple,Windows,Video,59.6,21.4,8,12.0,60,92,41,40,1,0,42.4,0,98.8,3.85
LAP03903,Apple,Windows,Gaming,73.6,13.1,16,14.6,60,50,73,74,1,1,42.0,43,88.3,3.06
LAP03904,Acer,Linux,Office,63.3,44.6,8,15.9,90,65,50,4,1,1,36.8,49,88.5,2.6
LAP03905,Acer,Windows,Video,40.8,38.7,8,13.3,60,46,10,52,1,1,36.0,12,96.5,2.17
LAP03906,ASUS,Linux,Gaming,64.1,15.1,16,15.1,165,89,52,37,1,1,39.1,26,89.5,2.67
LAP03907,HP,Windows,Video,40.7,13.0,16,15.8,60,50,12,95,1,1,39.8,2,100.0,2.67
LAP03908,Apple,Windows,Browsing,68.9,34.2,16,13.9,75,60,36,92,1,1,39.8,19,94.2,3.9
LAP03909,HP,Windows,Coding,58.3,30.2,16,15.3,144,64,81,91,1,1,46.6,27,94.0,1.89
LAP03910,HP,Linux,Coding,55.3,20.8,8,13.3,60,55,71,52,0,1,43.2,5,99.5,3.12
LAP03911,ASUS,Windows,Browsing,48.4,19.6,16,16.4,60,21,77,87,1,1,44.3,45,88.6,3.23
LAP03912,HP,macOS,Gaming,67.0,22.2,4,15.7,60,81,72,55,1,0,45.2,45,90.7,2.95
LAP03913,Apple,Linux,Browsing,52.6,35.8,32,16.0,60,40,32,18,1,1,35.3,8,94.9,3.57
LAP03914,Lenovo,Windows,Browsing,30.0,43.8,16,14.9,75,53,44,64,1,1,38.9,44,85.4,1.3
LAP03915,Acer,Windows,Gaming,30.0,46.9,32,12.7,165,32,20,68,1,1,35.1,32,95.5,1.0
LAP03916,Lenovo,macOS,Office,36.0,16.2,16,14.8,165,38,61,86,1,1,46.1,3,100.0,1.96
LAP03917,HP,Windows,Browsing,66.8,25.7,16,17.3,90,52,79,52,1,0,43.9,12,97.3,3.7
LAP03918,Lenovo,Windows,Coding,67.9,41.1,16,16.4,75,68,59,18,1,1,36.3,51,82.4,2.27
LAP03919,Apple,Linux,Coding,59.9,14.6,8,17.3,144,22,87,65,1,1,44.7,37,93.8,2.79
LAP03920,Apple,Linux,Browsing,59.7,16.8,8,15.1,120,57,90,47,0,1,43.5,0,98.9,4.06
LAP03921,HP,Windows,Gaming,76.7,34.6,32,14.0,144,90,43,65,1,1,42.9,45,89.9,2.33
LAP03922,ASUS,Windows,Coding,60.1,19.4,8,15.8,144,34,80,72,1,1,50.0,24,90.9,2.46
LAP03923,Lenovo,Windows,Coding,64.6,8.0,16,14.7,165,57,59,17,1,1,38.0,0,99.2,3.81
LAP03924,ASUS,Windows,Coding,54.8,15.1,4,14.2,144,44,34,79,1,1,41.5,31,93.5,3.15
LAP03925,ASUS,Linux,Coding,48.1,36.9,4,12.6,144,80,46,38,0,1,40.4,41,89.6,1.97
LAP03926,Dell,macOS,Office,50.8,28.0,16,15.5,60,69,9,72,1,1,33.4,48,86.6,3.59
LAP03927,HP,Windows,Office,85.8,8.0,32,16.3,60,29,49,50,1,1,40.0,18,98.5,8.58
LAP03928,Acer,Linux,Coding,38.7,17.7,16,13.4,144,69,68,22,1,0,41.3,16,93.0,1.82
LAP03929,Apple,macOS,Video,59.7,46.9,8,17.1,60,61,36,32,1,1,38.4,51,88.1,2.06
LAP03930,Apple,Windows,Browsing,32.3,24.2,8,15.3,60,90,16,59,1,1,35.9,38,89.4,2.4
LAP03931,HP,Windows,Coding,45.8,22.1,32,15.2,165,71,70,58,1,1,39.1,40,90.1,1.68
LAP03932,MSI,Linux,Video,66.6,25.1,16,13.3,75,65,56,97,0,0,46.0,11,99.2,3.54
LAP03933,MSI,Windows,Browsing,30.0,27.5,32,15.7,60,59,75,25,1,1,41.7,19,95.9,1.85
LAP03934,MSI,Windows,Browsing,68.6,20.3,8,13.4,75,77,36,16,1,1,38.1,21,92.5,5.96
LAP03935,Acer,Windows,Office,85.7,41.1,32,13.7,60,43,39,52,1,1,32.6,44,90.1,4.43
LAP03936,Apple,Windows,Coding,60.5,19.3,32,12.7,144,88,10,77,1,0,37.5,30,92.9,3.61
LAP03937,HP,Windows,Browsing,73.9,36.9,32,17.3,144,59,26,76,1,0,38.2,33,86.7,3.84
LAP03938,Apple,Windows,Office,58.7,46.9,4,14.9,144,39,93,85,0,1,46.5,22,95.8,1.85
LAP03939,ASUS,macOS,Coding,65.7,29.5,16,14.1,60,48,51,42,0,0,35.8,43,87.8,3.5
LAP03940,Lenovo,Windows,Coding,61.8,12.4,16,14.9,60,56,17,47,1,1,32.9,59,81.8,4.83
LAP03941,Lenovo,Windows,Office,47.3,27.3,16,14.3,60,39,27,81,1,1,40.1,55,84.4,2.85
LAP03942,Apple,Windows,Office,46.0,18.2,16,14.7,60,37,48,19,1,1,35.1,18,99.7,3.68
LAP03943,Dell,Linux,Video,72.7,35.8,16,15.5,144,23,13,93,0,1,36.1,48,85.6,2.85
LAP03944,Acer,Linux,Gaming,54.4,27.5,64,14.4,60,30,63,34,1,0,40.1,1,100.0,2.45
LAP03945,MSI,Windows,Gaming,52.9,23.6,16,15.2,60,83,34,32,1,1,34.2,1,98.7,2.86
LAP03946,Acer,Windows,Coding,52.6,12.9,16,17.3,60,71,88,80,1,1,46.7,37,90.0,2.87
LAP03947,Acer,Windows,Office,59.6,8.0,16,12.4,60,62,48,98,1,0,43.3,38,90.2,5.35
LAP03948,ASUS,Linux,Office,37.2,15.3,16,13.4,144,33,53,75,0,1,42.9,36,84.6,1.87
LAP03949,Acer,Windows,Browsing,52.3,32.8,8,15.7,60,64,20,1,1,1,29.7,11,97.5,4.34
LAP03950,Lenovo,Linux,Browsing,59.7,39.2,8,16.9,60,47,90,33,1,0,46.0,27,92.9,2.59
LAP03951,ASUS,Windows,Coding,35.8,21.3,16,17.3,60,23,78,75,1,1,47.6,10,96.5,1.78
LAP03952,HP,Windows,Office,58.1,13.7,4,15.6,60,35,88,89,1,0,47.5,41,91.8,4.29
LAP03953,Acer,Linux,Office,41.5,27.3,16,13.3,60,57,57,31,1,1,40.3,48,87.2,2.27
LAP03954,Acer,Windows,Gaming,59.7,33.3,16,17.1,120,82,6,20,1,0,33.6,28,92.1,2.48
LAP03955,HP,Windows,Browsing,87.4,34.3,16,15.2,120,42,71,4,1,0,40.5,20,93.9,4.36
LAP03956,Acer,macOS,Browsing,53.2,27.3,32,15.1,60,96,46,27,1,1,39.2,28,93.2,3.16
LAP03957,HP,Linux,Browsing,38.8,49.8,16,12.3,60,39,68,86,1,1,46.4,28,95.1,1.56
LAP03958,ASUS,Windows,Coding,58.6,40.2,8,16.6,165,88,12,47,1,1,36.0,39,87.6,2.5
LAP03959,Lenovo,Windows,Coding,62.1,10.3,8,13.7,144,40,77,95,1,1,48.0,41,86.2,2.94
LAP03960,HP,Windows,Office,40.9,8.0,32,15.8,60,61,96,68,1,1,40.5,11,98.9,3.11
LAP03961,Dell,Linux,Coding,30.0,11.4,64,15.1,60,88,25,98,1,0,37.4,1,96.8,2.42
LAP03962,HP,Windows,Video,41.0,39.0,8,15.3,60,33,64,69,1,1,44.9,39,89.3,1.53
LAP03963,Acer,Windows,Video,54.3,8.0,8,15.1,120,89,38,82,1,1,37.9,37,92.0,3.05
LAP03964,MSI,Windows,Gaming,48.2,30.5,8,13.9,165,24,8,39,0,0,34.1,32,91.1,2.08
LAP03965,MSI,Windows,Video,71.2,23.0,16,13.8,120,43,93,5,1,1,39.1,44,90.8,2.76
LAP03966,ASUS,Windows,Coding,62.8,10.1,16,16.3,60,48,66,13,1,0,39.6,45,85.9,4.38
LAP03967,Apple,macOS,Browsing,56.5,28.0,16,15.0,120,21,100,66,1,1,37.7,9,96.7,2.49
LAP03968,ASUS,Windows,Browsing,30.0,22.9,32,14.1,165,25,80,10,1,1,41.2,40,91.5,1.48
LAP03969,Apple,Linux,Browsing,64.5,34.7,16,14.3,60,53,6,38,1,1,33.3,10,100.0,5.68
LAP03970,MSI,Windows,Coding,84.7,8.0,8,16.0,165,95,54,40,0,1,36.8,15,100.0,4.86
LAP03971,MSI,Windows,Video,67.9,14.3,8,14.1,120,41,80,23,1,1,44.1,7,99.0,3.31
LAP03972,HP,Linux,Coding,45.1,14.5,32,17.2,60,23,30,42,1,0,42.0,46,88.6,3.41
LAP03973,Lenovo,Windows,Browsing,53.0,32.9,16,14.8,60,25,89,81,1,1,40.7,52,86.2,2.36
LAP03974,Dell,Windows,Coding,61.9,22.1,8,14.5,60,86,41,94,1,1,40.4,45,89.1,3.63
LAP03975,ASUS,Linux,Gaming,75.8,39.2,8,15.9,120,96,59,73,1,1,38.4,3,96.6,2.01
LAP03976,Acer,Windows,Coding,44.4,20.2,16,14.6,90,82,22,25,0,0,29.3,43,89.7,3.14
LAP03977,Apple,Windows,Video,48.0,27.6,8,15.5,75,92,28,28,1,1,35.9,27,89.3,2.45
LAP03978,Acer,Windows,Video,54.4,42.8,16,14.9,60,87,34,1,1,1,30.9,16,96.8,2.47
LAP03979,Lenovo,Windows,Gaming,53.0,8.0,16,12.6,165,53,21,29,0,1,31.6,17,97.0,3.24
LAP03980,Apple,macOS,Video,66.9,25.3,8,13.5,60,91,84,73,1,1,43.6,52,86.5,2.61
LAP03981,ASUS,Windows,Video,58.9,24.6,16,15.4,60,53,46,75,1,1,41.3,4,99.8,3.19
LAP03982,HP,Linux,Browsing,34.0,15.5,8,14.4,60,76,85,83,1,0,50.2,7,92.5,2.32
LAP03983,Acer,Windows,Browsing,45.1,23.0,8,17.3,60,56,16,56,1,1,37.4,52,89.8,3.56
LAP03984,Lenovo,Windows,Coding,45.6,28.7,8,13.9,165,25,31,58,1,1,39.2,4,95.8,2.01
LAP03985,ASUS,Windows,Browsing,30.0,16.0,16,13.2,60,90,59,18,1,0,36.0,34,89.4,2.33
LAP03986,MSI,Linux,Gaming,68.9,25.7,16,15.1,60,64,8,53,1,1,37.8,22,94.3,3.63
LAP03987,MSI,Windows,Office,57.0,12.8,8,15.4,90,60,39,69,1,1,43.4,21,97.3,3.93
LAP03988,ASUS,Linux,Gaming,46.9,22.5,16,16.2,90,24,69,22,1,1,42.7,47,83.4,1.69
LAP03989,ASUS,Windows,Office,68.5,36.1,4,11.6,60,79,80,82,1,0,43.9,52,88.9,2.94
LAP03990,ASUS,macOS,Office,59.5,36.7,16,17.1,60,86,33,94,1,1,43.9,58,83.0,2.58
LAP03991,Apple,Linux,Gaming,35.7,39.1,16,13.2,60,36,76,32,0,1,45.3,1,100.0,1.21
LAP03992,ASUS,Linux,Office,64.1,23.8,16,16.5,144,84,76,65,1,1,46.8,35,87.4,2.42
LAP03993,Acer,Linux,Office,75.6,21.1,8,17.3,120,74,80,78,1,1,45.3,2,100.0,3.64
LAP03994,Lenovo,Windows,Browsing,52.9,33.9,4,16.0,165,28,40,10,1,1,33.1,27,91.4,2.61
LAP03995,Apple,Linux,Coding,54.0,39.0,16,13.4,60,23,38,89,1,0,42.2,43,88.9,2.58
LAP03996,ASUS,Windows,Office,56.6,26.0,4,14.7,75,61,40,17,1,0,34.6,22,96.1,3.69
LAP03997,Dell,Windows,Coding,36.7,43.1,32,16.1,144,65,59,64,1,1,33.3,8,100.0,1.35
LAP03998,Dell,Windows,Coding,57.1,33.5,8,15.0,60,93,8,31,1,1,31.5,18,92.6,3.64
LAP03999,Lenovo,Windows,Video,41.6,18.1,8,13.5,120,20,15,3,1,0,32.8,22,92.6,2.71
LAP04000,MSI,Windows,Video,54.9,19.6,16,15.1,75,36,63,85,0,0,45.7,12,98.4,2.82
LAP04001,HP,Windows,Coding,57.5,24.5,16,14.3,60,98,7,35,1,1,38.2,45,88.4,4.0
LAP04002,HP,Windows,Office,63.0,8.0,16,15.8,120,26,78,92,1,1,50.8,8,100.0,4.58
LAP04003,MSI,Windows,Video,63.5,18.4,16,13.5,75,24,16,99,1,1,41.3,4,100.0,4.31
LAP04004,Apple,Windows,Office,41.1,38.7,4,12.3,144,71,77,56,1,0,41.3,39,88.9,1.66
LAP04005,Apple,macOS,Coding,57.8,41.1,16,13.6,165,72,25,32,1,1,35.9,29,94.7,2.72
LAP04006,Apple,macOS,Office,69.3,28.4,8,12.6,90,22,26,13,1,1,32.9,55,84.7,4.36
LAP04007,HP,macOS,Gaming,37.7,30.5,16,14.1,60,81,22,47,1,0,30.0,59,81.8,1.54
LAP04008,Dell,Windows,Office,81.2,21.3,16,15.9,144,51,10,36,1,1,42.1,22,93.4,5.32
LAP04009,HP,Windows,Office,40.4,17.3,8,14.4,60,21,93,4,1,1,38.1,32,94.5,2.58
LAP04010,Acer,macOS,Coding,79.4,31.8,16,15.0,60,99,83,49,1,1,38.3,20,94.5,3.39
LAP04011,ASUS,macOS,Coding,40.7,19.7,4,13.6,75,100,69,60,1,0,37.4,47,82.7,1.96
LAP04012,Apple,Linux,Browsing,54.2,45.3,16,15.0,120,72,59,85,1,1,43.2,12,93.0,2.24
LAP04013,Dell,Windows,Coding,52.1,29.9,16,13.7,144,31,44,68,0,0,43.7,41,89.3,2.46
LAP04014,Lenovo,Windows,Video,34.5,30.3,8,13.3,165,24,86,100,1,1,46.2,40,90.0,1.14
LAP04015,Lenovo,Linux,Gaming,65.5,12.3,8,14.7,144,23,56,37,1,0,41.3,47,84.9,2.75
LAP04016,ASUS,Windows,Coding,66.2,8.0,16,14.1,240,75,48,45,1,1,40.4,40,89.9,3.08
LAP04017,Dell,Windows,Office,64.3,30.3,8,11.6,75,99,99,97,0,1,48.7,11,100.0,3.12
LAP04018,HP,Linux,Browsing,51.3,19.0,8,14.9,60,83,66,14,1,0,35.9,21,92.9,4.11
LAP04019,HP,Windows,Gaming,44.5,36.8,16,13.6,75,64,88,36,1,1,46.0,55,86.7,1.12
LAP04020,Acer,Windows,Video,71.5,14.0,16,13.5,120,79,93,26,1,1,43.7,3,100.0,3.67
LAP04021,Acer,Windows,Browsing,58.2,18.6,8,17.0,75,39,78,0,1,0,39.3,8,97.7,4.45
LAP04022,HP,macOS,Browsing,43.7,38.4,8,16.2,120,72,33,28,1,1,39.9,30,93.1,2.42
LAP04023,Lenovo,Windows,Video,58.2,30.2,16,15.5,144,92,23,71,1,1,39.3,49,84.5,2.0
LAP04024,Apple,Linux,Office,30.0,13.0,8,15.1,60,35,32,96,1,1,39.2,47,85.1,1.95
LAP04025,Lenovo,Linux,Office,56.6,25.4,16,15.8,60,49,95,6,1,1,44.9,1,97.9,2.86
LAP04026,Acer,Windows,Browsing,64.8,47.8,16,14.5,75,39,23,28,0,1,39.0,45,84.2,3.6
LAP04027,ASUS,Windows,Office,52.3,26.7,8,15.1,240,71,35,30,1,1,37.8,54,85.1,1.99
LAP04028,HP,Windows,Office,65.7,23.2,16,14.4,60,55,58,37,1,1,39.3,35,92.1,4.19
LAP04029,Acer,Windows,Video,67.2,35.7,16,15.2,240,41,66,7,1,1,43.6,10,99.6,2.05
LAP04030,Acer,Windows,Office,59.1,29.2,16,15.4,165,20,18,94,1,1,44.3,28,94.8,3.12
LAP04031,Apple,Windows,Office,81.5,42.3,16,15.3,60,40,54,36,1,0,40.6,35,93.9,3.58
LAP04032,HP,Windows,Office,75.3,34.1,16,14.5,165,67,63,58,1,1,38.2,33,93.4,2.89
LAP04033,Apple,Windows,Office,64.4,35.9,16,16.0,60,91,74,78,1,0,43.0,46,85.8,2.58
LAP04034,HP,Linux,Browsing,60.3,42.9,8,14.7,75,24,62,53,1,1,48.6,56,84.7,2.68
LAP04035,Apple,Windows,Office,51.2,21.4,4,14.7,60,59,13,57,1,1,34.2,49,84.5,3.54
LAP04036,Lenovo,Windows,Video,45.3,17.8,4,12.5,165,98,61,95,1,1,48.4,8,100.0,2.01
LAP04037,ASUS,Windows,Browsing,67.0,8.9,32,13.8,75,64,45,25,1,1,34.2,11,98.2,7.97
LAP04038,ASUS,Windows,Browsing,52.0,22.5,32,16.2,60,50,31,47,1,1,35.4,20,87.3,3.88
LAP04039,HP,Windows,Browsing,39.8,9.3,8,16.1,120,34,62,10,1,0,36.6,4,95.5,3.28
LAP04040,Dell,Windows,Coding,43.0,29.4,16,15.0,60,77,85,22,1,1,43.6,6,92.4,1.8
LAP04041,MSI,Windows,Gaming,44.9,17.6,8,14.2,90,72,72,33,1,1,42.1,43,83.3,1.7
LAP04042,Acer,Linux,Browsing,81.3,36.5,32,15.2,165,64,62,32,1,1,48.1,36,90.1,3.4
LAP04043,Acer,macOS,Gaming,67.7,34.3,8,11.6,60,86,28,80,1,0,34.6,60,82.6,2.5
LAP04044,HP,macOS,Browsing,55.5,20.3,16,15.2,75,61,84,96,1,0,42.4,53,84.9,2.74
LAP04045,Apple,Windows,Video,61.2,36.7,8,13.3,60,43,66,1,1,1,36.2,50,87.4,2.17
LAP04046,Dell,Windows,Office,63.0,26.8,8,14.9,144,57,85,60,1,0,45.9,2,95.4,2.68
LAP04047,Lenovo,Windows,Coding,42.0,8.0,8,15.3,60,70,71,3,1,1,39.9,14,93.3,3.4
LAP04048,Apple,Windows,Coding,37.5,13.1,16,14.5,60,43,7,11,1,1,31.5,18,91.8,3.38
LAP04049,Apple,Windows,Office,70.8,16.3,8,16.0,144,96,55,28,1,0,35.8,48,89.6,3.79
LAP04050,HP,Windows,Video,34.8,25.1,8,14.1,60,52,71,41,1,1,41.4,2,100.0,1.71
LAP04051,HP,Linux,Video,54.7,19.9,8,14.0,120,38,84,82,1,1,43.8,19,94.0,2.37
LAP04052,Acer,Windows,Office,44.2,18.7,16,15.9,144,44,61,56,1,1,41.7,14,99.1,2.43
LAP04053,HP,Windows,Browsing,58.3,32.0,32,14.5,60,89,24,49,1,1,39.5,37,89.7,4.1
LAP04054,HP,Windows,Browsing,51.2,34.4,16,16.9,60,68,49,65,1,0,34.4,10,100.0,3.06
LAP04055,HP,Windows,Video,63.0,17.6,16,15.0,60,36,10,6,1,0,35.0,13,99.5,5.8
LAP04056,Acer,Linux,Coding,30.0,14.8,8,15.8,90,40,37,56,0,1,33.3,3,95.2,2.16
LAP04057,Lenovo,Windows,Office,71.8,40.2,16,16.3,60,62,47,45,1,1,35.8,34,84.3,3.31
LAP04058,Lenovo,Windows,Coding,66.0,57.7,16,14.9,120,95,54,21,0,1,45.8,7,95.7,2.23
LAP04059,MSI,Windows,Gaming,70.2,13.7,8,12.9,60,96,31,10,1,1,32.8,20,95.9,4.59
LAP04060,MSI,Windows,Coding,68.4,35.7,8,15.9,60,41,34,32,1,0,39.6,34,90.8,3.6
LAP04061,HP,Windows,Video,59.7,23.3,8,16.7,60,82,22,53,1,0,41.1,3,97.9,3.77
LAP04062,MSI,macOS,Video,45.4,33.1,8,14.6,60,43,34,19,1,1,38.6,35,88.3,2.36
LAP04063,Acer,macOS,Office,61.6,13.6,4,16.4,60,52,94,4,0,1,36.6,13,96.4,4.62
LAP04064,Lenovo,Linux,Office,59.3,10.0,8,13.4,60,86,19,67,1,0,36.7,43,85.9,4.82
LAP04065,Apple,Windows,Video,68.1,11.5,8,15.2,144,100,100,13,1,1,40.1,2,99.0,3.34
LAP04066,Lenovo,Windows,Office,64.3,18.2,16,14.6,60,36,80,2,1,0,40.8,56,86.6,4.25
LAP04067,Lenovo,Windows,Gaming,56.4,22.2,16,12.8,165,67,66,81,1,1,42.4,19,93.5,1.75
LAP04068,Acer,Linux,Browsing,61.5,36.3,32,15.6,75,63,25,57,1,1,41.1,7,95.1,4.02
LAP04069,MSI,Linux,Browsing,62.8,15.0,8,13.8,60,44,16,26,1,0,35.8,56,83.4,6.2
LAP04070,Apple,Linux,Gaming,71.3,17.3,8,15.5,165,91,53,3,1,0,34.9,54,87.0,2.22
LAP04071,Acer,Windows,Coding,81.0,50.0,32,13.6,75,79,5,66,1,1,35.7,50,85.7,3.97
LAP04072,HP,Windows,Office,64.0,25.6,16,12.7,90,48,79,63,1,1,45.7,13,98.0,3.31
LAP04073,ASUS,Windows,Video,62.9,28.4,16,14.0,60,31,59,90,1,1,44.0,0,100.0,2.92
LAP04074,Lenovo,Windows,Coding,51.7,33.9,16,16.4,60,28,29,91,1,1,38.1,56,86.9,2.73
LAP04075,ASUS,Windows,Coding,49.9,18.7,16,14.8,120,72,51,85,1,1,41.9,19,96.7,2.38
LAP04076,Acer,Windows,Browsing,44.1,24.8,8,15.0,60,80,77,41,0,0,40.9,13,95.6,2.76
LAP04077,Acer,Linux,Video,30.0,21.1,32,15.2,90,50,43,28,1,1,31.3,50,82.4,1.19
LAP04078,Acer,Windows,Gaming,42.4,24.0,4,15.1,120,67,31,79,1,1,42.5,27,90.0,1.54
LAP04079,ASUS,Windows,Browsing,52.4,35.1,8,17.3,60,98,97,34,1,1,42.3,38,88.3,2.09
LAP04080,Acer,Windows,Gaming,50.4,33.1,16,14.9,144,66,54,18,1,1,36.1,44,85.5,1.39
LAP04081,HP,Windows,Gaming,61.8,8.0,16,12.3,60,52,95,93,1,0,51.0,57,80.8,3.11
LAP04082,Acer,Linux,Coding,42.9,37.0,32,14.5,60,86,59,78,1,1,44.0,56,81.1,1.59
LAP04083,Dell,Windows,Coding,43.6,20.9,4,15.1,165,83,32,68,1,0,38.2,54,85.1,1.91
LAP04084,MSI,Windows,Office,30.0,29.7,16,13.2,60,36,61,30,0,1,40.1,58,85.1,1.58
LAP04085,ASUS,Linux,Office,62.1,20.1,16,14.7,144,63,86,42,1,1,42.2,8,92.8,3.13
LAP04086,Dell,Windows,Video,41.7,24.4,8,14.7,120,24,83,94,1,1,44.3,22,92.3,1.52
LAP04087,Acer,Windows,Gaming,44.3,40.8,16,17.3,90,81,20,72,1,1,37.1,15,93.3,1.51
LAP04088,HP,Linux,Coding,63.5,29.0,8,14.1,90,82,91,76,1,1,45.9,47,89.8,2.06
LAP04089,Lenovo,Linux,Coding,41.8,40.2,16,16.3,60,98,98,20,0,0,41.0,26,88.9,1.31
LAP04090,Apple,Windows,Browsing,60.7,24.4,32,14.8,120,58,60,94,1,1,40.5,39,90.9,3.36
LAP04091,MSI,Windows,Browsing,36.9,23.1,16,16.2,165,91,39,64,1,1,39.8,7,99.5,2.42
LAP04092,Apple,Windows,Office,54.7,25.1,16,17.0,60,61,32,76,1,1,32.5,27,94.8,3.54
LAP04093,Acer,Linux,Browsing,45.9,9.8,16,15.5,60,40,50,33,1,0,38.6,55,84.7,4.12
LAP04094,MSI,Windows,Coding,51.0,8.0,16,14.9,75,66,71,60,1,1,42.1,17,95.0,3.37
LAP04095,MSI,Windows,Office,77.7,15.6,32,16.6,60,93,20,35,0,1,34.7,33,91.2,6.94
LAP04096,HP,Linux,Video,30.4,37.3,8,13.0,144,47,83,79,1,0,46.6,1,99.6,1.0
LAP04097,MSI,macOS,Office,76.3,42.0,16,15.2,120,40,87,73,0,0,48.2,54,87.6,2.57
LAP04098,ASUS,Windows,Coding,41.2,8.0,8,13.3,60,47,78,40,1,0,40.6,23,91.9,3.48
LAP04099,Dell,Windows,Coding,68.0,40.4,16,16.1,90,38,53,33,1,1,37.6,9,92.6,2.79
LAP04100,Dell,Windows,Browsing,71.0,17.9,16,15.1,60,82,72,24,1,0,40.8,48,88.4,4.96
LAP04101,Dell,Linux,Browsing,61.5,8.0,32,14.9,60,71,26,56,1,1,34.5,39,91.2,6.42
LAP04102,ASUS,Windows,Office,36.7,37.7,32,14.5,144,57,22,64,1,1,35.1,58,84.3,1.67
LAP04103,Apple,Windows,Gaming,59.1,18.9,16,15.9,60,65,26,75,1,1,39.9,7,98.7,3.0
LAP04104,HP,Windows,Browsing,93.4,56.4,16,12.5,75,43,20,21,1,0,33.1,4,100.0,6.81
LAP04105,MSI,Windows,Video,55.2,16.9,16,17.3,75,64,60,59,1,0,38.8,2,100.0,3.03
LAP04106,ASUS,Windows,Gaming,53.5,21.7,8,14.8,90,96,7,53,1,0,30.5,32,88.0,2.72
LAP04107,Dell,Windows,Video,52.0,13.3,4,13.2,60,28,57,21,0,0,38.1,29,96.4,3.61
LAP04108,Acer,Windows,Browsing,62.7,26.8,8,11.6,144,28,39,60,1,1,40.8,51,85.7,3.9
LAP04109,Lenovo,Windows,Gaming,53.7,34.6,16,14.8,165,40,84,65,1,0,47.3,38,92.2,1.44
LAP04110,MSI,Windows,Browsing,59.3,8.0,8,15.3,90,43,89,44,1,1,40.0,6,95.2,5.07
LAP04111,ASUS,Linux,Office,50.6,32.9,8,15.4,60,83,25,71,1,1,39.8,44,91.1,3.07
LAP04112,ASUS,Linux,Gaming,39.5,20.1,8,13.0,144,59,69,96,0,1,42.8,20,96.5,1.52
LAP04113,HP,Windows,Coding,89.8,14.7,8,13.3,240,93,61,68,1,0,47.9,37,93.0,3.68
LAP04114,HP,Windows,Office,53.6,8.2,8,16.9,144,71,98,63,1,0,45.9,12,98.6,3.37
LAP04115,ASUS,Windows,Office,100.0,36.7,8,12.8,60,23,51,9,1,1,33.1,24,96.1,5.41
LAP04116,Dell,Windows,Office,61.4,28.4,8,15.2,60,22,38,66,1,1,40.7,54,83.5,3.3
LAP04117,Lenovo,Windows,Coding,64.0,18.0,16,14.5,60,32,52,10,1,0,36.8,1,98.6,5.16
LAP04118,MSI,Windows,Office,50.4,34.4,8,14.2,60,40,43,93,1,1,44.7,1,92.5,2.79
LAP04119,HP,Windows,Gaming,46.1,31.4,32,14.6,60,27,91,27,1,1,43.7,1,100.0,1.49
LAP04120,MSI,Windows,Gaming,50.7,35.4,16,14.2,165,92,34,4,1,1,39.4,14,94.2,1.62
LAP04121,Dell,Linux,Gaming,42.5,44.7,8,14.2,120,20,54,11,1,1,36.2,14,97.1,1.24
LAP04122,MSI,Linux,Office,41.1,27.6,8,16.4,60,33,20,43,1,0,38.4,58,82.0,2.81
LAP04123,Acer,Windows,Coding,81.8,48.2,16,14.4,75,95,98,92,1,1,47.1,17,95.9,2.1
LAP04124,HP,Windows,Gaming,67.0,42.1,4,13.3,60,55,7,89,0,1,38.6,4,96.4,3.38
LAP04125,Dell,Windows,Gaming,77.5,34.4,32,14.9,90,41,65,92,1,0,43.7,25,88.0,2.33
LAP04126,Dell,Windows,Office,71.9,8.0,16,13.5,60,55,6,28,1,1,36.3,29,93.8,7.85
LAP04127,Lenovo,Windows,Browsing,46.0,26.3,16,13.5,60,64,30,77,1,1,42.6,13,99.0,3.8
LAP04128,Lenovo,Windows,Browsing,31.9,28.0,64,17.0,60,35,22,35,1,1,37.0,4,100.0,2.69
LAP04129,Acer,Linux,Coding,48.1,27.6,16,14.7,120,30,70,34,1,0,42.1,39,92.9,2.08
LAP04130,Dell,Windows,Coding,56.4,23.7,32,13.2,60,86,44,7,1,1,37.9,20,96.1,3.39
LAP04131,Apple,Linux,Video,72.2,32.8,32,14.9,75,44,7,15,1,1,34.9,42,89.6,4.59
LAP04132,Dell,Windows,Office,54.2,34.3,32,15.1,144,86,21,42,1,1,36.2,7,97.7,2.79
LAP04133,Lenovo,Windows,Browsing,99.5,8.0,16,14.7,120,50,28,68,1,1,40.4,5,99.8,9.08
LAP04134,Apple,Windows,Office,48.5,41.3,8,14.3,75,84,6,15,1,0,36.6,25,94.5,3.44
LAP04135,HP,Windows,Office,63.9,8.0,8,13.1,165,30,74,55,1,1,42.7,3,98.8,4.13
LAP04136,HP,Linux,Browsing,46.0,20.1,8,14.4,60,99,44,40,1,1,39.3,57,84.6,3.07
LAP04137,MSI,Windows,Coding,61.1,14.3,64,13.9,60,57,30,76,1,1,38.5,51,82.8,4.21
LAP04138,ASUS,Windows,Coding,53.1,16.3,8,14.8,165,21,61,7,1,0,41.9,29,89.0,2.73
LAP04139,Lenovo,Windows,Video,51.3,38.0,8,15.6,144,73,53,53,1,0,39.9,34,92.0,1.59
LAP04140,ASUS,Windows,Office,45.7,26.5,16,17.3,60,26,61,89,1,0,46.0,56,87.6,2.38
LAP04141,Apple,Windows,Office,57.2,33.2,8,16.1,165,68,60,4,1,1,43.9,26,93.4,2.35
LAP04142,Lenovo,Windows,Office,67.5,32.6,16,11.6,60,59,74,8,1,0,42.5,26,93.4,4.18
LAP04143,Acer,macOS,Gaming,40.4,8.0,32,15.3,144,64,80,65,1,1,44.1,43,82.8,1.54
LAP04144,Dell,Linux,Browsing,54.3,18.3,16,17.1,60,73,25,70,1,1,41.1,42,88.4,4.11
LAP04145,Acer,Windows,Video,62.4,34.0,16,14.8,60,80,20,29,1,1,36.0,4,99.6,3.92
LAP04146,Apple,Windows,Office,65.2,32.9,16,17.2,60,23,10,80,1,1,33.0,39,94.1,4.03
LAP04147,Lenovo,Windows,Gaming,82.9,8.0,16,13.5,165,53,38,94,1,1,38.6,10,95.5,3.75
LAP04148,Apple,Windows,Video,63.7,37.4,8,13.8,144,27,63,64,1,1,41.7,42,88.8,2.23
LAP04149,Dell,Linux,Office,49.0,32.4,16,14.8,165,51,71,91,1,1,46.9,51,83.5,1.65
LAP04150,HP,Windows,Coding,46.5,13.4,4,14.8,90,37,45,29,1,0,35.9,34,86.8,2.74
LAP04151,HP,Windows,Browsing,46.3,29.9,16,16.2,75,59,23,46,1,1,36.5,10,99.5,3.45
LAP04152,Apple,Windows,Gaming,45.5,22.3,16,15.0,60,94,33,94,1,0,39.9,37,87.3,2.09
LAP04153,ASUS,macOS,Office,58.2,30.9,8,14.8,60,75,36,87,1,1,38.6,37,88.0,3.18
LAP04154,Lenovo,macOS,Office,61.3,8.0,16,17.3,75,56,14,30,0,0,32.8,53,86.3,5.66
LAP04155,Lenovo,Windows,Video,67.4,20.8,16,13.9,144,74,68,59,0,0,43.8,49,88.9,2.68
LAP04156,HP,Windows,Video,65.0,39.2,8,16.8,144,55,95,74,1,1,48.8,53,87.8,1.51
LAP04157,MSI,Windows,Browsing,73.7,31.5,8,15.6,60,29,97,79,1,0,46.9,60,84.4,3.23
LAP04158,Acer,Linux,Coding,45.0,34.5,16,14.5,120,89,81,8,1,0,44.8,4,98.7,1.88
LAP04159,MSI,Windows,Office,79.5,22.2,16,15.4,144,99,24,93,1,0,38.2,36,87.1,4.27
LAP04160,Dell,Windows,Office,45.6,31.8,16,13.9,60,82,32,75,1,0,40.6,50,83.0,2.5
LAP04161,Acer,Windows,Coding,60.2,23.0,16,15.1,120,53,31,53,1,1,36.7,36,90.6,2.88
LAP04162,Acer,Windows,Office,52.1,13.9,16,15.0,60,91,81,60,1,0,42.0,25,96.6,3.32
LAP04163,Apple,Windows,Office,54.6,22.0,32,15.7,240,36,29,63,1,1,35.8,32,93.2,2.55
LAP04164,HP,macOS,Video,65.1,42.4,8,14.8,60,80,33,79,1,1,40.0,32,91.7,2.42
LAP04165,MSI,Windows,Browsing,33.4,38.6,32,17.3,60,97,19,96,1,1,35.4,22,95.3,2.09
LAP04166,MSI,Linux,Coding,42.5,13.1,16,13.8,60,37,49,5,1,1,37.4,57,80.6,3.01
LAP04167,HP,Windows,Browsing,66.2,20.0,16,14.0,144,80,49,44,1,1,40.6,6,99.7,4.07
LAP04168,MSI,macOS,Browsing,55.0,13.9,16,15.3,60,55,34,64,1,1,41.1,31,96.3,4.76
LAP04169,HP,Linux,Browsing,51.2,27.2,8,13.9,90,72,42,76,1,0,46.1,8,95.1,3.3
LAP04170,Apple,Windows,Coding,38.2,37.0,16,15.9,144,52,64,36,1,1,41.5,15,94.1,1.4
LAP04171,ASUS,Linux,Video,51.3,49.4,8,16.8,75,42,36,98,1,0,39.0,8,100.0,2.11
LAP04172,Acer,Windows,Browsing,65.2,8.0,8,14.3,60,83,54,89,1,1,42.3,43,88.2,5.71
LAP04173,Apple,Windows,Browsing,46.5,35.3,16,15.1,60,57,75,72,1,1,44.8,42,90.4,2.19
LAP04174,Lenovo,Windows,Gaming,75.5,24.9,8,15.9,60,88,39,16,1,0,35.3,27,87.9,3.2
LAP04175,Dell,macOS,Browsing,71.2,20.6,8,16.2,165,98,80,98,0,1,44.6,22,98.1,3.39
LAP04176,ASUS,macOS,Gaming,49.7,13.8,32,17.3,120,49,91,24,1,1,40.8,11,99.4,2.0
LAP04177,Lenovo,Windows,Browsing,46.1,46.4,32,13.1,144,35,9,49,1,1,36.2,41,89.7,2.79
LAP04178,Acer,Windows,Video,30.0,8.0,16,17.1,75,73,35,70,1,1,41.8,8,96.6,2.05
LAP04179,MSI,Windows,Office,38.8,19.1,16,14.1,60,78,84,30,1,1,41.2,57,81.4,1.78
LAP04180,HP,Linux,Gaming,37.9,29.4,64,14.2,60,25,57,31,1,0,40.0,44,85.3,1.35
LAP04181,Acer,Windows,Video,33.5,30.4,16,15.2,60,24,5,47,1,0,30.2,11,95.6,2.5
LAP04182,Apple,Windows,Office,54.5,40.0,32,15.1,144,20,90,82,1,1,44.2,8,100.0,1.92
LAP04183,Dell,Windows,Browsing,59.7,14.4,8,16.8,90,33,96,16,1,1,42.6,18,96.7,3.93
LAP04184,Apple,Windows,Video,82.2,32.5,16,12.9,75,50,73,60,1,0,39.5,35,89.2,3.45
LAP04185,ASUS,Windows,Coding,56.0,24.2,4,11.6,144,70,72,56,0,1,43.7,32,89.7,2.46
LAP04186,ASUS,Windows,Browsing,30.0,25.5,16,17.3,60,98,69,56,1,1,38.5,12,98.7,1.88
LAP04187,Dell,Windows,Browsing,43.8,19.5,16,13.0,165,38,19,69,1,1,41.5,1,100.0,3.32
LAP04188,Lenovo,macOS,Video,64.2,26.9,8,16.4,60,51,56,88,1,1,47.6,39,89.9,2.66
LAP04189,Lenovo,Windows,Office,53.8,23.3,16,17.0,240,76,42,32,1,1,41.8,56,80.8,1.84
LAP04190,ASUS,macOS,Coding,67.9,20.7,32,16.6,144,50,28,18,1,1,32.0,56,84.1,3.69
LAP04191,ASUS,Windows,Office,47.3,18.7,32,15.7,60,77,27,14,1,1,36.8,43,90.7,3.92
LAP04192,MSI,Windows,Gaming,72.3,29.5,8,16.0,90,45,51,34,0,0,37.0,24,95.5,3.08
LAP04193,HP,Windows,Gaming,58.7,9.0,16,14.3,144,67,11,48,1,1,29.5,12,96.9,3.18
LAP04194,MSI,Linux,Gaming,59.1,22.7,8,12.3,75,60,35,95,1,0,39.5,58,87.4,2.37
LAP04195,MSI,Linux,Browsing,57.2,15.8,16,14.5,60,44,11,35,0,1,36.8,12,99.3,7.57
LAP04196,Lenovo,Windows,Gaming,43.5,23.5,8,14.2,165,66,81,95,1,1,48.2,32,90.5,1.16
LAP04197,Dell,Windows,Office,54.1,23.7,4,13.7,75,73,8,95,1,1,36.8,26,92.4,3.89
LAP04198,Lenovo,Windows,Coding,59.4,35.4,8,15.1,90,76,58,53,1,1,40.6,39,85.6,1.99
LAP04199,HP,Windows,Coding,34.0,32.9,8,12.3,60,91,86,35,1,1,41.3,36,92.4,1.17
LAP04200,Apple,Linux,Browsing,56.2,28.5,16,16.8,60,80,87,52,1,1,44.1,18,94.6,2.97
LAP04201,ASUS,Windows,Gaming,73.2,27.1,8,14.9,144,23,84,59,1,0,48.9,21,90.4,2.0
LAP04202,ASUS,Windows,Browsing,61.5,22.7,16,14.3,60,50,56,97,1,1,43.3,51,83.1,3.18
LAP04203,HP,Linux,Coding,75.5,22.5,64,14.6,240,86,86,73,1,1,51.6,16,91.4,2.54
LAP04204,MSI,macOS,Video,61.1,8.0,16,14.8,120,60,84,43,1,1,40.5,50,89.9,3.7
LAP04205,Dell,Windows,Video,41.5,33.8,16,13.5,165,45,52,32,1,1,40.4,1,98.1,1.72
LAP04206,ASUS,Windows,Browsing,66.9,28.2,16,13.5,60,87,99,43,1,1,48.2,11,100.0,3.55
LAP04207,Acer,Windows,Office,37.9,39.4,4,13.2,60,85,93,54,1,1,41.5,32,84.9,1.28
LAP04208,MSI,Windows,Video,51.9,18.3,8,13.0,60,38,70,73,1,0,45.2,27,90.0,2.83
LAP04209,ASUS,Windows,Office,50.9,40.1,32,13.8,60,44,58,43,1,0,36.4,25,91.0,2.51
LAP04210,Acer,Linux,Office,44.8,22.7,4,14.8,120,66,96,50,1,1,51.1,24,95.0,2.02
LAP04211,HP,Linux,Office,90.7,18.1,32,16.5,144,90,84,98,1,0,51.8,27,91.6,4.04
LAP04212,HP,Windows,Office,53.9,43.5,8,12.8,60,27,58,85,1,0,45.7,30,90.4,2.33
LAP04213,MSI,Windows,Gaming,82.2,29.4,8,16.3,60,22,49,50,1,1,40.0,43,89.6,3.27
LAP04214,ASUS,Windows,Office,60.2,45.1,8,12.7,60,52,44,86,1,0,40.6,30,91.4,2.74
LAP04215,Lenovo,Windows,Coding,42.7,27.0,16,15.1,60,47,39,6,1,1,33.2,26,99.1,2.76
LAP04216,Acer,Windows,Office,48.9,34.7,16,12.9,144,41,28,84,1,1,44.4,50,81.2,2.33
LAP04217,Dell,Windows,Office,54.4,37.3,8,13.2,60,49,39,0,1,1,35.2,43,86.5,3.2
LAP04218,ASUS,Windows,Browsing,49.9,21.6,16,15.4,165,66,98,12,1,1,46.5,58,85.0,2.28
LAP04219,Dell,Windows,Office,50.9,29.2,32,15.4,120,55,41,72,1,1,44.6,0,98.0,2.96
LAP04220,ASUS,Windows,Office,63.6,26.9,16,16.0,144,78,79,47,1,0,42.9,34,94.9,2.67
LAP04221,Lenovo,Windows,Coding,60.5,35.0,8,13.7,60,33,38,83,1,1,40.7,32,88.5,3.14
LAP04222,Lenovo,Windows,Office,65.3,12.2,4,16.4,240,92,28,46,1,1,36.3,0,100.0,3.48
LAP04223,MSI,Windows,Office,77.9,32.2,16,17.2,120,33,97,46,1,0,42.8,8,100.0,3.76
LAP04224,MSI,Windows,Office,47.9,36.0,16,15.3,60,98,8,9,1,1,31.3,32,91.0,3.15
LAP04225,Lenovo,Windows,Browsing,71.7,16.8,32,12.5,60,75,54,25,1,1,38.4,43,85.6,5.31
LAP04226,Apple,Windows,Gaming,75.9,14.4,16,12.3,144,43,98,49,1,0,47.7,52,83.5,2.73
LAP04227,Lenovo,macOS,Coding,74.4,8.0,4,15.2,60,68,82,46,0,1,43.2,36,89.8,5.82
LAP04228,HP,Windows,Browsing,30.0,49.9,8,14.2,60,62,28,43,1,1,39.1,46,87.0,1.8
LAP04229,HP,Windows,Browsing,82.0,16.2,16,13.6,60,22,40,0,1,0,36.5,14,99.0,8.71
LAP04230,Apple,Windows,Gaming,45.5,42.0,8,14.8,60,42,83,62,1,0,47.1,14,96.2,1.31
LAP04231,Acer,Windows,Browsing,30.0,22.5,64,14.5,60,39,39,16,1,1,36.4,48,85.4,2.44
LAP04232,Dell,macOS,Video,81.6,38.2,8,14.8,120,34,33,16,1,1,36.7,28,88.7,3.43
LAP04233,ASUS,Linux,Browsing,62.7,32.0,16,13.8,75,62,40,38,1,1,38.5,40,92.0,3.76
LAP04234,ASUS,Windows,Gaming,63.3,50.2,8,17.3,120,99,72,42,1,1,37.4,20,95.7,1.53
LAP04235,Apple,Windows,Gaming,50.0,42.3,8,13.5,60,90,83,75,1,1,44.7,45,86.3,1.25
LAP04236,HP,Windows,Coding,57.7,27.6,16,14.6,60,52,15,40,1,1,32.3,17,100.0,4.37
LAP04237,MSI,Windows,Browsing,52.9,28.7,16,12.1,60,74,59,14,1,1,42.7,58,84.9,3.17
LAP04238,ASUS,Windows,Office,45.6,33.1,4,13.4,144,60,53,0,0,1,39.2,15,91.7,2.27
LAP04239,HP,Windows,Office,55.3,57.2,8,13.2,60,37,83,57,1,0,45.3,54,88.2,1.62
LAP04240,Acer,Windows,Office,56.7,25.8,16,14.2,144,22,61,53,1,0,42.7,28,90.8,2.85
LAP04241,Dell,Windows,Office,35.2,9.5,16,14.7,60,22,89,95,1,0,52.5,40,88.6,2.53
LAP04242,Acer,Linux,Browsing,55.8,27.9,8,14.4,120,35,91,74,1,1,45.3,26,92.5,2.45
LAP04243,Apple,Windows,Coding,30.0,17.3,16,14.2,120,62,59,4,1,1,41.1,58,82.6,1.41
LAP04244,Lenovo,Windows,Coding,83.8,27.5,8,15.3,60,42,60,61,1,1,47.5,59,84.9,3.6
LAP04245,Lenovo,Windows,Office,53.5,38.8,16,15.4,120,34,78,81,1,1,46.1,14,96.6,2.03
LAP04246,Lenovo,Windows,Browsing,38.9,31.0,16,11.7,60,92,8,81,1,1,35.1,51,85.9,2.86
LAP04247,Acer,Linux,Gaming,62.7,17.9,8,16.5,120,77,29,86,1,0,39.8,52,83.5,2.35
LAP04248,ASUS,Windows,Office,43.8,22.6,16,15.4,144,59,6,70,1,1,39.5,59,82.1,2.43
LAP04249,Dell,Linux,Video,54.6,12.2,8,12.3,60,57,23,45,0,0,38.1,46,86.8,4.26
LAP04250,Lenovo,Windows,Office,61.8,40.3,8,16.3,120,25,92,89,1,1,49.0,8,99.6,2.34
LAP04251,Apple,Linux,Browsing,39.7,34.8,16,16.4,60,65,12,64,1,0,34.0,27,94.6,3.02
LAP04252,Apple,Linux,Office,84.2,11.9,16,12.2,60,25,68,27,1,1,40.5,1,100.0,7.5
LAP04253,Lenovo,Windows,Office,85.7,55.3,16,14.6,60,39,10,83,1,1,38.8,20,96.2,5.12
LAP04254,Lenovo,Windows,Video,47.1,22.4,8,15.4,60,38,88,40,1,1,42.4,10,96.4,1.94
LAP04255,Dell,Linux,Coding,38.2,28.5,16,16.5,60,33,18,22,1,0,32.7,31,88.0,2.39
LAP04256,Lenovo,Windows,Office,47.0,20.9,8,15.7,90,84,74,31,1,1,43.6,21,93.8,2.72
LAP04257,Dell,Windows,Gaming,47.9,30.0,8,14.2,75,48,80,57,1,1,46.0,34,92.3,1.36
LAP04258,Apple,Windows,Office,71.7,26.1,16,13.5,144,50,75,38,1,1,42.2,41,88.5,3.34
LAP04259,Lenovo,Windows,Gaming,47.3,8.2,16,12.9,120,44,61,81,1,0,43.2,40,90.3,2.52
LAP04260,Acer,Windows,Gaming,37.6,39.1,64,13.7,120,90,34,32,1,1,36.4,15,94.0,1.25
LAP04261,MSI,Windows,Browsing,56.5,15.1,16,15.8,60,65,84,57,1,1,47.8,30,94.7,4.18
LAP04262,Acer,Windows,Office,32.6,36.0,8,16.3,60,71,12,88,1,1,40.3,58,81.6,1.9
LAP04263,Apple,Windows,Office,71.0,22.2,32,14.5,165,35,18,31,1,0,35.2,9,95.9,4.41
LAP04264,Dell,Linux,Coding,64.0,25.8,8,16.5,60,30,52,49,1,1,45.1,39,90.9,3.55
LAP04265,Acer,Windows,Coding,46.0,30.8,8,15.6,60,37,88,50,1,1,42.6,35,92.1,1.77
LAP04266,Dell,macOS,Gaming,47.6,26.6,16,17.3,60,75,32,91,0,0,37.7,20,95.5,2.13
LAP04267,Acer,macOS,Video,58.7,33.9,32,12.4,60,75,10,76,1,1,30.2,7,96.8,3.28
LAP04268,Acer,Linux,Browsing,38.5,16.5,16,14.7,165,76,34,18,1,0,37.2,46,89.5,2.59
LAP04269,Dell,macOS,Browsing,43.2,37.4,16,15.3,120,88,8,2,1,1,35.8,41,92.1,3.15
LAP04270,ASUS,Windows,Coding,51.6,12.6,16,17.3,60,85,71,90,1,1,50.2,57,84.6,2.71
LAP04271,Acer,Linux,Browsing,35.2,14.0,16,13.0,165,93,14,16,1,1,31.2,43,86.1,2.32
LAP04272,Lenovo,Windows,Video,48.2,31.9,16,13.6,90,35,31,42,1,1,34.7,46,91.4,2.17
LAP04273,MSI,Windows,Office,38.9,37.6,8,15.1,144,25,86,28,1,1,35.7,32,97.3,1.49
LAP04274,Apple,Linux,Office,76.4,28.4,8,13.3,60,71,49,43,1,0,37.3,39,87.4,4.78
LAP04275,ASUS,Windows,Browsing,48.9,42.9,8,14.7,60,74,79,51,1,1,40.3,21,93.8,2.14
LAP04276,Dell,Linux,Video,40.8,15.0,32,12.7,60,95,39,96,1,1,46.1,29,92.0,2.29
LAP04277,ASUS,Linux,Browsing,65.1,11.0,16,16.7,144,92,17,27,1,0,34.7,22,94.5,5.26
LAP04278,HP,Windows,Video,45.6,35.1,16,17.3,60,68,59,83,1,1,43.9,51,85.7,1.54
LAP04279,HP,Linux,Office,38.5,26.5,4,17.3,144,91,91,33,1,1,41.4,14,94.3,1.49
LAP04280,Acer,Windows,Video,68.3,34.7,8,15.2,60,75,47,79,1,0,37.9,46,82.9,2.4
LAP04281,Acer,Windows,Coding,50.2,12.7,16,15.2,60,60,77,53,0,1,39.6,59,82.3,3.29
LAP04282,Lenovo,Windows,Browsing,67.6,19.7,8,15.0,165,90,72,1,1,1,35.7,42,90.3,3.09
LAP04283,MSI,Windows,Video,54.8,45.9,16,16.2,75,75,47,91,1,1,45.3,53,85.9,1.78
LAP04284,Apple,Windows,Browsing,56.9,22.6,8,16.8,60,82,44,16,1,1,32.4,25,93.0,4.14
LAP04285,ASUS,Windows,Office,63.4,42.1,16,16.0,165,47,35,83,1,1,42.5,15,94.9,2.53
LAP04286,HP,Windows,Browsing,45.5,34.3,16,15.3,75,94,7,17,1,0,41.2,9,96.6,4.23
LAP04287,Acer,Linux,Video,42.8,21.6,16,16.0,60,50,21,27,1,0,33.4,35,89.6,2.64
LAP04288,Apple,Windows,Gaming,73.0,41.9,16,15.0,60,74,84,27,1,0,43.3,27,88.5,1.77
LAP04289,ASUS,Windows,Coding,63.7,28.9,16,13.1,90,71,43,51,1,1,39.4,41,87.0,2.98
LAP04290,Acer,Windows,Coding,54.0,25.2,16,14.2,60,93,70,15,1,0,35.7,25,96.0,2.94
LAP04291,Acer,Linux,Video,66.9,24.0,32,15.3,165,85,73,32,1,1,38.1,30,91.7,2.3
LAP04292,HP,Linux,Browsing,63.1,30.3,16,13.8,60,65,81,84,0,0,45.0,17,92.2,3.06
LAP04293,HP,Windows,Gaming,69.1,11.5,8,13.7,60,23,80,4,1,1,39.8,16,96.8,4.0
LAP04294,Acer,Windows,Browsing,37.9,35.8,16,15.9,60,41,23,44,1,1,42.2,47,88.2,2.74
LAP04295,Dell,Linux,Gaming,54.0,30.3,16,16.0,60,64,26,36,1,1,34.0,51,86.1,2.28
LAP04296,Acer,Windows,Video,71.9,18.1,16,15.4,75,47,12,81,1,1,35.5,31,91.8,4.53
LAP04297,Apple,Windows,Video,80.2,9.8,8,14.3,144,29,72,51,1,1,39.9,59,84.3,3.75
LAP04298,Acer,Windows,Coding,47.0,22.0,8,14.5,60,85,75,63,1,1,47.6,38,90.7,2.18
LAP04299,Lenovo,Windows,Office,57.4,28.0,32,16.0,60,68,90,61,1,1,44.0,55,81.5,2.51
LAP04300,MSI,Linux,Coding,55.3,26.9,32,13.7,144,99,22,4,1,1,38.0,50,85.2,2.68
LAP04301,Lenovo,Windows,Browsing,36.3,26.8,16,13.0,60,92,10,10,1,0,33.0,50,88.4,3.2
LAP04302,Lenovo,Windows,Coding,50.7,33.1,4,15.7,75,70,8,85,0,1,42.5,4,100.0,3.58
LAP04303,Dell,Windows,Coding,31.3,11.2,8,14.8,60,62,45,86,1,1,42.5,41,89.2,1.99
LAP04304,Dell,macOS,Gaming,52.5,24.2,8,16.8,60,25,55,89,1,1,43.2,57,83.1,1.8
LAP04305,Acer,Linux,Coding,39.4,28.6,8,13.5,60,44,16,90,1,0,39.8,54,84.2,2.29
LAP04306,Lenovo,Linux,Browsing,57.5,30.5,8,16.5,60,23,41,2,1,1,39.2,28,91.3,4.06
LAP04307,Dell,Windows,Office,50.4,35.8,16,14.2,60,95,6,50,1,0,35.5,35,88.3,3.5
LAP04308,HP,Windows,Coding,50.1,22.6,4,16.1,60,43,7,59,1,1,37.2,38,89.9,3.98
LAP04309,Acer,macOS,Browsing,78.3,25.6,16,13.2,60,75,49,65,0,1,41.4,49,82.8,5.05
LAP04310,Apple,Windows,Office,56.1,16.1,16,12.8,75,74,89,56,1,1,44.6,10,97.9,3.05
LAP04311,MSI,Linux,Video,83.2,29.7,16,15.5,144,73,43,16,1,1,38.0,32,92.9,3.41
LAP04312,ASUS,Windows,Coding,61.7,14.6,16,14.6,144,22,81,2,0,1,40.6,53,92.0,3.48
LAP04313,Acer,Windows,Coding,67.2,31.9,16,15.2,60,95,58,2,1,1,37.9,3,97.0,3.36
LAP04314,ASUS,Windows,Office,42.0,39.2,16,13.6,60,66,82,39,1,1,39.3,47,90.2,1.66
LAP04315,Lenovo,Linux,Video,44.6,30.6,16,15.5,144,49,98,79,1,1,46.5,54,81.5,1.14
LAP04316,MSI,Linux,Office,55.3,40.4,4,16.8,90,95,22,75,1,1,38.8,32,98.3,2.94
LAP04317,ASUS,Windows,Video,73.2,19.6,4,16.5,144,60,17,62,1,1,33.0,0,99.6,3.91
LAP04318,Lenovo,Windows,Browsing,49.6,10.6,32,14.1,60,74,18,50,1,1,38.4,20,97.0,5.15
LAP04319,HP,macOS,Gaming,33.5,23.1,16,13.2,60,78,45,0,1,1,31.9,16,94.3,1.56
LAP04320,ASUS,Windows,Office,61.0,17.6,32,15.0,144,59,44,50,1,1,37.0,33,92.6,4.1
LAP04321,MSI,Linux,Office,56.0,19.1,16,16.2,144,64,93,3,1,1,42.5,28,88.6,2.46
LAP04322,Acer,Windows,Coding,46.7,8.0,8,12.6,60,41,95,80,1,1,43.7,2,100.0,3.58
LAP04323,Lenovo,Windows,Coding,49.4,27.1,16,15.9,165,34,91,82,1,1,49.5,48,86.2,1.41
LAP04324,Acer,Windows,Browsing,41.9,25.3,16,17.3,60,36,75,3,1,1,35.6,23,93.0,2.67
LAP04325,MSI,Windows,Video,68.9,35.1,16,15.9,165,78,52,46,1,0,41.2,33,92.4,2.16
LAP04326,Dell,Windows,Office,55.3,31.6,16,12.8,60,44,14,38,1,1,33.3,1,97.5,4.23
LAP04327,Lenovo,Windows,Gaming,58.6,22.9,16,13.4,90,62,93,83,1,0,48.2,30,94.7,2.11
LAP04328,ASUS,Windows,Video,46.1,36.0,8,14.0,120,83,58,48,1,1,40.1,39,88.2,1.57
LAP04329,Lenovo,Windows,Office,75.0,35.6,16,14.8,60,70,39,56,1,1,36.9,6,96.5,4.36
LAP04330,Acer,Windows,Video,58.3,19.2,16,15.5,60,80,28,38,1,0,29.4,50,88.4,3.15
LAP04331,HP,Linux,Office,30.0,27.4,16,16.0,60,64,53,67,1,0,38.0,28,89.9,1.82
LAP04332,Lenovo,Windows,Browsing,61.9,43.1,16,14.6,60,22,46,16,1,0,31.7,60,83.8,3.0
LAP04333,ASUS,Windows,Gaming,51.0,28.9,16,15.4,90,55,79,14,1,1,38.7,52,87.4,1.71
LAP04334,Dell,Windows,Coding,52.5,15.1,16,13.5,75,98,88,27,1,1,44.6,50,86.1,2.92
LAP04335,Apple,Windows,Office,69.9,11.5,16,14.0,60,83,78,15,1,1,45.4,10,99.8,6.02
LAP04336,HP,Linux,Office,56.3,8.0,16,16.2,120,47,54,5,1,1,40.3,42,88.8,3.86
LAP04337,Dell,Windows,Office,80.7,8.0,8,15.6,60,64,25,91,1,1,42.7,52,90.4,6.72
LAP04338,Lenovo,Linux,Gaming,56.6,19.2,16,15.8,60,40,32,31,1,1,41.2,24,91.0,2.9
LAP04339,Acer,Windows,Browsing,48.0,22.9,16,13.5,120,46,96,80,1,1,51.4,18,92.9,2.42
LAP04340,MSI,Windows,Office,30.0,13.3,4,14.9,75,95,59,24,1,1,44.5,10,91.5,2.09
LAP04341,Acer,Windows,Office,44.2,16.8,32,15.1,60,54,31,38,1,0,37.4,44,88.2,3.05
LAP04342,ASUS,Linux,Office,50.2,13.6,8,15.5,60,67,72,16,1,1,41.6,34,89.0,3.8
LAP04343,Acer,macOS,Office,77.0,8.0,4,16.4,120,42,88,45,0,1,40.2,32,91.3,5.29
LAP04344,HP,Windows,Browsing,48.1,23.0,16,15.1,60,83,10,78,1,1,33.4,4,98.0,4.1
LAP04345,Acer,Linux,Browsing,79.6,33.0,8,17.2,240,32,62,52,1,1,43.9,34,86.1,2.73
LAP04346,ASUS,Windows,Office,37.8,18.9,16,12.2,144,49,10,50,1,1,31.9,2,97.2,2.85
LAP04347,Apple,macOS,Gaming,43.4,38.6,16,14.6,60,93,64,17,1,1,39.2,30,90.6,1.25
LAP04348,Lenovo,Windows,Browsing,71.9,26.8,8,16.4,144,39,85,19,1,1,47.0,11,100.0,3.18
LAP04349,MSI,Windows,Video,46.1,35.7,32,14.0,60,25,23,86,1,1,39.6,3,98.2,2.5
LAP04350,Lenovo,Windows,Video,71.5,25.4,8,16.2,75,38,65,4,1,0,39.7,31,94.8,3.6
LAP04351,Acer,macOS,Video,42.6,33.1,16,15.1,60,86,21,61,1,1,36.5,49,85.3,1.97
LAP04352,Dell,Linux,Gaming,44.1,8.1,16,17.3,60,93,53,11,1,1,40.2,49,85.5,2.29
LAP04353,Lenovo,macOS,Office,64.6,35.1,16,14.8,144,29,7,80,1,1,39.3,23,96.1,3.77
LAP04354,Apple,Linux,Browsing,42.8,25.1,32,14.8,120,75,38,29,1,1,39.0,50,87.2,2.34
LAP04355,Acer,Windows,Office,50.9,38.2,32,17.3,75,40,66,82,1,1,46.9,35,87.4,1.85
LAP04356,MSI,macOS,Office,60.9,22.0,32,14.5,60,75,64,95,1,1,43.8,1,96.9,3.38
LAP04357,ASUS,macOS,Video,51.2,45.9,8,16.5,165,76,72,15,0,1,47.6,4,93.8,1.47
LAP04358,Apple,Windows,Coding,46.6,31.4,16,15.4,60,21,91,1,1,0,40.3,11,100.0,2.1
LAP04359,Acer,Windows,Gaming,36.9,14.1,32,16.5,60,58,86,75,1,0,45.6,24,91.7,1.58
LAP04360,Apple,Windows,Browsing,76.7,38.5,32,14.5,60,80,38,2,1,1,32.3,40,86.7,5.04
LAP04361,Lenovo,macOS,Gaming,79.5,12.3,32,14.9,165,64,33,7,1,1,34.5,23,90.6,3.55
LAP04362,MSI,Linux,Office,59.9,11.6,32,14.5,60,47,64,36,1,1,41.2,56,81.2,4.3
LAP04363,ASUS,Linux,Office,51.5,40.5,16,12.2,60,37,48,52,1,0,39.4,24,91.5,2.52
LAP04364,Acer,macOS,Office,52.3,29.0,4,14.6,75,33,19,54,1,0,40.5,43,84.2,3.21
LAP04365,HP,Linux,Video,67.5,25.9,8,17.3,144,74,49,87,1,0,43.7,44,87.3,2.05
LAP04366,ASUS,Linux,Office,70.5,19.0,8,14.0,60,78,79,48,1,1,46.1,56,86.3,4.14
LAP04367,HP,Windows,Gaming,46.9,35.0,8,15.2,120,38,13,88,1,1,32.9,44,91.7,1.83
LAP04368,Apple,Windows,Gaming,71.1,21.7,8,16.7,60,60,39,58,1,1,38.6,57,87.8,3.05
LAP04369,Dell,Windows,Gaming,64.2,27.4,4,15.7,120,31,14,59,1,1,38.1,17,94.1,2.75
LAP04370,ASUS,Windows,Browsing,70.9,11.5,8,14.9,120,39,42,88,1,1,39.1,50,89.9,5.28
LAP04371,Apple,Linux,Gaming,31.0,24.3,32,13.7,120,53,33,77,1,1,37.3,19,94.7,1.14
LAP04372,HP,Windows,Video,48.7,27.1,8,17.0,120,55,50,45,1,0,39.6,32,91.8,1.92
LAP04373,Lenovo,Windows,Browsing,52.4,31.4,8,16.6,60,40,74,99,1,1,46.7,28,93.7,2.48
LAP04374,Lenovo,Windows,Browsing,48.0,29.1,16,17.0,144,75,87,62,1,1,43.8,28,90.5,2.18
LAP04375,Dell,Windows,Browsing,83.8,21.0,16,16.8,90,60,94,78,1,1,46.9,21,95.0,4.8
LAP04376,ASUS,Windows,Browsing,48.9,28.4,8,13.0,60,60,77,31,1,1,44.5,11,98.0,2.58
LAP04377,ASUS,Windows,Coding,62.0,36.8,8,14.5,60,62,49,65,1,1,39.9,33,91.0,2.46
LAP04378,ASUS,Windows,Gaming,57.3,8.0,8,15.4,144,91,81,84,1,1,42.5,3,99.5,2.43
LAP04379,Apple,Windows,Office,50.6,23.0,8,13.7,75,57,94,3,0,0,41.4,4,98.5,2.99
LAP04380,MSI,Windows,Coding,44.4,27.5,8,14.1,60,37,57,28,1,1,37.6,51,82.8,1.94
LAP04381,MSI,Windows,Gaming,85.8,13.9,16,15.9,165,27,88,48,1,0,47.4,53,85.7,3.19
LAP04382,Dell,Windows,Office,51.7,36.2,16,15.8,60,85,6,92,1,1,42.8,57,82.4,3.02
LAP04383,ASUS,Windows,Gaming,68.1,32.2,16,17.3,75,39,8,22,1,1,29.6,9,98.9,3.73
LAP04384,Apple,Windows,Coding,54.9,37.0,8,14.0,120,88,75,2,0,1,40.5,21,96.4,2.05
LAP04385,Lenovo,Windows,Coding,48.1,50.9,8,13.7,240,76,23,53,1,1,30.3,56,84.0,1.54
LAP04386,HP,Linux,Office,56.6,29.0,8,17.3,60,37,15,20,1,0,35.5,24,93.6,4.32
LAP04387,Apple,Windows,Coding,59.6,21.6,8,14.7,120,79,87,79,1,1,47.9,0,100.0,2.59
LAP04388,MSI,Windows,Browsing,48.0,36.3,16,12.3,75,21,36,43,1,1,38.1,9,96.0,3.34
LAP04389,MSI,Windows,Video,43.5,17.9,32,15.6,60,61,18,19,0,0,33.6,14,100.0,3.38
LAP04390,Lenovo,Windows,Office,62.1,30.6,4,13.5,165,83,53,98,1,1,41.3,39,88.2,2.71
LAP04391,Lenovo,Windows,Gaming,56.7,37.4,32,14.5,144,63,73,56,1,1,40.7,30,92.5,1.46
LAP04392,HP,Windows,Office,45.2,35.0,32,13.0,144,70,29,68,1,0,36.0,52,86.8,2.3
LAP04393,Lenovo,Windows,Browsing,40.9,41.9,8,16.6,165,84,18,89,1,1,40.0,16,91.3,1.82
LAP04394,Dell,Windows,Coding,60.2,21.7,8,15.6,120,84,43,70,1,0,36.2,11,94.1,2.85
LAP04395,HP,Windows,Browsing,30.0,33.5,8,13.2,75,73,16,51,1,1,31.3,4,97.5,2.15
LAP04396,Lenovo,Linux,Video,51.1,26.1,16,15.3,60,58,53,79,1,1,47.1,37,91.3,2.34
LAP04397,Acer,Windows,Gaming,57.0,28.0,8,15.9,120,27,88,16,1,0,42.4,47,91.2,1.73
LAP04398,Apple,macOS,Video,81.1,28.0,8,14.7,90,86,22,65,0,0,33.4,38,84.8,3.9
LAP04399,Lenovo,Windows,Browsing,55.2,31.5,32,17.3,90,95,5,11,1,1,34.4,50,89.4,3.82
LAP04400,Dell,Windows,Coding,50.5,24.6,8,16.5,90,68,8,57,1,1,32.9,8,94.8,2.95
LAP04401,ASUS,Windows,Coding,59.3,8.0,8,14.3,120,55,16,76,1,1,36.1,50,85.3,3.68
LAP04402,Lenovo,Linux,Video,44.3,26.9,16,14.7,165,26,30,4,1,1,33.9,16,95.9,2.03
LAP04403,MSI,Windows,Browsing,51.7,29.3,32,13.3,144,34,36,79,1,1,36.6,28,92.3,2.84
LAP04404,MSI,Windows,Office,55.4,24.5,8,12.6,60,44,83,91,1,1,49.0,50,83.6,2.77
LAP04405,MSI,Windows,Coding,64.4,30.2,8,13.8,75,76,56,71,1,0,40.6,54,80.8,2.58
LAP04406,ASUS,Windows,Browsing,44.9,23.5,16,14.0,120,57,94,55,1,1,38.1,41,85.8,2.26
LAP04407,MSI,Linux,Office,54.9,21.7,16,16.9,60,56,19,91,1,1,40.6,16,94.6,3.79
LAP04408,Acer,Windows,Office,30.0,41.7,64,13.1,165,35,12,45,1,1,39.0,45,82.1,1.43
LAP04409,Lenovo,Windows,Video,62.8,52.1,8,15.1,60,20,96,71,1,1,51.0,13,94.6,1.56
LAP04410,MSI,Windows,Gaming,51.5,35.6,16,15.3,120,66,34,92,1,1,37.6,19,95.5,1.54
LAP04411,HP,Windows,Coding,83.3,18.1,8,14.0,240,71,58,17,0,1,39.8,54,82.7,3.54
LAP04412,ASUS,Windows,Office,60.3,27.7,32,16.4,120,56,71,43,1,0,40.6,46,86.8,2.55
LAP04413,Acer,Windows,Office,42.0,26.8,8,14.6,120,64,74,42,1,1,43.1,26,91.5,1.99
LAP04414,HP,Windows,Gaming,38.6,33.0,16,14.2,240,33,99,79,1,1,44.1,59,80.9,1.0
LAP04415,HP,macOS,Gaming,64.9,27.3,8,17.3,144,76,94,89,1,1,46.5,50,84.7,1.48
LAP04416,HP,Windows,Gaming,81.9,32.4,8,13.8,240,53,12,85,1,1,35.1,38,88.7,2.34
LAP04417,HP,macOS,Video,77.4,46.5,8,16.1,120,85,67,78,1,0,38.7,47,88.2,2.19
LAP04418,Lenovo,Windows,Office,36.8,8.0,4,14.2,120,50,97,76,1,1,44.4,60,77.6,2.01
LAP04419,MSI,Windows,Video,58.0,18.9,16,13.3,144,63,21,21,1,0,34.4,19,93.8,3.37
LAP04420,Apple,Windows,Office,71.9,36.5,8,14.5,60,42,20,59,1,1,33.1,22,93.9,4.99
LAP04421,Lenovo,Linux,Office,34.9,24.5,16,17.3,144,100,49,84,1,1,42.6,8,95.8,1.73
LAP04422,Lenovo,Windows,Video,70.6,32.1,8,13.0,240,85,72,62,1,1,45.6,57,81.1,1.86
LAP04423,Acer,Windows,Browsing,44.5,22.7,16,14.0,120,30,14,23,1,1,37.0,52,85.0,3.0
LAP04424,Acer,Windows,Browsing,51.8,43.7,16,16.7,60,68,84,64,0,1,50.4,50,88.1,1.94
LAP04425,MSI,Linux,Office,59.1,38.9,8,13.7,60,97,23,28,1,1,37.2,48,87.6,3.16
LAP04426,Apple,Windows,Office,71.0,28.6,8,14.2,60,77,43,0,1,1,31.6,18,98.0,4.98
LAP04427,Acer,Windows,Gaming,78.0,45.1,32,15.2,75,48,54,0,1,1,38.0,31,91.8,2.4
LAP04428,MSI,Windows,Browsing,50.2,28.7,8,14.7,60,70,81,72,1,1,48.2,51,85.7,2.22
LAP04429,MSI,Linux,Browsing,47.8,25.8,8,15.7,240,20,64,20,1,1,36.5,11,97.4,2.22
LAP04430,Dell,macOS,Browsing,46.8,42.6,8,14.6,165,24,72,77,1,1,48.1,1,97.0,1.68
LAP04431,Apple,Windows,Browsing,66.7,8.2,8,15.0,60,53,36,27,1,1,34.7,35,93.3,7.26
LAP04432,Acer,Windows,Browsing,69.9,27.0,8,14.8,144,97,86,17,1,0,41.8,20,93.1,3.01
LAP04433,Apple,Linux,Coding,68.4,29.2,64,13.9,120,38,84,96,1,1,51.1,39,91.7,2.57
LAP04434,Lenovo,Linux,Office,59.0,22.3,32,12.4,60,59,93,51,1,1,43.8,42,85.4,2.96
LAP04435,Lenovo,Windows,Video,60.5,16.1,32,17.3,165,100,68,65,1,1,42.5,10,100.0,2.76
LAP04436,Apple,macOS,Gaming,51.5,24.1,8,13.8,60,85,84,97,1,1,50.7,60,82.7,1.63
LAP04437,Dell,Windows,Coding,52.9,8.0,32,13.9,144,100,90,87,1,1,49.3,27,90.0,2.61
LAP04438,Dell,Windows,Browsing,67.8,43.6,16,15.3,120,83,28,61,1,1,31.8,11,95.9,3.78
LAP04439,Apple,Linux,Browsing,59.0,44.2,32,13.6,120,91,32,18,1,1,30.8,4,100.0,3.1
LAP04440,Acer,Windows,Gaming,47.9,25.9,16,16.3,144,36,27,1,0,1,32.5,49,85.1,1.76
LAP04441,ASUS,macOS,Coding,71.5,21.3,8,15.4,75,57,67,69,1,1,42.6,14,95.7,3.79
LAP04442,Dell,Windows,Video,45.9,8.0,32,14.6,144,62,60,54,1,1,39.1,31,95.4,2.2
LAP04443,HP,Windows,Gaming,57.2,17.2,16,14.3,90,59,89,78,1,1,53.2,16,97.6,2.26
LAP04444,Lenovo,Linux,Gaming,36.4,42.8,32,13.3,240,64,77,56,1,0,47.0,40,90.4,1.0
LAP04445,Apple,Windows,Gaming,40.8,25.1,8,15.4,120,59,70,10,1,1,31.6,35,93.6,1.42
LAP04446,HP,Windows,Coding,55.3,18.8,64,15.2,60,90,42,15,1,1,39.5,13,95.6,3.5
LAP04447,Apple,Linux,Office,44.6,25.6,8,14.1,144,49,32,84,1,1,37.5,40,83.2,2.17
LAP04448,MSI,Windows,Gaming,51.6,18.5,8,15.7,75,54,30,61,1,0,38.1,8,97.8,2.74
LAP04449,Lenovo,Windows,Coding,73.2,8.0,16,17.2,144,85,64,26,1,0,35.0,16,97.3,4.75
LAP04450,Lenovo,Linux,Browsing,53.1,21.3,16,15.0,144,63,64,21,1,1,43.0,43,89.2,2.95
LAP04451,Dell,Windows,Coding,68.5,12.5,16,14.7,120,23,95,2,1,1,42.2,6,100.0,4.06
LAP04452,Dell,macOS,Coding,43.3,30.1,16,13.7,144,83,59,2,1,0,41.3,58,87.9,1.74
LAP04453,HP,Windows,Gaming,63.2,36.1,4,14.8,60,24,29,20,1,1,35.9,31,89.8,2.47
LAP04454,MSI,Windows,Coding,40.0,16.5,16,14.4,60,67,25,42,1,0,35.0,43,88.9,2.99
LAP04455,Apple,Windows,Office,51.3,27.3,8,13.5,120,85,29,69,1,0,36.7,43,92.0,2.99
LAP04456,MSI,macOS,Gaming,63.8,24.8,16,15.6,144,46,62,88,1,1,39.5,5,98.2,2.42
LAP04457,Lenovo,Windows,Video,55.2,16.2,8,15.4,60,43,42,36,1,1,36.9,15,96.5,3.52
LAP04458,HP,Windows,Coding,69.1,8.0,8,15.1,144,75,50,93,1,0,44.1,1,98.1,4.05
LAP04459,ASUS,Windows,Office,65.0,12.7,32,14.5,120,64,79,55,1,1,37.3,9,99.3,4.0
LAP04460,HP,Windows,Office,50.4,15.7,8,16.3,60,87,96,38,1,0,47.0,3,94.0,3.17
LAP04461,Acer,Windows,Coding,74.5,26.7,16,12.5,90,47,8,19,1,0,32.7,4,100.0,6.06
LAP04462,HP,macOS,Browsing,61.5,27.9,8,12.6,60,24,23,64,1,1,36.8,36,92.2,4.9
LAP04463,MSI,Linux,Office,51.3,39.9,8,15.3,60,66,66,34,1,1,37.3,38,93.7,2.39
LAP04464,Acer,Windows,Video,57.2,12.6,16,16.8,144,24,28,42,1,1,33.2,25,94.5,2.97
LAP04465,Acer,Windows,Office,56.4,15.2,16,15.2,60,24,90,89,1,0,47.4,29,92.2,3.74
LAP04466,Acer,Windows,Office,58.0,17.3,16,15.2,75,67,59,20,0,0,38.2,1,97.8,4.69
LAP04467,ASUS,Windows,Browsing,52.9,22.7,32,13.5,90,92,29,9,1,0,28.0,50,86.4,3.94
LAP04468,HP,Linux,Office,60.6,27.6,16,12.0,165,66,76,44,1,1,49.5,17,93.9,2.62
LAP04469,MSI,Linux,Video,66.8,30.2,32,13.6,144,81,88,92,1,1,44.8,6,96.4,2.44
LAP04470,HP,Linux,Office,61.4,8.0,16,15.9,60,46,69,2,1,1,41.9,45,88.9,5.22
LAP04471,ASUS,Windows,Browsing,60.9,39.3,16,12.8,165,23,72,42,1,1,40.6,46,90.2,2.53
LAP04472,Lenovo,Windows,Coding,53.5,30.6,16,13.8,75,68,16,51,0,1,37.5,22,93.7,3.34
LAP04473,Dell,Windows,Gaming,41.7,35.6,16,12.8,60,84,29,40,1,1,35.8,56,81.7,1.69
LAP04474,MSI,Windows,Coding,38.1,8.0,16,13.7,60,99,25,40,1,1,34.9,19,90.9,3.29
LAP04475,MSI,Windows,Browsing,44.4,35.0,8,16.6,165,80,23,76,0,1,39.2,14,100.0,2.42
LAP04476,HP,macOS,Office,48.7,13.1,8,14.2,90,39,74,8,1,1,38.0,51,89.9,3.51
LAP04477,Dell,Linux,Gaming,80.1,19.6,8,16.3,240,100,56,45,1,1,43.7,53,89.0,2.2
LAP04478,Apple,macOS,Browsing,73.8,42.2,4,14.2,60,27,58,15,1,1,33.8,27,89.4,3.62
LAP04479,Apple,Linux,Coding,46.1,32.9,8,17.0,90,32,39,46,1,0,37.8,45,84.5,2.14
LAP04480,ASUS,Windows,Office,61.7,16.9,16,15.5,60,92,7,27,1,1,30.7,2,99.8,5.97
LAP04481,Apple,Windows,Browsing,54.0,34.6,4,14.4,75,56,37,27,1,1,38.5,2,99.5,3.74
LAP04482,MSI,Windows,Video,58.5,29.3,16,14.8,144,62,77,74,1,1,38.5,56,82.7,1.71
LAP04483,Apple,Windows,Video,46.8,20.1,16,13.0,60,75,11,93,1,1,42.2,54,83.8,2.72
LAP04484,Lenovo,Windows,Coding,88.6,30.7,8,14.3,60,69,31,10,1,1,31.3,11,92.4,5.33
LAP04485,Lenovo,Windows,Browsing,83.0,20.5,8,17.0,120,39,5,28,1,1,34.5,56,85.3,6.06
LAP04486,Lenovo,Windows,Browsing,50.6,29.6,4,15.5,60,67,44,55,0,1,33.1,33,89.2,3.18
LAP04487,Apple,Windows,Coding,46.1,29.5,16,12.1,75,38,22,75,1,1,36.8,35,90.1,2.94
LAP04488,ASUS,Windows,Coding,68.9,31.0,16,14.8,60,88,39,71,1,0,38.8,7,95.2,3.4
LAP04489,Acer,Windows,Browsing,36.9,48.1,16,15.2,144,36,85,56,0,1,44.8,8,96.2,1.37
LAP04490,Acer,Windows,Browsing,67.7,36.3,8,16.1,60,47,43,52,0,1,40.7,34,90.6,4.04
LAP04491,Dell,Windows,Browsing,56.9,37.0,16,14.5,144,55,15,73,0,0,44.0,23,94.9,4.04
LAP04492,Acer,Windows,Gaming,33.5,18.7,16,14.8,120,57,49,58,1,1,38.7,23,94.2,1.29
LAP04493,Acer,Linux,Video,52.7,8.0,4,16.4,60,89,79,34,1,1,44.0,34,93.4,3.32
LAP04494,Lenovo,Windows,Gaming,45.2,22.7,16,14.7,60,45,7,51,1,1,33.3,10,95.1,2.53
LAP04495,Lenovo,Windows,Browsing,57.4,19.2,16,14.0,165,98,81,35,1,1,43.3,55,85.9,2.87
LAP04496,Apple,Windows,Gaming,55.9,32.2,8,16.2,90,20,56,76,1,0,38.0,5,98.2,1.82
LAP04497,Dell,macOS,Browsing,34.8,22.6,16,16.2,60,100,64,57,1,1,42.9,24,97.1,2.22
LAP04498,HP,Windows,Coding,50.0,40.9,4,12.0,60,21,96,90,1,1,45.6,0,99.1,1.49
LAP04499,MSI,Linux,Video,63.6,8.0,8,15.4,60,55,62,1,1,0,32.1,8,99.0,5.55
LAP04500,Dell,macOS,Office,66.2,21.6,8,13.6,90,75,58,27,1,1,38.7,60,76.6,3.17
LAP04501,Dell,Linux,Office,49.6,29.5,4,15.6,75,54,38,97,1,1,42.6,55,82.9,2.2
LAP04502,ASUS,Windows,Browsing,61.9,13.3,8,16.3,144,46,32,84,1,1,39.5,11,100.0,4.72
LAP04503,Apple,Windows,Browsing,59.0,35.9,16,15.9,144,86,65,69,1,1,44.5,12,93.6,2.32
LAP04504,ASUS,Windows,Coding,54.2,35.5,32,16.0,60,75,70,62,1,1,48.6,28,91.6,2.2
LAP04505,Dell,Windows,Coding,62.0,19.8,16,14.1,60,65,70,51,1,1,39.6,45,91.3,3.22
LAP04506,Dell,Windows,Video,41.1,56.8,8,14.4,144,39,41,59,1,1,42.0,31,94.4,1.36
LAP04507,Dell,macOS,Coding,55.0,11.6,64,15.8,90,27,20,89,1,1,37.3,30,94.2,3.99
LAP04508,Acer,macOS,Coding,30.9,8.8,8,15.1,240,91,76,35,1,0,42.9,25,89.3,1.25
LAP04509,MSI,Windows,Browsing,54.2,19.3,8,12.8,144,45,79,81,1,1,45.6,39,92.3,2.85
LAP04510,MSI,Windows,Browsing,76.4,27.3,16,16.2,60,93,49,61,1,1,45.3,23,93.5,4.98
LAP04511,ASUS,macOS,Gaming,50.2,8.0,16,13.0,60,81,19,42,1,0,35.4,14,98.3,3.68
LAP04512,Dell,Windows,Browsing,74.9,32.4,8,15.5,60,52,8,38,1,1,34.0,41,90.1,6.05
LAP04513,MSI,Windows,Coding,50.4,54.5,16,15.3,75,80,27,4,0,1,36.6,54,83.8,2.24
LAP04514,Lenovo,Windows,Browsing,38.7,8.3,8,16.7,120,39,76,89,1,1,47.7,50,84.8,2.36
LAP04515,MSI,Linux,Video,65.0,27.4,16,14.7,120,87,84,74,1,1,47.9,5,100.0,2.39
LAP04516,Apple,Windows,Video,62.0,36.5,16,12.2,60,48,20,49,1,1,40.1,28,97.3,3.69
LAP04517,Apple,Linux,Browsing,89.8,34.2,16,15.2,144,65,92,15,0,0,42.9,30,94.8,4.14
LAP04518,MSI,Windows,Office,40.3,50.9,32,15.5,60,56,57,82,1,1,47.9,15,96.7,1.58
LAP04519,Lenovo,Windows,Coding,60.3,19.4,16,16.5,60,72,14,51,1,0,31.3,9,96.1,4.49
LAP04520,Apple,Windows,Office,60.9,48.8,8,14.3,60,24,38,68,1,1,39.4,55,83.4,2.3
LAP04521,Acer,Windows,Browsing,70.9,24.3,16,16.0,120,85,22,70,1,1,38.1,44,84.1,3.85
LAP04522,MSI,Windows,Video,62.9,18.9,8,16.3,120,34,57,2,1,1,34.5,39,87.4,2.96
LAP04523,Acer,Windows,Browsing,50.7,47.5,32,14.0,60,65,20,88,1,1,41.5,3,100.0,3.24
LAP04524,MSI,Linux,Gaming,38.9,20.6,16,15.4,120,76,66,9,1,1,39.3,28,91.4,1.45
LAP04525,HP,Windows,Coding,60.2,37.9,16,12.9,60,27,56,50,1,1,34.3,7,100.0,3.05
LAP04526,HP,Linux,Browsing,60.6,19.1,16,15.8,60,56,61,68,1,1,46.4,39,87.4,3.73
LAP04527,HP,macOS,Coding,64.5,9.7,8,15.3,120,76,76,31,1,0,44.6,10,95.5,3.95
LAP04528,Apple,Linux,Coding,50.7,9.7,4,13.3,60,33,68,95,1,1,46.3,0,100.0,3.85
LAP04529,Acer,macOS,Office,59.2,33.5,16,14.4,60,24,88,4,1,1,41.9,42,83.7,2.33
LAP04530,Acer,Windows,Office,31.8,12.2,8,16.5,60,92,27,42,1,1,32.9,36,87.9,2.69
LAP04531,Acer,Windows,Office,39.6,22.5,32,15.3,60,62,44,82,1,1,39.0,22,90.5,2.53
LAP04532,Lenovo,macOS,Office,69.0,17.2,8,14.0,144,68,18,11,1,1,28.0,29,89.3,4.65
LAP04533,Acer,Linux,Browsing,57.7,14.5,32,13.9,144,63,84,30,1,1,40.3,14,97.7,4.23
LAP04534,Lenovo,Linux,Office,62.1,15.9,16,16.4,144,75,22,80,1,1,38.7,28,93.4,3.29
LAP04535,HP,Windows,Office,46.0,27.5,32,14.3,60,67,98,21,1,0,45.0,23,95.8,2.26
LAP04536,HP,Windows,Coding,44.1,8.0,8,15.3,240,49,40,58,1,1,35.7,8,100.0,2.28
LAP04537,Apple,Windows,Coding,48.6,35.1,16,14.4,75,52,43,51,1,1,42.1,42,86.7,2.03
LAP04538,MSI,Linux,Coding,58.6,9.5,16,11.9,144,56,45,46,1,1,39.3,10,93.9,3.92
LAP04539,HP,Windows,Video,65.3,11.0,16,14.1,165,69,5,85,1,1,40.5,14,96.3,3.32
LAP04540,MSI,Windows,Video,51.3,8.0,8,16.6,75,26,85,48,1,1,46.6,60,75.7,2.77
LAP04541,MSI,Windows,Coding,30.1,28.2,16,17.3,60,86,96,55,1,1,46.3,43,89.4,1.2
LAP04542,Apple,Windows,Coding,61.0,42.6,64,13.9,90,62,75,89,1,1,47.2,45,90.6,1.97
LAP04543,Dell,Windows,Office,59.0,23.4,16,15.5,60,59,88,30,1,1,41.0,37,88.7,2.66
LAP04544,Dell,Linux,Gaming,62.2,30.2,16,17.3,60,51,46,58,1,1,40.0,47,86.6,2.09
LAP04545,ASUS,Linux,Browsing,67.8,31.5,16,16.7,60,74,28,69,0,1,39.4,25,90.8,4.86
LAP04546,Apple,Windows,Office,66.7,33.9,16,13.3,90,96,69,75,1,0,46.8,44,86.7,2.7
LAP04547,ASUS,Windows,Video,75.4,13.0,32,14.6,60,95,22,42,1,0,36.2,36,86.7,4.24
LAP04548,ASUS,macOS,Browsing,55.4,44.1,16,15.4,144,28,94,90,1,1,54.5,23,97.4,2.08
LAP04549,Dell,Windows,Browsing,48.5,21.0,8,16.8,60,28,18,80,1,1,38.8,21,94.2,4.17
LAP04550,Apple,Linux,Coding,70.6,28.4,8,13.3,90,83,23,73,1,1,31.1,17,96.2,3.81
LAP04551,Dell,Windows,Coding,68.6,23.2,8,16.1,60,64,86,4,1,0,39.3,8,95.5,3.79
LAP04552,ASUS,Windows,Video,51.5,19.7,16,16.0,144,80,11,3,1,0,28.7,28,94.2,2.75
LAP04553,Apple,Windows,Video,71.6,36.3,16,14.6,120,89,68,14,1,0,38.2,31,93.8,2.37
LAP04554,ASUS,Linux,Browsing,56.1,32.6,32,17.3,60,57,6,1,1,1,28.0,11,97.0,5.32
LAP04555,Acer,Windows,Browsing,74.1,8.0,32,13.7,120,94,11,48,1,0,30.0,40,88.2,7.04
LAP04556,MSI,Windows,Coding,80.9,30.0,8,15.5,60,65,32,55,1,1,35.9,16,94.3,4.99
LAP04557,Apple,Windows,Office,94.6,50.2,16,15.3,144,89,96,7,1,1,43.2,24,95.6,2.79
LAP04558,Apple,Windows,Coding,55.9,27.2,16,15.5,75,83,85,15,1,0,42.9,52,83.5,2.27
LAP04559,MSI,Windows,Browsing,76.2,18.9,8,16.6,60,54,34,63,1,1,36.6,13,99.4,6.85
LAP04560,ASUS,Windows,Office,67.8,20.4,16,13.1,90,31,89,83,1,1,49.5,24,95.0,3.34
LAP04561,Acer,Windows,Coding,69.2,18.3,8,15.2,60,67,77,23,1,1,39.3,26,93.0,4.11
LAP04562,Lenovo,Windows,Coding,61.4,11.2,4,17.3,120,82,40,98,1,1,40.5,12,94.0,3.18
LAP04563,MSI,Windows,Coding,69.3,22.8,4,16.1,120,64,26,54,1,1,36.1,36,93.1,3.76
LAP04564,Dell,Windows,Office,34.4,22.7,16,14.1,144,25,83,53,1,1,37.1,9,95.4,1.63
LAP04565,ASUS,Windows,Office,54.6,32.2,16,13.9,165,64,82,80,1,1,45.4,53,85.2,1.89
LAP04566,MSI,Windows,Browsing,45.2,18.7,16,15.7,120,51,31,68,0,1,34.3,8,96.5,3.44
LAP04567,MSI,Windows,Browsing,43.9,49.1,16,14.3,75,87,86,77,1,1,44.7,12,98.4,1.34
LAP04568,Apple,Windows,Office,33.5,13.8,8,14.8,144,22,14,77,1,1,35.4,6,98.6,2.4
LAP04569,Dell,Windows,Office,47.1,26.8,8,14.0,165,21,26,59,1,1,40.5,13,95.5,2.73
LAP04570,Dell,Windows,Coding,52.4,16.0,8,17.3,144,39,27,30,1,1,32.8,59,78.9,2.53
LAP04571,Dell,Windows,Office,57.8,18.5,8,15.5,165,58,56,19,1,1,44.9,35,93.8,3.06
LAP04572,MSI,Windows,Coding,54.8,21.6,32,15.1,240,31,46,76,1,1,39.2,53,86.8,2.18
LAP04573,Lenovo,Windows,Gaming,70.8,27.4,16,12.7,60,80,45,53,0,1,38.1,39,90.4,3.1
LAP04574,HP,Linux,Office,41.6,34.6,8,13.8,60,55,52,8,1,1,37.5,4,98.4,2.47
LAP04575,ASUS,Windows,Browsing,30.0,19.4,4,14.9,60,28,73,33,1,1,39.4,12,100.0,2.48
LAP04576,HP,Windows,Browsing,63.0,8.0,16,14.9,240,63,55,75,0,1,45.3,19,98.1,4.03
LAP04577,MSI,Windows,Coding,54.3,41.4,16,17.3,60,94,93,79,1,1,41.1,54,80.1,1.35
LAP04578,HP,Windows,Office,54.0,13.3,16,15.2,120,72,5,64,1,1,36.1,27,92.9,3.3
LAP04579,MSI,macOS,Browsing,44.3,22.0,8,16.5,144,49,92,15,1,1,40.1,50,87.1,2.04
LAP04580,HP,Windows,Coding,68.6,25.7,16,15.3,240,85,60,69,1,1,44.9,51,79.3,2.08
LAP04581,Dell,Windows,Browsing,48.7,23.8,8,16.2,120,57,75,83,1,1,45.4,14,97.3,2.54
LAP04582,Acer,Windows,Coding,41.7,8.1,16,12.7,60,57,28,5,1,0,35.1,38,90.5,4.35
LAP04583,Dell,Windows,Coding,80.1,35.3,4,13.2,60,52,19,34,1,1,37.7,58,83.5,4.44
LAP04584,Dell,Windows,Video,65.4,8.0,8,16.3,240,90,79,2,0,0,43.7,20,92.3,3.03
LAP04585,Apple,Windows,Browsing,54.4,36.8,16,17.1,165,74,48,20,1,1,38.4,16,99.5,2.6
LAP04586,Apple,Linux,Gaming,30.0,38.9,8,12.6,144,95,85,6,0,1,45.6,5,93.8,1.0
LAP04587,HP,Windows,Video,51.5,35.8,16,15.0,165,42,53,77,1,1,39.0,45,85.1,1.59
LAP04588,MSI,Windows,Browsing,54.7,21.3,8,12.9,60,89,91,29,1,0,42.0,45,85.8,3.49
LAP04589,Dell,Windows,Browsing,77.0,26.6,4,14.1,120,33,53,21,0,1,35.9,24,94.8,4.54
LAP04590,HP,Windows,Office,30.0,17.0,32,12.3,60,68,72,13,1,1,39.8,9,97.8,2.16
LAP04591,Apple,Windows,Video,78.4,25.8,8,14.8,144,64,99,54,1,1,46.7,13,94.6,2.74
LAP04592,Acer,Windows,Video,61.6,32.5,8,14.7,60,96,78,88,1,0,44.6,18,96.4,2.48
LAP04593,ASUS,Windows,Coding,36.9,11.9,8,14.7,60,46,41,66,1,1,43.4,51,83.2,2.46
LAP04594,HP,Windows,Gaming,68.8,23.4,32,14.6,144,94,78,4,1,1,29.4,10,96.8,2.29
LAP04595,Acer,macOS,Browsing,51.3,19.3,16,15.9,144,86,46,68,1,1,44.1,31,95.1,3.2
LAP04596,ASUS,Windows,Browsing,30.1,39.1,32,17.3,240,68,63,58,0,0,40.2,9,99.9,1.24
LAP04597,Lenovo,Windows,Gaming,48.3,13.7,16,13.3,120,21,79,8,1,0,41.3,46,88.6,2.14
LAP04598,HP,Windows,Video,58.8,32.5,16,13.8,60,79,99,47,1,1,41.7,33,91.3,1.96
LAP04599,HP,Windows,Office,55.9,24.4,16,15.2,90,85,14,36,0,1,35.1,50,86.4,4.13
LAP04600,Lenovo,Windows,Video,64.7,23.5,16,14.6,165,78,57,67,1,1,42.8,43,89.5,2.62
LAP04601,Lenovo,Windows,Gaming,71.5,32.9,8,14.6,120,79,46,19,1,1,40.0,52,87.2,2.38
LAP04602,HP,Windows,Video,38.5,20.4,16,13.2,144,41,12,84,1,1,40.8,28,92.6,2.01
LAP04603,Lenovo,Windows,Video,54.7,26.2,16,14.4,60,65,79,49,1,1,39.1,28,92.7,2.27
LAP04604,Dell,Linux,Video,45.9,38.3,16,14.4,60,72,88,23,1,1,42.2,21,97.4,1.61
LAP04605,ASUS,Windows,Browsing,36.3,15.7,8,15.3,165,38,28,70,1,1,41.6,49,86.1,2.17
LAP04606,ASUS,Windows,Video,54.2,28.3,16,13.7,60,68,55,48,1,1,38.5,13,95.0,2.57
LAP04607,ASUS,Windows,Browsing,61.5,35.6,16,16.2,75,99,75,7,1,0,34.1,58,83.1,2.52
LAP04608,Dell,Linux,Gaming,62.4,30.6,16,13.2,60,36,64,74,1,1,43.6,1,100.0,2.55
LAP04609,MSI,Windows,Office,49.1,40.4,64,17.2,120,46,25,72,1,0,34.4,11,96.1,2.29
LAP04610,Lenovo,Windows,Coding,39.9,23.6,16,13.9,60,38,57,5,1,1,35.3,21,93.2,2.33
LAP04611,Acer,Linux,Office,45.3,33.1,4,17.0,120,49,10,39,1,1,31.4,0,98.8,2.86
LAP04612,Lenovo,Windows,Browsing,30.0,38.2,16,14.0,240,97,35,80,1,1,39.7,49,85.1,1.29
LAP04613,HP,Windows,Office,37.2,8.0,16,16.2,60,65,16,53,0,1,39.4,11,95.7,3.83
LAP04614,Apple,Windows,Gaming,38.5,20.1,32,14.5,75,83,17,76,1,1,39.8,11,100.0,1.96
LAP04615,ASUS,Linux,Gaming,67.7,29.5,16,15.1,60,51,53,16,1,1,41.1,3,100.0,2.83
LAP04616,Lenovo,Linux,Office,67.7,36.0,4,15.8,60,72,35,50,0,1,39.6,16,97.9,4.58
LAP04617,Acer,macOS,Gaming,86.9,27.9,8,14.5,60,42,13,1,1,1,32.0,52,89.4,4.01
LAP04618,HP,macOS,Video,58.6,41.8,8,12.3,90,55,31,29,1,1,39.8,47,91.6,2.39
LAP04619,Dell,Linux,Coding,47.7,18.6,8,14.1,60,29,57,31,1,0,34.9,18,91.4,3.62
LAP04620,MSI,Windows,Browsing,55.2,10.2,16,14.3,60,78,85,49,1,1,48.2,57,84.8,4.36
LAP04621,Dell,Linux,Gaming,52.5,34.5,8,17.3,90,48,55,99,1,0,46.1,0,96.2,1.56
LAP04622,Acer,Windows,Coding,45.5,23.6,8,14.9,165,30,76,70,1,0,47.4,51,82.5,1.61
LAP04623,HP,Windows,Gaming,59.8,14.9,16,15.2,60,57,31,15,1,1,33.1,16,97.3,3.77
LAP04624,ASUS,Windows,Video,57.9,45.5,8,14.8,120,98,44,82,1,1,39.3,33,89.1,1.87
LAP04625,Lenovo,Windows,Video,53.8,34.0,4,15.3,75,51,66,78,1,1,44.2,42,85.4,2.0
LAP04626,HP,Linux,Coding,50.6,32.8,16,13.3,60,71,62,54,1,1,38.2,57,84.3,2.09
LAP04627,MSI,Windows,Office,64.5,44.1,8,14.0,90,20,19,56,1,0,35.3,6,96.6,3.73
LAP04628,Dell,Windows,Office,46.7,20.4,16,15.9,120,33,43,77,1,1,40.1,32,90.1,2.67
LAP04629,MSI,Windows,Office,49.0,42.0,16,14.7,90,22,74,44,1,1,40.9,5,94.7,1.85
LAP04630,MSI,Linux,Browsing,62.1,30.0,32,14.9,60,49,100,51,1,0,43.9,51,86.4,2.66
LAP04631,Acer,Windows,Coding,70.2,17.9,4,15.0,144,50,12,70,1,1,32.2,5,97.0,3.73
LAP04632,Acer,Windows,Coding,68.8,24.9,8,16.0,60,20,39,46,1,1,39.8,31,92.3,3.73
LAP04633,Lenovo,Windows,Gaming,51.1,27.2,16,14.1,60,65,67,32,1,1,41.1,27,94.9,1.87
LAP04634,Acer,Windows,Browsing,36.0,38.4,8,15.1,120,33,35,97,1,0,38.4,36,93.1,1.76
LAP04635,Acer,Windows,Coding,50.7,8.8,16,12.0,60,55,94,23,1,0,44.2,28,89.7,3.94
LAP04636,HP,Windows,Browsing,56.1,8.0,4,12.7,60,65,46,34,0,0,37.3,58,81.6,5.61
LAP04637,ASUS,Linux,Browsing,38.3,15.5,16,14.7,75,74,92,63,1,1,43.3,42,86.8,1.91
LAP04638,Lenovo,Windows,Browsing,50.4,24.2,32,13.5,120,55,70,84,1,1,46.8,29,89.8,2.46
LAP04639,HP,Windows,Video,73.1,33.6,64,16.4,60,62,45,87,1,0,42.3,21,94.1,3.06
LAP04640,ASUS,Windows,Browsing,57.2,19.5,32,13.5,120,62,5,100,1,1,42.6,4,98.8,4.42
LAP04641,MSI,Windows,Video,46.9,30.0,4,14.8,144,34,78,79,1,1,43.5,28,90.6,1.64
LAP04642,HP,Windows,Browsing,55.4,44.2,16,16.1,165,57,91,59,1,1,46.9,1,99.0,1.87
LAP04643,Apple,Windows,Gaming,56.3,8.0,16,15.7,60,63,37,80,1,1,45.4,9,99.4,3.7
LAP04644,HP,Windows,Video,49.4,23.4,32,14.2,90,74,41,28,0,0,37.5,45,86.2,2.56
LAP04645,Acer,Linux,Gaming,66.6,54.0,32,14.5,60,74,61,17,1,1,35.5,19,92.6,1.72
LAP04646,ASUS,Windows,Gaming,30.0,16.5,64,15.7,144,97,15,57,1,1,34.8,54,86.3,1.11
LAP04647,Lenovo,Windows,Gaming,62.1,15.2,32,16.1,165,77,88,47,1,0,48.4,51,86.1,1.93
LAP04648,Lenovo,Windows,Gaming,46.4,31.3,16,17.1,60,76,94,10,1,1,46.1,52,81.6,1.17
LAP04649,ASUS,Windows,Coding,70.7,18.6,16,16.1,120,75,51,2,1,1,34.7,17,96.0,3.98
LAP04650,Acer,Windows,Browsing,35.9,37.9,32,16.0,144,21,70,41,1,1,39.4,44,89.2,1.45
LAP04651,Dell,Windows,Office,69.1,54.7,16,15.5,75,53,93,17,0,1,44.8,60,79.3,1.69
LAP04652,HP,macOS,Browsing,43.2,25.9,32,15.2,120,68,8,15,0,0,29.6,34,90.8,3.77
LAP04653,Acer,Windows,Coding,59.8,57.9,32,14.5,144,83,87,40,1,1,43.8,52,83.6,1.31
LAP04654,Apple,Windows,Coding,48.0,19.6,16,15.7,144,27,81,64,1,1,36.9,35,93.6,2.03
LAP04655,MSI,Linux,Gaming,71.9,23.0,8,14.7,75,88,87,42,1,1,48.4,50,86.0,2.35
LAP04656,ASUS,Windows,Gaming,52.1,13.5,8,16.0,165,77,81,42,0,1,43.7,17,96.2,1.99
LAP04657,HP,Windows,Office,44.2,19.6,8,16.0,120,62,59,90,1,0,42.9,11,95.0,2.25
LAP04658,Lenovo,Windows,Coding,76.0,22.1,16,15.7,60,81,16,30,1,1,35.4,56,82.2,4.76
LAP04659,MSI,Windows,Gaming,50.8,30.0,16,14.1,120,71,70,27,1,1,42.5,49,89.2,1.47
LAP04660,Dell,Windows,Office,62.8,10.0,16,14.9,60,52,41,50,1,1,33.7,45,84.8,4.7
LAP04661,Apple,Windows,Video,69.1,18.8,16,16.5,60,39,27,26,1,1,32.8,24,91.7,4.07
LAP04662,Lenovo,macOS,Browsing,41.8,19.1,64,12.6,144,99,59,8,1,1,36.6,35,87.2,2.46
LAP04663,ASUS,Windows,Coding,61.3,35.7,8,15.3,240,78,23,37,1,1,31.6,41,86.5,2.2
LAP04664,HP,Windows,Office,63.4,26.4,32,16.1,144,79,71,35,1,1,40.0,40,86.0,2.45
LAP04665,ASUS,Windows,Gaming,31.8,26.4,8,15.6,60,82,92,59,1,1,44.4,56,87.4,1.1
LAP04666,MSI,Windows,Coding,59.8,26.0,16,17.3,75,75,27,90,1,0,38.1,57,83.2,3.07
LAP04667,HP,Windows,Browsing,49.7,8.0,16,12.7,240,56,8,56,1,1,33.7,52,81.1,3.2
LAP04668,Acer,Windows,Browsing,79.3,44.3,16,13.3,165,79,22,46,1,1,35.5,54,85.5,3.98
LAP04669,Dell,Windows,Office,68.0,13.9,16,15.3,240,70,16,89,1,1,33.9,19,93.9,3.72
LAP04670,Acer,Windows,Gaming,61.6,35.7,8,16.3,60,48,39,90,1,1,44.2,59,83.0,1.89
LAP04671,Acer,Windows,Video,30.0,22.3,8,15.1,144,28,31,67,1,0,40.3,47,83.4,1.07
LAP04672,ASUS,macOS,Office,61.7,17.7,8,16.8,144,59,47,50,1,1,38.3,10,95.7,3.35
LAP04673,MSI,Linux,Office,43.6,37.5,8,14.2,60,87,82,57,1,0,44.4,57,88.6,1.74
LAP04674,Dell,Windows,Coding,68.1,10.7,16,14.6,60,62,99,47,1,1,45.5,19,95.6,4.55
LAP04675,HP,Linux,Video,52.6,11.7,16,16.1,144,95,71,58,1,0,48.8,32,93.3,2.47
LAP04676,HP,Windows,Video,47.2,26.9,32,14.5,60,42,73,75,1,1,42.6,9,97.5,2.23
LAP04677,Apple,Linux,Office,48.5,27.2,32,16.3,60,27,68,46,1,1,42.7,24,93.8,2.7
LAP04678,Lenovo,Windows,Video,49.4,34.8,16,16.0,60,93,97,14,1,0,35.5,9,96.3,1.77
LAP04679,Apple,Windows,Coding,34.8,33.6,8,14.4,60,83,56,93,1,0,45.0,23,88.4,1.36
LAP04680,Apple,Linux,Gaming,36.8,24.2,16,15.4,60,42,21,77,1,1,37.3,40,90.1,1.64
LAP04681,HP,Windows,Gaming,50.0,26.3,16,14.3,60,75,87,71,1,1,47.0,32,95.6,1.86
LAP04682,ASUS,macOS,Video,78.3,23.3,16,13.8,60,33,37,91,1,1,42.2,33,90.7,4.13
LAP04683,Acer,Linux,Video,65.7,42.0,16,14.5,144,99,76,94,1,0,46.5,58,84.4,1.55
LAP04684,MSI,macOS,Office,67.1,13.2,16,14.7,60,36,56,1,1,0,37.3,14,98.1,6.07
LAP04685,Acer,Windows,Video,73.0,25.4,32,15.2,60,39,39,78,1,0,43.3,39,89.3,3.54
LAP04686,Acer,Windows,Office,59.2,34.2,32,14.8,75,31,24,60,1,0,37.0,23,97.0,3.7
LAP04687,Dell,Windows,Office,48.1,38.3,32,12.5,144,92,85,39,1,1,42.3,14,97.7,1.65
LAP04688,HP,macOS,Office,48.8,17.0,16,16.4,60,91,49,42,1,1,42.2,48,89.1,2.94
LAP04689,MSI,Windows,Video,42.6,13.4,32,12.6,60,60,81,47,1,1,43.9,9,100.0,2.64
LAP04690,ASUS,Windows,Browsing,67.2,10.1,4,15.3,60,51,72,71,1,1,42.1,4,98.7,5.85
LAP04691,Dell,Windows,Office,41.0,20.9,32,14.0,165,56,54,68,1,1,43.2,21,95.0,2.23
LAP04692,Lenovo,Windows,Office,86.4,28.1,4,15.2,120,37,62,56,1,1,41.2,36,87.5,3.92
LAP04693,ASUS,Windows,Browsing,41.5,19.3,16,14.7,60,48,34,67,0,1,35.4,53,83.9,3.34
LAP04694,Apple,Windows,Browsing,73.3,33.4,8,15.5,144,26,74,11,1,1,41.1,30,90.7,3.16
LAP04695,ASUS,Linux,Video,73.4,24.2,8,15.7,60,59,6,73,1,1,35.3,22,90.0,4.45
LAP04696,ASUS,Windows,Video,64.4,32.3,8,16.5,60,25,83,67,0,1,39.8,10,98.2,2.61
LAP04697,Acer,Linux,Office,79.3,26.8,16,16.1,90,39,38,50,1,0,34.6,9,94.2,5.01
LAP04698,ASUS,Windows,Gaming,52.1,8.0,8,15.1,75,74,56,73,1,1,44.4,53,85.0,2.53
LAP04699,Apple,Windows,Video,56.9,11.2,4,16.3,120,75,88,28,1,1,43.5,34,89.4,2.87
LAP04700,Apple,Windows,Office,58.4,38.9,32,14.3,60,92,20,91,1,1,39.2,21,90.1,3.2
LAP04701,HP,Windows,Video,63.9,13.8,32,17.3,144,72,47,28,1,1,39.2,40,85.7,2.93
LAP04702,ASUS,Windows,Gaming,30.0,35.2,16,14.2,60,92,68,82,1,1,46.5,53,85.5,1.0
LAP04703,Acer,Linux,Office,53.4,26.5,32,14.3,60,91,97,12,1,1,44.9,21,92.8,2.27
LAP04704,ASUS,Windows,Browsing,67.9,13.2,16,12.5,144,100,31,56,1,0,40.5,36,90.9,5.08
LAP04705,Lenovo,Windows,Gaming,49.4,34.0,32,14.1,165,52,69,97,1,1,44.2,26,91.5,1.32
LAP04706,Lenovo,Windows,Coding,84.4,19.3,16,14.6,60,41,17,45,1,0,28.6,0,98.2,7.19
LAP04707,Acer,Linux,Browsing,56.9,26.8,16,14.6,90,69,44,19,1,0,35.1,4,100.0,4.25
LAP04708,HP,Windows,Coding,62.7,22.5,32,17.3,120,46,36,81,1,0,48.0,10,97.8,3.21
LAP04709,HP,Windows,Coding,78.3,8.0,8,15.8,144,67,71,58,1,1,45.4,32,86.4,3.83
LAP04710,Apple,Windows,Gaming,56.9,33.1,4,16.3,60,85,18,35,1,1,33.7,15,95.3,2.74
LAP04711,Apple,macOS,Coding,78.0,34.2,16,15.0,90,32,62,0,1,0,36.1,39,87.8,3.39
LAP04712,Dell,Windows,Office,63.7,19.1,8,14.0,144,21,96,89,1,1,52.4,29,91.6,2.82
LAP04713,Acer,Windows,Coding,63.8,32.7,16,17.3,60,65,50,2,1,1,32.7,27,95.0,3.46
LAP04714,ASUS,Windows,Coding,41.7,14.5,8,14.9,75,90,94,43,1,1,46.7,28,97.4,2.25
LAP04715,MSI,Linux,Browsing,71.6,14.8,16,15.9,75,30,89,54,1,0,40.7,15,94.6,5.06
LAP04716,Acer,Windows,Coding,45.9,27.9,32,13.7,144,45,79,59,1,0,47.6,0,100.0,2.12
LAP04717,Dell,Linux,Video,52.2,16.6,4,13.4,144,82,95,2,1,0,41.3,7,98.5,2.58
LAP04718,Apple,Windows,Browsing,73.9,23.4,8,17.1,60,68,63,84,1,1,47.2,3,97.9,4.66
LAP04719,Acer,Windows,Coding,49.5,13.7,8,15.6,60,82,69,62,1,1,41.9,50,86.7,2.87
LAP04720,Acer,Windows,Office,60.2,9.6,16,14.7,120,40,37,81,1,0,46.9,35,92.3,4.32
LAP04721,Apple,Linux,Office,54.2,27.5,8,14.7,144,68,50,30,1,1,39.2,60,82.4,1.97
LAP04722,Dell,Windows,Office,54.7,27.6,16,13.6,60,98,86,99,1,1,50.0,17,96.4,2.4
LAP04723,Apple,Linux,Office,52.8,25.2,8,14.2,60,99,58,60,1,1,45.2,18,92.6,2.92
LAP04724,HP,Windows,Video,39.5,21.5,8,15.6,144,28,70,48,1,1,47.5,35,90.3,1.51
LAP04725,ASUS,macOS,Office,63.2,16.6,8,15.1,60,40,8,43,1,1,33.7,8,97.5,6.15
LAP04726,Apple,Windows,Video,64.5,12.0,16,16.1,60,72,58,51,1,1,41.5,25,90.1,4.11
LAP04727,Dell,Windows,Browsing,46.3,11.6,8,11.6,120,74,8,30,1,1,34.5,1,100.0,4.66
LAP04728,Lenovo,Windows,Gaming,48.4,17.8,16,15.2,144,60,21,71,1,0,41.9,2,100.0,2.08
LAP04729,HP,Windows,Coding,68.7,37.3,8,16.1,120,25,84,88,1,0,49.8,27,96.0,2.34
LAP04730,Lenovo,Windows,Video,51.0,27.8,8,11.9,60,20,77,48,1,1,37.7,44,87.1,2.03
LAP04731,MSI,Windows,Office,56.4,29.3,8,13.6,240,83,94,45,1,1,40.7,59,83.0,1.69
LAP04732,Apple,Windows,Office,41.8,9.9,16,13.0,60,24,78,53,1,1,45.8,19,94.2,3.43
LAP04733,HP,Windows,Browsing,54.0,27.2,16,16.8,75,45,75,83,1,1,50.7,18,93.0,3.25
LAP04734,ASUS,Windows,Gaming,41.9,29.0,32,15.1,75,20,77,10,1,0,38.6,18,95.2,1.33
LAP04735,Apple,Windows,Office,45.9,44.0,8,15.2,60,20,59,64,1,1,44.0,40,83.0,1.71
LAP04736,ASUS,Windows,Coding,43.5,24.8,4,16.6,90,57,52,84,1,1,41.5,36,88.3,1.95
LAP04737,Acer,Windows,Video,67.9,20.3,8,14.8,60,60,95,16,1,1,43.1,14,96.6,3.14
LAP04738,Lenovo,Windows,Office,35.1,15.8,8,14.1,60,47,100,27,1,1,41.9,58,87.6,2.22
LAP04739,HP,Windows,Video,59.0,25.7,8,15.2,60,24,53,81,1,1,41.2,40,90.6,2.87
LAP04740,ASUS,Linux,Coding,51.7,22.7,8,15.6,144,40,27,92,1,1,40.2,5,95.5,2.58
LAP04741,Dell,macOS,Video,75.9,38.5,16,13.4,165,82,31,73,1,1,40.3,41,85.0,2.48
LAP04742,ASUS,Windows,Office,66.7,35.8,16,17.2,60,31,29,8,1,1,38.6,55,81.7,3.67
LAP04743,Dell,Windows,Office,36.4,13.1,16,12.3,240,25,97,33,1,1,41.8,0,100.0,1.93
LAP04744,Apple,Windows,Browsing,46.6,24.7,8,15.5,165,48,28,19,1,1,39.3,12,96.4,2.96
LAP04745,HP,Windows,Video,54.8,54.4,16,17.3,60,80,84,94,1,0,49.7,55,83.4,1.19
LAP04746,ASUS,Windows,Coding,46.6,8.0,16,15.2,165,54,84,2,1,0,38.3,48,83.1,2.47
LAP04747,MSI,Windows,Office,68.6,22.8,8,12.1,90,94,96,0,1,1,39.5,45,86.8,3.44
LAP04748,ASUS,Windows,Gaming,57.5,34.0,16,17.1,144,71,24,59,1,1,34.0,56,85.5,1.63
LAP04749,MSI,Windows,Browsing,52.1,22.1,32,14.3,165,52,57,96,1,1,42.1,2,100.0,2.76
LAP04750,HP,Windows,Gaming,69.7,21.1,32,16.1,144,44,87,49,1,1,39.8,44,86.2,1.82
LAP04751,ASUS,Windows,Gaming,37.3,19.4,16,15.6,60,33,78,7,1,1,39.9,56,89.3,1.69
LAP04752,Dell,Windows,Gaming,51.0,12.2,16,15.0,120,72,30,17,1,0,33.7,7,97.9,2.83
LAP04753,ASUS,Windows,Video,58.7,23.0,16,12.1,75,80,64,29,1,1,37.8,22,90.8,2.87
LAP04754,Lenovo,Windows,Office,52.9,37.3,8,15.6,60,32,6,96,1,1,42.0,27,91.2,3.18
LAP04755,Apple,Linux,Browsing,30.0,9.7,16,16.0,60,34,7,21,0,0,33.0,32,89.7,4.47
LAP04756,Acer,Linux,Video,60.1,28.2,16,12.8,60,74,60,80,1,1,44.5,54,87.6,2.35
LAP04757,Dell,Windows,Office,62.5,37.9,32,17.3,144,72,70,8,1,1,42.1,33,94.1,2.38
LAP04758,Lenovo,Windows,Browsing,39.8,24.8,8,14.5,144,91,29,21,1,1,31.7,33,91.5,2.62
LAP04759,MSI,Windows,Video,30.0,19.9,4,17.3,165,66,72,9,1,1,38.8,24,95.4,1.11
LAP04760,Apple,Windows,Office,44.8,33.1,16,15.9,60,64,19,96,1,1,43.2,40,89.4,2.53
LAP04761,HP,Windows,Gaming,51.9,14.2,16,15.0,120,94,86,66,1,1,41.3,59,81.8,1.72
LAP04762,Dell,Windows,Video,53.3,30.1,4,15.1,120,83,11,80,1,1,38.7,0,98.9,3.13
LAP04763,Acer,Windows,Video,30.0,23.0,16,16.4,60,34,95,8,1,1,46.5,42,89.1,1.29
LAP04764,Apple,Windows,Video,58.0,25.8,8,17.1,60,40,86,46,1,1,38.5,6,98.9,2.75
LAP04765,MSI,macOS,Gaming,70.4,45.1,16,13.6,60,55,75,39,1,1,46.6,52,86.6,1.87
LAP04766,Acer,Linux,Video,69.4,38.9,16,14.2,240,89,97,35,1,1,46.8,37,88.5,1.59
LAP04767,HP,Windows,Coding,73.3,42.8,8,17.3,165,44,45,18,1,1,37.4,27,86.0,2.24
LAP04768,HP,Windows,Office,36.8,15.2,8,13.8,144,63,64,97,1,1,48.9,16,97.2,2.2
LAP04769,MSI,Windows,Gaming,68.2,12.7,8,15.0,75,20,48,1,0,1,37.0,37,91.6,4.0
LAP04770,Dell,Linux,Video,41.0,30.6,16,14.0,60,61,37,44,1,0,35.0,58,83.4,2.06
LAP04771,MSI,Windows,Office,66.8,28.9,8,16.0,165,78,70,90,1,0,44.3,47,89.4,2.53
LAP04772,ASUS,macOS,Browsing,43.9,8.0,16,11.6,60,52,86,82,1,1,46.6,29,90.5,3.24
LAP04773,HP,Windows,Coding,60.3,29.1,4,16.0,75,51,27,32,1,1,37.6,0,94.3,3.47
LAP04774,Apple,Linux,Browsing,78.0,49.6,8,16.6,60,85,68,63,1,0,41.0,27,87.3,3.09
LAP04775,ASUS,Windows,Gaming,69.0,47.8,16,15.9,240,44,10,25,1,0,33.7,35,91.3,1.97
LAP04776,Lenovo,Linux,Gaming,41.2,16.6,4,13.8,60,59,67,33,1,1,40.8,17,97.6,2.18
LAP04777,Acer,Linux,Browsing,37.9,33.5,8,11.6,60,77,47,62,1,1,41.1,1,97.2,2.28
LAP04778,ASUS,Windows,Coding,66.6,14.3,8,14.1,144,94,29,27,1,1,37.8,32,89.1,3.45
LAP04779,Acer,Windows,Browsing,74.8,23.8,4,15.9,60,83,87,79,1,1,45.4,6,97.1,4.26
LAP04780,MSI,Linux,Video,61.4,15.2,16,15.0,240,38,12,85,1,0,35.4,47,87.2,2.44
LAP04781,ASUS,Windows,Office,47.3,11.0,16,16.2,60,47,41,91,1,1,41.7,44,86.3,3.33
LAP04782,MSI,Windows,Coding,55.6,35.6,8,14.7,165,93,94,77,0,1,42.7,58,84.3,1.62
LAP04783,Lenovo,Windows,Office,61.5,28.4,16,14.6,120,99,97,5,1,0,43.6,49,84.6,2.22
LAP04784,HP,Windows,Browsing,53.7,30.3,64,17.2,120,61,63,10,1,1,39.8,38,88.5,2.67
LAP04785,Lenovo,Windows,Office,41.2,32.6,32,14.0,165,69,32,45,1,1,38.0,17,95.5,2.05
LAP04786,HP,Windows,Browsing,71.0,27.4,4,15.9,75,95,57,19,1,1,34.5,6,96.3,4.06
LAP04787,MSI,Windows,Coding,83.2,12.5,8,16.1,60,67,75,35,1,1,38.9,60,86.2,4.64
LAP04788,HP,Windows,Browsing,76.4,27.5,16,17.3,60,76,59,15,1,0,43.2,3,97.1,5.13
LAP04789,Acer,Windows,Coding,30.0,22.4,8,17.3,60,28,40,69,1,1,39.6,56,82.0,1.75
LAP04790,Apple,Windows,Gaming,72.3,22.7,8,15.8,144,49,66,71,1,1,45.8,16,97.6,2.54
LAP04791,Lenovo,Windows,Video,63.7,13.7,8,16.0,60,37,19,44,1,1,43.7,18,97.2,4.36
LAP04792,ASUS,Windows,Gaming,45.1,8.0,4,16.8,60,64,58,99,1,1,44.0,4,100.0,2.08
LAP04793,Lenovo,Windows,Gaming,30.0,18.2,16,14.1,60,97,65,47,1,1,43.1,38,87.2,1.29
LAP04794,Acer,Linux,Browsing,53.3,31.5,16,17.3,120,85,58,3,1,1,37.0,54,84.7,2.47
LAP04795,HP,Windows,Browsing,60.5,24.2,4,15.0,60,30,73,47,1,1,44.5,37,92.2,4.06
LAP04796,Acer,Windows,Coding,38.4,46.4,16,16.0,144,91,33,97,1,0,43.3,36,87.4,1.22
LAP04797,Dell,Windows,Gaming,73.5,24.2,16,15.5,60,86,85,83,1,1,48.4,12,97.7,2.65
LAP04798,Dell,macOS,Gaming,73.1,27.3,16,13.9,144,34,31,87,1,1,45.2,11,98.7,2.98
LAP04799,ASUS,Windows,Browsing,62.0,25.2,64,14.5,144,59,85,66,1,1,43.3,36,86.9,2.69
LAP04800,Acer,Windows,Office,34.4,12.2,64,13.9,60,32,72,27,1,1,41.4,3,100.0,2.9
LAP04801,MSI,Windows,Browsing,51.1,24.7,16,15.3,144,99,16,29,1,1,34.1,24,93.5,3.38
LAP04802,ASUS,Windows,Video,65.9,12.2,32,12.9,120,52,27,28,1,1,32.4,30,92.4,4.32
LAP04803,MSI,Windows,Coding,64.9,24.2,8,13.6,144,21,54,20,0,1,38.6,39,89.7,3.24
LAP04804,ASUS,Windows,Browsing,44.5,8.0,16,14.4,75,53,79,41,1,0,46.2,14,97.8,4.64
LAP04805,Dell,Windows,Office,46.7,24.2,16,14.8,60,35,80,90,1,1,42.4,27,90.1,2.26
LAP04806,ASUS,Linux,Coding,44.1,26.8,16,17.0,165,33,77,49,1,0,46.2,56,84.7,1.36
LAP04807,Dell,Windows,Video,50.8,27.6,8,16.4,144,65,92,88,1,1,49.3,54,85.9,1.61
LAP04808,HP,Windows,Browsing,47.7,8.0,4,14.8,60,69,86,2,1,1,43.2,10,97.4,4.77
LAP04809,MSI,Windows,Gaming,45.0,30.8,8,17.3,165,24,31,64,1,1,38.9,28,93.8,1.41
LAP04810,Acer,Windows,Coding,52.9,32.9,16,15.5,165,62,63,22,1,1,48.3,58,82.2,1.71
LAP04811,ASUS,macOS,Video,55.6,13.5,64,15.9,60,37,13,4,1,1,33.2,4,99.5,4.95
LAP04812,Dell,Linux,Video,71.3,36.8,8,12.4,60,67,37,94,1,1,42.6,42,85.5,2.77
LAP04813,Lenovo,Linux,Browsing,30.0,27.3,32,13.7,90,83,74,24,1,1,41.1,41,83.3,1.49
LAP04814,MSI,macOS,Browsing,73.3,24.3,4,16.5,165,45,55,34,1,1,37.0,1,100.0,4.14
LAP04815,ASUS,Windows,Video,43.8,31.8,32,15.9,60,93,44,64,1,0,39.6,19,99.9,2.12
LAP04816,Apple,Windows,Browsing,82.9,44.5,32,17.3,90,89,10,78,1,1,36.1,21,94.5,4.34
LAP04817,HP,Windows,Video,65.1,23.3,4,17.3,144,33,8,38,1,1,35.8,39,91.1,3.57
LAP04818,HP,Windows,Video,63.2,19.1,8,14.3,60,85,7,87,1,1,40.7,26,95.0,4.09
LAP04819,Lenovo,Linux,Video,53.4,50.0,4,16.6,75,80,17,97,1,1,43.1,20,96.0,2.3
LAP04820,Dell,Windows,Office,85.9,22.9,64,13.6,60,92,30,17,1,1,33.9,56,83.5,5.22
LAP04821,ASUS,Windows,Office,54.5,29.4,8,12.8,90,96,38,24,1,0,32.5,19,99.8,3.4
LAP04822,MSI,macOS,Coding,77.7,22.9,16,15.4,60,40,81,99,1,0,49.9,31,88.7,3.37
LAP04823,Dell,Windows,Browsing,46.4,8.0,8,16.1,60,74,57,0,1,1,34.3,53,81.8,4.65
LAP04824,HP,Linux,Video,65.7,21.3,32,15.5,144,21,51,61,1,1,44.6,35,92.5,2.72
LAP04825,Dell,Windows,Video,83.5,38.3,8,16.3,60,22,12,8,0,0,33.7,53,87.2,5.4
LAP04826,HP,Windows,Office,42.3,15.3,8,14.2,120,32,80,40,1,1,44.6,57,84.0,2.17
LAP04827,Dell,Windows,Video,62.4,40.8,8,16.4,144,40,12,94,1,1,37.0,47,87.5,2.28
LAP04828,Lenovo,Windows,Browsing,44.4,34.2,16,14.3,60,52,23,21,1,1,33.5,45,87.5,3.11
LAP04829,Acer,Windows,Office,61.4,12.9,4,17.3,60,39,78,65,0,1,43.2,2,99.5,5.19
LAP04830,Lenovo,Windows,Gaming,83.4,10.5,16,16.2,60,37,36,44,1,1,41.2,58,85.6,4.17
LAP04831,Lenovo,Linux,Gaming,41.0,10.2,4,17.2,60,57,25,51,1,1,34.2,7,98.3,2.42
LAP04832,Acer,Windows,Coding,57.3,20.1,16,13.3,144,44,68,19,1,0,42.5,29,93.9,2.57
LAP04833,Acer,Linux,Gaming,42.5,11.9,16,14.4,144,57,27,86,1,1,42.8,3,97.8,1.84
LAP04834,ASUS,Windows,Coding,53.1,39.6,8,14.9,144,34,95,11,1,1,41.8,6,99.7,1.64
LAP04835,MSI,Linux,Office,64.3,10.8,8,13.4,144,100,93,73,1,0,52.4,57,87.5,3.1
LAP04836,MSI,Windows,Office,50.5,14.3,16,17.3,60,48,75,63,1,1,45.7,23,97.3,3.35
LAP04837,ASUS,Windows,Gaming,78.6,43.2,4,15.1,60,83,46,31,1,0,31.7,8,97.7,2.42
LAP04838,Lenovo,Windows,Browsing,62.3,21.8,8,12.9,60,51,39,61,0,1,40.7,33,90.9,4.8
LAP04839,Lenovo,Windows,Coding,35.1,30.1,16,14.3,60,91,6,4,1,1,28.1,34,92.3,2.73
LAP04840,HP,Linux,Coding,59.8,30.6,8,13.4,75,62,96,43,1,1,43.8,8,95.6,2.41
LAP04841,HP,Windows,Video,76.9,8.0,16,16.0,60,32,75,28,0,1,44.5,54,81.0,5.35
LAP04842,MSI,Windows,Office,63.1,34.6,8,15.8,90,100,80,32,1,1,39.8,38,86.3,2.22
LAP04843,ASUS,Linux,Office,58.9,32.4,8,15.9,60,97,56,86,1,0,46.6,51,82.1,2.3
LAP04844,Apple,Windows,Browsing,50.5,32.8,16,16.4,90,44,21,99,1,1,40.4,14,93.7,2.98
LAP04845,Apple,Linux,Coding,53.5,16.9,8,17.3,60,68,90,12,1,1,41.1,48,84.8,2.72
LAP04846,ASUS,Windows,Video,55.2,28.4,8,17.3,60,27,13,49,1,1,31.8,11,95.0,3.59
LAP04847,HP,Windows,Coding,30.0,22.9,16,14.4,60,47,56,1,1,1,33.6,55,82.9,1.71
LAP04848,MSI,Windows,Video,62.0,26.1,8,17.3,60,30,7,74,1,0,39.6,57,83.8,3.7
LAP04849,MSI,macOS,Browsing,70.0,15.7,16,14.7,60,74,26,27,0,1,33.8,56,83.5,6.2
LAP04850,HP,Windows,Gaming,43.8,22.7,32,15.1,60,29,58,88,1,0,43.1,60,82.6,1.63
LAP04851,Apple,Windows,Coding,58.5,36.7,16,15.1,60,78,40,99,1,0,42.6,58,79.0,2.23
LAP04852,Dell,Windows,Browsing,60.3,8.0,4,15.9,60,84,43,17,0,0,37.9,3,99.0,7.51
LAP04853,Dell,Windows,Office,67.2,20.6,16,12.4,165,24,22,72,1,1,43.8,16,95.2,4.72
LAP04854,HP,Windows,Video,55.2,32.7,8,15.0,60,99,85,65,0,1,47.3,8,95.0,1.8
LAP04855,Dell,Windows,Gaming,63.1,11.9,8,15.4,165,39,31,99,1,1,49.8,30,90.7,2.42
LAP04856,Acer,Windows,Office,37.6,29.8,32,12.6,75,24,100,45,1,1,47.5,29,90.3,1.71
LAP04857,ASUS,Linux,Video,39.8,30.6,4,12.6,75,86,71,16,1,1,36.3,52,85.1,1.35
LAP04858,ASUS,Windows,Browsing,61.5,23.2,4,13.8,144,49,17,32,1,0,35.0,37,89.4,4.19
LAP04859,HP,Linux,Browsing,51.6,28.6,8,14.0,120,53,21,98,1,1,47.5,17,92.9,3.15
LAP04860,Lenovo,Windows,Coding,31.3,44.5,64,15.1,60,20,65,32,1,0,45.8,20,98.6,1.26
LAP04861,Apple,Windows,Coding,60.2,16.9,8,14.8,60,46,22,95,1,0,43.9,16,95.0,3.93
LAP04862,HP,Linux,Video,35.9,8.3,8,16.6,144,82,21,83,1,1,34.3,34,94.9,1.94
LAP04863,Dell,Linux,Office,95.5,19.9,16,14.5,60,53,60,29,1,1,44.0,16,99.7,7.12
LAP04864,Apple,Windows,Browsing,30.0,13.1,16,14.5,90,51,52,21,1,0,36.4,16,100.0,2.89
LAP04865,Lenovo,Windows,Office,55.8,29.6,16,16.4,165,90,20,52,1,1,37.4,24,91.9,2.58
LAP04866,Dell,Windows,Browsing,38.3,19.5,32,12.3,90,65,90,88,0,0,47.9,53,88.3,2.3
LAP04867,MSI,Windows,Browsing,68.7,32.4,8,17.3,60,87,29,45,0,1,36.3,12,98.3,4.87
LAP04868,Acer,Windows,Office,49.0,28.5,8,12.9,60,76,69,43,1,1,41.6,23,91.5,2.46
LAP04869,Dell,Windows,Office,70.2,16.8,8,16.4,60,41,31,74,1,1,38.6,14,97.0,6.19
LAP04870,Acer,Windows,Office,66.5,13.9,16,16.2,120,48,18,33,1,0,28.9,20,95.8,5.09
LAP04871,Apple,Windows,Coding,39.0,8.3,8,17.2,90,64,96,27,1,1,40.0,59,80.6,1.99
LAP04872,Acer,macOS,Browsing,44.1,37.6,16,14.0,75,64,54,34,1,1,41.1,11,95.9,2.48
LAP04873,Apple,Linux,Browsing,49.8,31.3,64,15.1,60,86,100,67,1,0,51.4,13,97.4,2.2
LAP04874,Apple,Windows,Coding,54.0,20.1,4,13.4,60,40,33,8,1,1,35.1,46,86.3,3.45
LAP04875,Apple,Windows,Browsing,52.1,32.3,64,14.9,165,40,85,21,1,1,44.1,45,90.3,2.03
LAP04876,Apple,Windows,Coding,65.9,11.7,8,14.9,60,79,32,60,1,1,37.9,27,94.0,4.79
LAP04877,Apple,Linux,Browsing,58.5,14.5,8,17.2,60,100,25,88,1,0,39.3,24,89.6,4.97
LAP04878,Dell,Windows,Office,45.8,13.3,16,15.8,60,48,28,84,1,0,38.4,27,95.8,3.98
LAP04879,Apple,Windows,Browsing,41.3,28.3,16,15.0,60,52,50,24,1,1,33.5,30,93.3,2.88
LAP04880,Dell,Windows,Browsing,42.8,17.7,16,14.9,165,58,64,80,1,1,45.6,35,91.2,2.16
LAP04881,Apple,Windows,Coding,59.9,8.0,16,14.4,60,81,24,78,1,1,38.5,15,97.4,4.76
LAP04882,Acer,Windows,Gaming,52.1,26.1,32,14.7,90,90,56,40,1,1,43.2,57,83.2,1.75
LAP04883,MSI,Linux,Browsing,86.2,31.9,16,15.1,60,64,26,6,1,1,35.3,39,88.7,6.05
LAP04884,Apple,Windows,Office,55.0,23.4,8,17.3,120,77,72,58,1,1,44.9,53,83.8,2.24
LAP04885,Lenovo,Windows,Video,57.8,38.7,32,15.6,144,92,20,95,1,0,40.0,60,81.6,1.99
LAP04886,Apple,Windows,Office,30.0,34.6,32,13.6,60,20,25,71,1,0,34.7,59,82.1,1.68
LAP04887,Apple,Windows,Video,34.9,38.4,8,17.3,60,30,48,66,1,1,37.8,28,88.7,1.34
LAP04888,Acer,Windows,Browsing,38.2,34.4,16,16.4,60,51,66,32,1,1,39.4,10,94.8,2.29
LAP04889,ASUS,Windows,Gaming,47.0,27.8,16,16.4,60,93,25,99,1,1,43.9,25,93.6,1.95
LAP04890,Acer,Windows,Office,32.8,10.1,16,14.7,75,68,15,80,1,0,40.3,26,89.1,2.87
LAP04891,Lenovo,macOS,Office,37.7,20.8,4,16.1,165,95,64,64,1,1,50.5,29,93.4,1.76
LAP04892,ASUS,macOS,Gaming,65.0,18.9,16,15.4,60,49,41,99,1,0,39.4,52,86.5,2.6
LAP04893,HP,Windows,Coding,42.1,14.3,64,13.1,144,79,48,59,1,1,43.2,36,89.7,2.07
LAP04894,HP,Linux,Coding,54.4,18.1,8,15.6,60,29,26,80,1,1,36.6,2,97.4,3.7
LAP04895,Lenovo,macOS,Video,63.9,8.0,16,13.2,60,95,88,57,1,1,48.0,51,85.0,3.53
LAP04896,Acer,Windows,Coding,69.2,35.6,16,15.4,120,40,70,43,1,1,42.5,9,97.9,2.66
LAP04897,Dell,Windows,Browsing,59.4,12.3,8,15.5,165,25,47,47,1,1,34.8,31,91.7,4.08
LAP04898,Lenovo,Windows,Coding,60.3,34.8,4,13.7,60,57,79,36,1,1,42.0,4,96.0,2.68
LAP04899,MSI,Windows,Browsing,69.7,40.9,16,15.2,60,77,25,24,1,0,39.1,8,97.9,5.03
LAP04900,ASUS,Linux,Video,61.2,15.8,8,15.8,120,27,37,24,0,1,36.4,25,91.2,3.48
LAP04901,ASUS,Windows,Gaming,70.5,18.3,8,14.3,144,89,21,56,1,1,38.2,34,96.1,2.69
LAP04902,Apple,Windows,Office,30.0,31.0,16,15.6,144,82,40,12,1,0,38.1,4,100.0,1.62
LAP04903,HP,Windows,Office,53.7,19.8,16,16.8,60,53,18,76,1,1,36.8,15,92.6,4.0
LAP04904,ASUS,Windows,Browsing,55.8,15.4,8,16.2,144,68,41,11,1,0,40.5,12,100.0,4.26
LAP04905,Lenovo,Windows,Browsing,53.2,30.3,16,14.6,60,59,35,95,1,1,42.9,29,96.5,4.03
LAP04906,ASUS,Windows,Gaming,56.8,16.1,16,17.0,90,48,8,98,0,1,42.6,10,97.2,3.36
LAP04907,Lenovo,Windows,Browsing,48.9,50.7,8,16.1,60,28,10,91,1,1,39.6,56,82.1,2.92
LAP04908,Dell,Linux,Office,66.8,31.7,16,14.8,60,40,54,62,1,1,41.7,29,97.4,3.49
LAP04909,Apple,Linux,Video,47.0,33.0,16,14.1,165,51,89,61,1,1,43.6,48,86.7,1.25
LAP04910,HP,Linux,Gaming,51.7,23.9,8,15.9,90,91,81,83,1,1,48.8,20,92.5,1.64
LAP04911,ASUS,Linux,Coding,76.7,47.4,32,16.5,60,74,42,27,1,1,36.0,3,100.0,3.26
LAP04912,Lenovo,Linux,Coding,74.6,16.1,16,16.6,144,62,83,54,1,0,43.1,16,96.2,3.61
LAP04913,Acer,Windows,Coding,57.4,34.1,8,15.9,120,29,9,94,1,1,32.0,32,89.1,2.88
LAP04914,HP,Windows,Gaming,45.4,8.9,8,14.5,60,68,42,87,1,1,39.3,54,84.4,2.17
LAP04915,Dell,Windows,Coding,30.5,52.5,16,15.8,75,32,28,74,1,1,37.1,59,83.7,1.23
LAP04916,Lenovo,Windows,Coding,53.0,34.8,4,13.8,60,60,22,41,0,1,35.7,30,93.6,3.35
LAP04917,MSI,Windows,Browsing,62.6,13.7,4,15.4,60,98,97,60,1,1,48.2,5,100.0,4.17
LAP04918,MSI,Linux,Browsing,44.2,31.3,4,17.3,240,50,36,79,1,1,38.9,32,90.3,1.8
LAP04919,Apple,Windows,Coding,55.1,37.8,16,13.6,90,51,75,37,1,1,40.2,51,86.5,1.93
LAP04920,Apple,Windows,Gaming,49.8,14.3,8,14.2,165,64,98,80,1,1,52.4,38,91.7,1.73
LAP04921,Dell,Windows,Gaming,30.0,19.5,32,16.3,90,32,94,4,0,1,44.3,42,91.2,1.17
LAP04922,Dell,Windows,Gaming,56.8,13.1,16,13.8,120,44,76,83,1,1,45.0,53,90.7,2.38
LAP04923,Apple,macOS,Coding,61.5,30.7,16,17.1,60,87,93,47,1,1,43.4,41,90.3,2.29
LAP04924,ASUS,Windows,Video,57.4,27.2,16,16.4,75,34,34,34,1,1,33.5,49,86.3,2.56
LAP04925,ASUS,Windows,Video,79.2,25.4,16,16.4,120,83,92,47,1,1,46.1,26,89.6,2.39
LAP04926,Lenovo,Windows,Coding,50.2,15.3,16,16.6,60,79,34,13,1,0,39.6,24,91.1,3.97
LAP04927,Acer,Linux,Office,49.0,22.5,16,13.2,120,27,9,53,1,0,33.9,41,89.5,3.74
LAP04928,Lenovo,Windows,Office,87.5,16.4,8,13.5,60,93,8,25,1,1,33.3,18,96.2,8.42
LAP04929,Acer,Windows,Gaming,36.3,30.8,16,16.8,144,36,55,42,1,0,41.2,1,100.0,1.32
LAP04930,Dell,Linux,Office,45.7,12.4,32,14.6,240,24,13,41,1,1,32.8,0,100.0,2.94
LAP04931,HP,Windows,Gaming,60.4,15.4,16,14.9,120,32,59,87,0,1,40.7,13,99.6,2.88
LAP04932,Lenovo,Windows,Browsing,71.9,34.8,8,16.0,60,40,37,94,1,1,38.2,43,89.1,3.92
LAP04933,Lenovo,Windows,Video,69.0,19.7,8,15.2,90,63,97,17,1,1,46.7,14,96.6,3.43
LAP04934,Acer,Linux,Coding,39.4,46.1,16,16.5,144,95,35,54,1,0,37.6,50,87.0,1.38
LAP04935,Dell,Windows,Video,79.4,27.4,8,15.8,165,72,87,49,1,1,47.7,21,97.0,2.55
LAP04936,Dell,Windows,Office,62.0,8.0,32,14.7,60,47,58,85,1,0,44.3,57,85.3,4.62
LAP04937,MSI,Windows,Gaming,42.7,9.1,16,14.9,144,85,65,20,1,0,45.2,16,97.9,2.1
LAP04938,Acer,Windows,Coding,44.0,17.9,4,15.4,60,40,70,33,1,1,37.2,49,83.2,2.12
LAP04939,Dell,Windows,Office,56.1,33.9,8,15.5,144,76,24,88,1,1,42.9,40,86.9,2.61
LAP04940,Apple,Windows,Coding,87.3,32.7,8,16.1,144,74,80,39,0,0,41.8,31,91.8,2.92
LAP04941,ASUS,Windows,Office,58.2,19.2,8,15.2,144,21,89,29,1,1,38.5,32,88.1,2.8
LAP04942,MSI,Windows,Office,87.1,39.8,32,14.9,120,84,65,69,1,1,41.7,0,99.0,3.39
LAP04943,Apple,Windows,Office,68.2,28.9,32,14.7,75,96,99,24,1,1,35.6,40,88.4,2.74
LAP04944,HP,Windows,Gaming,36.1,21.2,64,14.4,144,22,40,68,1,1,34.9,18,94.8,1.36
LAP04945,Lenovo,Windows,Coding,76.1,39.1,16,17.2,75,78,88,28,1,1,44.8,37,93.5,2.52
LAP04946,MSI,Windows,Coding,40.8,15.3,16,13.8,60,82,24,85,1,1,39.5,59,82.4,2.78
LAP04947,HP,Windows,Office,45.8,31.7,32,13.2,165,24,49,66,1,1,42.9,50,83.7,2.04
LAP04948,Lenovo,macOS,Office,59.1,32.9,32,16.2,60,85,50,56,1,0,41.5,49,84.9,2.88
LAP04949,ASUS,Windows,Gaming,54.6,32.4,32,15.7,120,37,22,46,1,1,36.2,58,83.5,1.91
LAP04950,Dell,Windows,Coding,68.4,23.1,32,17.3,60,28,74,93,1,1,49.2,34,89.6,3.3
LAP04951,Apple,Windows,Gaming,62.5,35.5,16,14.9,60,41,78,87,1,1,42.1,57,82.6,1.72
LAP04952,Acer,Windows,Browsing,53.2,47.1,4,15.0,90,47,22,16,1,0,36.8,3,97.0,3.27
LAP04953,Apple,Linux,Browsing,80.5,23.1,8,13.8,90,79,68,48,1,1,41.4,10,96.0,4.99
LAP04954,ASUS,Windows,Gaming,47.9,25.8,16,15.1,60,31,38,49,0,1,38.7,48,83.1,1.86
LAP04955,HP,Windows,Coding,40.0,36.1,16,12.6,60,56,83,83,1,1,50.9,2,100.0,1.69
LAP04956,Acer,Windows,Browsing,61.9,21.8,16,12.4,60,61,7,89,1,1,33.7,54,85.5,5.73
LAP04957,Dell,Windows,Office,54.7,21.5,16,14.2,144,73,76,4,1,0,41.2,1,97.7,2.97
LAP04958,ASUS,Windows,Video,58.7,11.1,16,15.1,60,61,15,12,1,1,29.6,54,83.5,3.78
LAP04959,Acer,Windows,Office,66.1,8.0,4,14.2,165,86,50,62,1,1,45.2,35,89.2,4.05
LAP04960,ASUS,Linux,Coding,52.2,11.4,8,14.2,60,75,100,38,1,1,50.5,22,90.9,3.05
LAP04961,ASUS,Linux,Office,82.9,35.4,8,12.9,165,65,46,67,1,0,43.0,10,100.0,3.77
LAP04962,Dell,Windows,Office,59.0,12.7,8,15.9,120,24,21,44,1,1,39.0,34,89.4,4.31
LAP04963,MSI,Windows,Gaming,48.2,30.8,16,14.0,60,75,51,16,1,1,31.2,54,86.2,1.79
LAP04964,Lenovo,Linux,Browsing,63.8,42.8,4,17.3,60,42,34,58,1,1,36.8,57,82.3,3.14
LAP04965,Acer,Windows,Coding,53.7,26.9,4,14.9,144,81,47,98,0,1,43.5,28,93.5,2.24
LAP04966,Dell,Windows,Video,56.7,14.4,16,13.5,165,32,12,94,1,1,40.0,60,80.9,2.58
LAP04967,ASUS,Linux,Browsing,38.4,23.4,16,11.8,240,78,44,79,1,1,40.2,6,95.3,1.96
LAP04968,Dell,Windows,Office,40.1,29.6,4,13.3,60,47,75,97,1,0,45.3,18,96.7,1.87
LAP04969,MSI,Windows,Coding,70.9,29.6,32,14.9,60,100,24,58,1,1,35.2,5,100.0,4.27
LAP04970,Lenovo,Windows,Office,36.5,26.4,8,11.7,60,25,80,95,1,1,47.3,24,92.4,1.87
LAP04971,Apple,Windows,Office,53.2,32.6,8,13.9,60,80,89,96,1,0,45.7,15,92.7,2.17
LAP04972,Acer,macOS,Office,59.9,37.0,16,14.3,60,80,32,7,0,1,28.6,58,80.0,2.99
LAP04973,Lenovo,Windows,Coding,76.2,19.2,32,14.0,75,64,32,29,1,1,28.0,22,89.5,5.21
LAP04974,HP,macOS,Coding,47.8,41.9,16,14.2,90,31,63,2,1,1,39.2,52,87.8,1.47
LAP04975,Acer,Windows,Coding,66.4,29.0,16,14.3,120,54,66,16,1,1,39.5,10,98.0,2.94
LAP04976,Lenovo,Windows,Browsing,53.2,8.0,16,13.9,60,81,84,50,1,1,44.0,32,92.8,4.61
LAP04977,ASUS,Windows,Coding,30.0,22.7,16,17.1,60,24,78,23,1,1,44.1,7,98.4,1.67
LAP04978,Acer,Windows,Gaming,55.7,22.9,4,14.1,60,85,58,79,0,1,38.6,35,89.7,2.34
LAP04979,Acer,Windows,Coding,54.0,38.0,16,11.6,165,94,90,63,1,0,45.4,58,81.5,1.55
LAP04980,Dell,Windows,Video,61.4,18.0,32,12.7,165,87,11,83,1,0,42.2,49,84.8,2.73
LAP04981,ASUS,Linux,Coding,45.4,26.8,16,15.8,60,84,72,73,1,1,43.3,24,90.2,2.03
LAP04982,HP,macOS,Gaming,47.0,8.0,32,15.6,75,99,28,87,1,1,39.7,34,91.4,2.5
LAP04983,Apple,Windows,Gaming,73.0,15.0,16,14.3,60,85,45,70,0,0,43.9,12,93.0,3.61
LAP04984,MSI,Windows,Browsing,50.0,34.6,8,13.0,75,60,58,48,1,1,40.0,5,98.7,3.24
LAP04985,Lenovo,Linux,Office,30.0,10.3,16,16.0,60,46,18,19,1,0,28.2,34,89.5,2.73
LAP04986,Dell,Windows,Office,62.4,36.6,16,12.8,75,95,48,76,1,0,41.4,45,83.5,2.79
LAP04987,Lenovo,Windows,Office,67.9,38.7,32,15.5,60,24,53,28,1,1,36.6,60,87.9,3.28
LAP04988,HP,macOS,Browsing,67.8,39.9,64,14.4,120,24,67,9,1,1,35.0,38,89.2,3.06
LAP04989,HP,Windows,Video,45.8,43.5,16,15.7,60,32,85,8,1,0,44.9,49,90.6,1.37
LAP04990,Acer,Windows,Browsing,55.0,34.3,64,14.3,90,99,49,70,1,1,42.1,3,100.0,3.28
LAP04991,MSI,Windows,Coding,63.0,30.1,8,17.0,90,28,76,62,1,1,47.0,44,87.5,2.15
LAP04992,HP,Windows,Coding,69.5,32.4,32,12.4,144,67,81,32,1,1,37.6,42,90.6,2.47
LAP04993,Lenovo,Windows,Browsing,62.5,25.9,8,15.8,60,51,11,23,1,1,32.2,41,87.4,5.16
LAP04994,ASUS,Windows,Gaming,66.6,20.5,8,14.5,75,55,7,79,1,0,39.9,15,95.6,3.6
LAP04995,ASUS,macOS,Video,44.0,34.2,16,14.0,165,34,92,31,1,1,44.9,56,86.1,1.23
LAP04996,Acer,Windows,Office,30.0,30.4,16,16.8,60,28,51,3,1,1,40.1,10,100.0,2.03
LAP04997,Apple,Windows,Office,70.8,35.6,32,13.6,60,35,92,61,1,1,44.6,23,90.7,2.73
LAP04998,Lenovo,Windows,Browsing,40.8,22.5,16,15.3,60,25,65,77,1,0,44.3,13,95.9,2.96
LAP04999,Lenovo,Linux,Video,52.4,23.6,32,15.2,144,91,75,92,1,0,46.9,39,91.2,1.83
LAP05000,HP,macOS,Browsing,67.1,27.5,4,13.3,60,52,34,21,1,0,36.6,7,100.0,5.46
